#ifndef PREVIEW_IMAGE_H
#define PREVIEW_IMAGE_H

#define PREVIEW_WIDTH  120
#define PREVIEW_HEIGHT 90

static const unsigned char preview_data[43200] = {
    0xff, 0xff, 0x01, 0x00, 0xff, 0xff, 0x01, 0x00, 0xff, 0xff, 0x01, 0x00, 0xff, 0xff, 0x01, 0x00,
    0xff, 0xff, 0x01, 0x00, 0xff, 0xff, 0x01, 0x00, 0xff, 0xff, 0x01, 0x00, 0xff, 0xff, 0x01, 0x00,
    0xff, 0xff, 0x01, 0x00, 0xff, 0xff, 0x01, 0x00, 0xff, 0xff, 0x01, 0x00, 0xff, 0xff, 0x01, 0x00,
    0xff, 0xff, 0x01, 0x00, 0xff, 0xff, 0x01, 0x00, 0xff, 0xff, 0x01, 0x00, 0xff, 0xff, 0x01, 0x00,
    0xff, 0xff, 0x01, 0x00, 0xff, 0xff, 0x01, 0x00, 0xff, 0xff, 0x01, 0x00, 0xff, 0xff, 0x01, 0x00,
    0xff, 0xff, 0x01, 0x00, 0xff, 0xff, 0x01, 0x00, 0xff, 0xff, 0x01, 0x00, 0xff, 0xff, 0x01, 0x00,
    0xff, 0xff, 0x01, 0x00, 0xff, 0xff, 0x01, 0x00, 0xff, 0xff, 0x01, 0x00, 0xff, 0xff, 0x01, 0x00,
    0xff, 0xff, 0x01, 0x00, 0xff, 0xff, 0x01, 0x00, 0xff, 0xff, 0x01, 0x00, 0xff, 0xff, 0x01, 0x00,
    0xff, 0xff, 0x01, 0x00, 0xff, 0xff, 0x01, 0x00, 0xff, 0xff, 0x01, 0x00, 0xff, 0xff, 0x01, 0x00,
    0xff, 0xff, 0x01, 0x00, 0xff, 0xff, 0x01, 0x00, 0xff, 0xff, 0x01, 0x00, 0xff, 0xff, 0x01, 0x00,
    0xff, 0xff, 0x01, 0x00, 0xff, 0xff, 0x01, 0x00, 0xff, 0xff, 0x01, 0x00, 0xff, 0xff, 0x01, 0x00,
    0xff, 0xff, 0x01, 0x00, 0xff, 0xff, 0x01, 0x00, 0xff, 0xff, 0x01, 0x00, 0xff, 0xff, 0x01, 0x00,
    0xff, 0xff, 0x01, 0x00, 0xff, 0xff, 0x01, 0x00, 0xff, 0xff, 0x01, 0x00, 0xff, 0xff, 0x01, 0x00,
    0xff, 0xff, 0x01, 0x00, 0xff, 0xff, 0x01, 0x00, 0xff, 0xff, 0x01, 0x00, 0xff, 0xff, 0x01, 0x00,
    0xff, 0xff, 0x01, 0x00, 0xff, 0xff, 0x01, 0x00, 0xff, 0xff, 0x01, 0x00, 0xff, 0xff, 0x01, 0x00,
    0xff, 0xff, 0x01, 0x00, 0xff, 0xff, 0x01, 0x00, 0xff, 0xff, 0x01, 0x00, 0xff, 0xff, 0x01, 0x00,
    0xff, 0xff, 0x01, 0x00, 0xff, 0xff, 0x01, 0x00, 0xff, 0xff, 0x01, 0x00, 0xff, 0xff, 0x01, 0x00,
    0xff, 0xff, 0x01, 0x00, 0xff, 0xff, 0x01, 0x00, 0xff, 0xff, 0x01, 0x00, 0xff, 0xff, 0x01, 0x00,
    0xff, 0xff, 0x01, 0x00, 0xff, 0xff, 0x01, 0x00, 0xff, 0xff, 0x01, 0x00, 0xff, 0xff, 0x01, 0x00,
    0xff, 0xff, 0x01, 0x00, 0xff, 0xff, 0x01, 0x00, 0xff, 0xff, 0x01, 0x00, 0xff, 0xff, 0x01, 0x00,
    0xff, 0xff, 0x01, 0x00, 0xff, 0xff, 0x01, 0x00, 0xff, 0xff, 0x01, 0x00, 0xff, 0xff, 0x01, 0x00,
    0xff, 0xff, 0x01, 0x00, 0xff, 0xff, 0x01, 0x00, 0xff, 0xff, 0x01, 0x00, 0xff, 0xff, 0x01, 0x00,
    0xff, 0xff, 0x01, 0x00, 0xff, 0xff, 0x01, 0x00, 0xff, 0xff, 0x01, 0x00, 0xff, 0xff, 0x01, 0x00,
    0xff, 0xff, 0x01, 0x00, 0xff, 0xff, 0x01, 0x00, 0xff, 0xff, 0x01, 0x00, 0xff, 0xff, 0x01, 0x00,
    0xff, 0xff, 0x01, 0x00, 0xff, 0xff, 0x01, 0x00, 0xff, 0xff, 0x01, 0x00, 0xff, 0xff, 0x01, 0x00,
    0xff, 0xff, 0x01, 0x00, 0xff, 0xff, 0x01, 0x00, 0xff, 0xff, 0x01, 0x00, 0xff, 0xff, 0x01, 0x00,
    0xff, 0xff, 0x01, 0x00, 0xff, 0xff, 0x01, 0x00, 0xff, 0xff, 0x01, 0x00, 0xff, 0xff, 0x01, 0x00,
    0xff, 0xff, 0x01, 0x00, 0xff, 0xff, 0x01, 0x00, 0xff, 0xff, 0x01, 0x00, 0xff, 0xff, 0x01, 0x00,
    0xff, 0xff, 0x01, 0x00, 0xff, 0xff, 0x01, 0x00, 0xff, 0xff, 0x01, 0x00, 0xff, 0xff, 0x01, 0x00,
    0xff, 0xff, 0x01, 0x00, 0xff, 0xff, 0x01, 0x00, 0xff, 0xff, 0x01, 0x00, 0xff, 0xff, 0x01, 0x00,
    0xff, 0xff, 0x01, 0x00, 0xff, 0xff, 0x01, 0x00, 0xff, 0xff, 0x01, 0x00, 0xff, 0xff, 0x01, 0x00,
    0xff, 0xff, 0x01, 0x00, 0xff, 0xff, 0x01, 0x00, 0xff, 0xff, 0x01, 0x00, 0xff, 0xff, 0x01, 0x00,
    0xff, 0xff, 0x01, 0x00, 0xff, 0xff, 0x01, 0x00, 0xff, 0xff, 0x01, 0x00, 0xff, 0xff, 0x01, 0x00,
    0xff, 0xff, 0x01, 0x00, 0xff, 0xff, 0x01, 0x00, 0xff, 0xff, 0x01, 0x00, 0xff, 0xff, 0x01, 0x00,
    0xff, 0xff, 0x01, 0x00, 0xff, 0xff, 0x01, 0x00, 0xff, 0xff, 0x01, 0x00, 0xff, 0xff, 0x01, 0x00,
    0xff, 0xff, 0x01, 0x00, 0xff, 0xff, 0x01, 0x00, 0xff, 0xff, 0x01, 0x00, 0xff, 0xff, 0x01, 0x00,
    0xff, 0xff, 0x01, 0x00, 0xff, 0xff, 0x01, 0x00, 0xff, 0xff, 0x01, 0x00, 0xff, 0xff, 0x01, 0x00,
    0xff, 0xff, 0x01, 0x00, 0xff, 0xff, 0x01, 0x00, 0xff, 0xff, 0x01, 0x00, 0xff, 0xff, 0x01, 0x00,
    0xff, 0xff, 0x01, 0x00, 0xff, 0xff, 0x01, 0x00, 0xff, 0xff, 0x01, 0x00, 0xff, 0xff, 0x01, 0x00,
    0xff, 0xff, 0x01, 0x00, 0xff, 0xff, 0x01, 0x00, 0xff, 0xff, 0x01, 0x00, 0xff, 0xff, 0x01, 0x00,
    0xff, 0xff, 0x01, 0x00, 0xff, 0xff, 0x01, 0x00, 0xff, 0xff, 0x01, 0x00, 0xff, 0xff, 0x01, 0x00,
    0xff, 0xff, 0x01, 0x00, 0xff, 0xff, 0x01, 0x00, 0xff, 0xff, 0x01, 0x00, 0xff, 0xff, 0x01, 0x00,
    0xff, 0xff, 0x01, 0x00, 0xff, 0xff, 0x01, 0x00, 0xff, 0xff, 0x01, 0x00, 0xff, 0xff, 0x01, 0x00,
    0xff, 0xff, 0x01, 0x00, 0xff, 0xff, 0x01, 0x00, 0xff, 0xff, 0x01, 0x00, 0xff, 0xff, 0x01, 0x00,
    0xff, 0xff, 0x01, 0x00, 0xff, 0xff, 0x01, 0x00, 0xff, 0xff, 0x01, 0x00, 0xff, 0xff, 0x01, 0x00,
    0xff, 0xff, 0x01, 0x00, 0xff, 0xff, 0x01, 0x00, 0xff, 0xff, 0x01, 0x00, 0xff, 0xff, 0x01, 0x00,
    0xff, 0xff, 0x01, 0x00, 0xff, 0xff, 0x01, 0x00, 0xff, 0xff, 0x01, 0x00, 0xff, 0xff, 0x01, 0x00,
    0xff, 0xff, 0x01, 0x00, 0xff, 0xff, 0x01, 0x00, 0xff, 0xff, 0x01, 0x00, 0xff, 0xff, 0x01, 0x00,
    0xff, 0xff, 0x01, 0x00, 0xff, 0xff, 0x01, 0x00, 0xff, 0xff, 0x01, 0x00, 0xff, 0xff, 0x01, 0x00,
    0xff, 0xff, 0x01, 0x00, 0xff, 0xff, 0x01, 0x00, 0xff, 0xff, 0x01, 0x00, 0xff, 0xff, 0x01, 0x00,
    0xff, 0xff, 0x01, 0x00, 0xff, 0xff, 0x01, 0x00, 0xff, 0xff, 0x01, 0x00, 0xff, 0xff, 0x01, 0x00,
    0xff, 0xff, 0x01, 0x00, 0xff, 0xff, 0x01, 0x00, 0xff, 0xff, 0x01, 0x00, 0xff, 0xff, 0x01, 0x00,
    0xff, 0xff, 0x01, 0x00, 0xff, 0xff, 0x01, 0x00, 0xff, 0xff, 0x01, 0x00, 0xff, 0xff, 0x01, 0x00,
    0xff, 0xff, 0x01, 0x00, 0xff, 0xff, 0x01, 0x00, 0xff, 0xff, 0x01, 0x00, 0xff, 0xff, 0x01, 0x00,
    0xff, 0xff, 0x01, 0x00, 0xff, 0xff, 0x01, 0x00, 0xff, 0xff, 0x01, 0x00, 0xff, 0xff, 0x01, 0x00,
    0xff, 0xff, 0x01, 0x00, 0xff, 0xff, 0x01, 0x00, 0xff, 0xff, 0x01, 0x00, 0xff, 0xff, 0x01, 0x00,
    0xff, 0xff, 0x01, 0x00, 0xff, 0xff, 0x01, 0x00, 0xff, 0xff, 0x01, 0x00, 0xff, 0xff, 0x01, 0x00,
    0xff, 0xff, 0x01, 0x00, 0xff, 0xff, 0x01, 0x00, 0xff, 0xff, 0x01, 0x00, 0xff, 0xff, 0x01, 0x00,
    0xff, 0xff, 0x01, 0x00, 0xff, 0xff, 0x01, 0x00, 0xff, 0xff, 0x01, 0x00, 0xff, 0xff, 0x01, 0x00,
    0xff, 0xff, 0x01, 0x00, 0xff, 0xff, 0x01, 0x00, 0xff, 0xff, 0x01, 0x00, 0xff, 0xff, 0x01, 0x00,
    0xff, 0xff, 0x01, 0x00, 0xff, 0xff, 0x01, 0x00, 0xff, 0xff, 0x01, 0x00, 0xff, 0xff, 0x01, 0x00,
    0xff, 0xff, 0x01, 0x00, 0xff, 0xff, 0x01, 0x00, 0xff, 0xff, 0x01, 0x00, 0xff, 0xff, 0x01, 0x00,
    0xff, 0xff, 0x01, 0x00, 0xff, 0xff, 0x01, 0x00, 0xff, 0xff, 0x01, 0x00, 0xff, 0xff, 0x01, 0x00,
    0xff, 0xff, 0x01, 0x00, 0xff, 0xff, 0x01, 0x00, 0xff, 0xff, 0x01, 0x00, 0xff, 0xff, 0x01, 0x00,
    0xff, 0xff, 0x01, 0x00, 0xff, 0xff, 0x01, 0x00, 0xff, 0xff, 0x01, 0x00, 0xff, 0xff, 0x01, 0x00,
    0xff, 0xff, 0x01, 0x00, 0xff, 0xff, 0x01, 0x00, 0xff, 0xff, 0x01, 0x00, 0xff, 0xff, 0x01, 0x00,
    0xff, 0xff, 0x01, 0x00, 0xff, 0xff, 0x01, 0x00, 0xff, 0xff, 0x01, 0x00, 0xff, 0xff, 0x01, 0x00,
    0xff, 0xff, 0x01, 0x00, 0xff, 0xff, 0x01, 0x00, 0xff, 0xff, 0x01, 0x00, 0xff, 0xff, 0x01, 0x00,
    0xff, 0xff, 0x01, 0x00, 0xff, 0xff, 0x01, 0x00, 0xff, 0xff, 0x01, 0x00, 0xff, 0xff, 0x01, 0x00,
    0xff, 0xff, 0x01, 0x00, 0xff, 0xff, 0x01, 0x00, 0xff, 0xff, 0x01, 0x00, 0xff, 0xff, 0x01, 0x00,
    0xff, 0xff, 0x01, 0x00, 0xff, 0xff, 0x01, 0x00, 0xff, 0xff, 0x01, 0x00, 0xff, 0xff, 0x01, 0x00,
    0xff, 0xff, 0x01, 0x00, 0xff, 0xff, 0x01, 0x00, 0xff, 0xff, 0x01, 0x00, 0xff, 0xff, 0x01, 0x00,
    0xff, 0xff, 0x01, 0x00, 0xff, 0xff, 0x01, 0x00, 0xff, 0xff, 0x01, 0x00, 0xff, 0xff, 0x01, 0x00,
    0xff, 0xff, 0x01, 0x00, 0xff, 0xff, 0x01, 0x00, 0xff, 0xff, 0x01, 0x00, 0xff, 0xff, 0x01, 0x00,
    0xff, 0xff, 0x01, 0x00, 0xff, 0xff, 0x01, 0x00, 0xff, 0xff, 0x01, 0x00, 0xff, 0xff, 0x01, 0x00,
    0xff, 0xff, 0x01, 0x00, 0xff, 0xff, 0x01, 0x00, 0xff, 0xff, 0x01, 0x00, 0xff, 0xff, 0x01, 0x00,
    0xff, 0xff, 0x01, 0x00, 0xff, 0xff, 0x01, 0x00, 0xff, 0xff, 0x01, 0x00, 0xff, 0xff, 0x01, 0x00,
    0xff, 0xff, 0x01, 0x00, 0xff, 0xff, 0x01, 0x00, 0xff, 0xff, 0x01, 0x00, 0xff, 0xff, 0x01, 0x00,
    0xff, 0xff, 0x01, 0x00, 0xff, 0xff, 0x01, 0x00, 0xff, 0xff, 0x01, 0x00, 0xff, 0xff, 0x01, 0x00,
    0xff, 0xff, 0x01, 0x00, 0xff, 0xff, 0x01, 0x00, 0xff, 0xff, 0x01, 0x00, 0xff, 0xff, 0x01, 0x00,
    0xff, 0xff, 0x01, 0x00, 0xff, 0xff, 0x01, 0x00, 0xff, 0xff, 0x01, 0x00, 0xff, 0xff, 0x01, 0x00,
    0xff, 0xff, 0x01, 0x00, 0xff, 0xff, 0x01, 0x00, 0xff, 0xff, 0x01, 0x00, 0xff, 0xff, 0x01, 0x00,
    0xff, 0xff, 0x01, 0x00, 0xff, 0xff, 0x01, 0x00, 0xff, 0xff, 0x01, 0x00, 0xff, 0xff, 0x01, 0x00,
    0xff, 0xff, 0x01, 0x00, 0xff, 0xff, 0x01, 0x00, 0xff, 0xff, 0x01, 0x00, 0xff, 0xff, 0x01, 0x00,
    0xff, 0xff, 0x01, 0x00, 0xff, 0xff, 0x01, 0x00, 0xff, 0xff, 0x01, 0x00, 0xff, 0xff, 0x01, 0x00,
    0xff, 0xff, 0x01, 0x00, 0xff, 0xff, 0x01, 0x00, 0xff, 0xff, 0x01, 0x00, 0xff, 0xff, 0x01, 0x00,
    0xff, 0xff, 0x01, 0x00, 0xff, 0xff, 0x01, 0x00, 0xff, 0xff, 0x01, 0x00, 0xff, 0xff, 0x01, 0x00,
    0xff, 0xff, 0x01, 0x00, 0xff, 0xff, 0x01, 0x00, 0xff, 0xff, 0x01, 0x00, 0xff, 0xff, 0x01, 0x00,
    0xff, 0xff, 0x01, 0x00, 0xff, 0xff, 0x01, 0x00, 0xff, 0xff, 0x01, 0x00, 0xff, 0xff, 0x01, 0x00,
    0xff, 0xff, 0x01, 0x00, 0xff, 0xff, 0x01, 0x00, 0xff, 0xff, 0x01, 0x00, 0xff, 0xff, 0x01, 0x00,
    0xff, 0xff, 0x01, 0x00, 0xff, 0xff, 0x01, 0x00, 0xff, 0xff, 0x01, 0x00, 0xff, 0xff, 0x01, 0x00,
    0xff, 0xff, 0x01, 0x00, 0xff, 0xff, 0x01, 0x00, 0xff, 0xff, 0x01, 0x00, 0xff, 0xff, 0x01, 0x00,
    0xff, 0xff, 0x01, 0x00, 0xff, 0xff, 0x01, 0x00, 0xff, 0xff, 0x01, 0x00, 0xff, 0xff, 0x01, 0x00,
    0xff, 0xff, 0x01, 0x00, 0xff, 0xff, 0x01, 0x00, 0xff, 0xff, 0x01, 0x00, 0xff, 0xff, 0x01, 0x00,
    0xff, 0xff, 0x01, 0x00, 0xff, 0xff, 0x01, 0x00, 0xff, 0xff, 0x01, 0x00, 0xff, 0xff, 0x01, 0x00,
    0xff, 0xff, 0x01, 0x00, 0xff, 0xff, 0x01, 0x00, 0xff, 0xff, 0x01, 0x00, 0xff, 0xff, 0x01, 0x00,
    0xff, 0xff, 0x01, 0x00, 0xff, 0xff, 0x01, 0x00, 0xff, 0xff, 0x01, 0x00, 0xff, 0xff, 0x01, 0x00,
    0xff, 0xff, 0x01, 0x00, 0xff, 0xff, 0x01, 0x00, 0xff, 0xff, 0x01, 0x00, 0xff, 0xff, 0x01, 0x00,
    0xff, 0xff, 0x01, 0x00, 0xff, 0xff, 0x01, 0x00, 0xff, 0xff, 0x01, 0x00, 0xff, 0xff, 0x01, 0x00,
    0xff, 0xff, 0x01, 0x00, 0xff, 0xff, 0x01, 0x00, 0xff, 0xff, 0x01, 0x00, 0xff, 0xff, 0x01, 0x00,
    0xff, 0xff, 0x01, 0x00, 0xff, 0xff, 0x01, 0x00, 0xff, 0xff, 0x01, 0x00, 0xff, 0xff, 0x01, 0x00,
    0xff, 0xff, 0x01, 0x00, 0xff, 0xff, 0x01, 0x00, 0xff, 0xff, 0x01, 0x00, 0xff, 0xff, 0x01, 0x00,
    0xff, 0xff, 0x01, 0x00, 0xff, 0xff, 0x01, 0x00, 0xff, 0xff, 0x01, 0x00, 0xff, 0xff, 0x01, 0x00,
    0xff, 0xff, 0x01, 0x00, 0xff, 0xff, 0x01, 0x00, 0xff, 0xff, 0x01, 0x00, 0xff, 0xff, 0x01, 0x00,
    0xff, 0xff, 0x01, 0x00, 0xff, 0xff, 0x01, 0x00, 0xff, 0xff, 0x01, 0x00, 0xff, 0xff, 0x01, 0x00,
    0xff, 0xff, 0x01, 0x00, 0xff, 0xff, 0x01, 0x00, 0xff, 0xff, 0x01, 0x00, 0xff, 0xff, 0x01, 0x00,
    0xff, 0xff, 0x01, 0x00, 0xff, 0xff, 0x01, 0x00, 0xff, 0xff, 0x01, 0x00, 0xff, 0xff, 0x01, 0x00,
    0xff, 0xff, 0x01, 0x00, 0xff, 0xff, 0x01, 0x00, 0xff, 0xff, 0x01, 0x00, 0xff, 0xff, 0x01, 0x00,
    0xff, 0xff, 0x01, 0x00, 0xff, 0xff, 0x01, 0x00, 0xff, 0xff, 0x01, 0x00, 0xff, 0xff, 0x01, 0x00,
    0xff, 0xff, 0x01, 0x00, 0xff, 0xff, 0x01, 0x00, 0xff, 0xff, 0x01, 0x00, 0xff, 0xff, 0x01, 0x00,
    0xff, 0xff, 0x01, 0x00, 0xff, 0xff, 0x01, 0x00, 0xff, 0xff, 0x01, 0x00, 0xff, 0xff, 0x01, 0x00,
    0xff, 0xff, 0x01, 0x00, 0xff, 0xff, 0x01, 0x00, 0xff, 0xff, 0x01, 0x00, 0xff, 0xff, 0x01, 0x00,
    0xff, 0xff, 0x01, 0x00, 0xff, 0xff, 0x01, 0x00, 0xff, 0xff, 0x01, 0x00, 0xff, 0xff, 0x01, 0x00,
    0xff, 0xff, 0x01, 0x00, 0xff, 0xff, 0x01, 0x00, 0xff, 0xff, 0x01, 0x00, 0xff, 0xff, 0x01, 0x00,
    0xff, 0xff, 0x01, 0x00, 0xff, 0xff, 0x01, 0x00, 0xff, 0xff, 0x01, 0x00, 0xff, 0xff, 0x01, 0x00,
    0xff, 0xff, 0x01, 0x00, 0xff, 0xff, 0x01, 0x00, 0xff, 0xff, 0x01, 0x00, 0xff, 0xff, 0x01, 0x00,
    0xff, 0xff, 0x01, 0x00, 0xff, 0xff, 0x01, 0x00, 0xff, 0xff, 0x01, 0x00, 0xff, 0xff, 0x01, 0x00,
    0xff, 0xff, 0x01, 0x00, 0xff, 0xff, 0x01, 0x00, 0xff, 0xff, 0x01, 0x00, 0xff, 0xff, 0x01, 0x00,
    0xff, 0xff, 0x01, 0x00, 0xff, 0xff, 0x01, 0x00, 0xff, 0xff, 0x01, 0x00, 0xff, 0xff, 0x01, 0x00,
    0xff, 0xff, 0x01, 0x00, 0xff, 0xff, 0x01, 0x00, 0xff, 0xff, 0x01, 0x00, 0xff, 0xff, 0x01, 0x00,
    0xff, 0xff, 0x01, 0x00, 0xff, 0xff, 0x01, 0x00, 0xff, 0xff, 0x01, 0x00, 0xff, 0xff, 0x01, 0x00,
    0xff, 0xff, 0x01, 0x00, 0xff, 0xff, 0x01, 0x00, 0xff, 0xff, 0x01, 0x00, 0xff, 0xff, 0x01, 0x00,
    0xff, 0xff, 0x01, 0x00, 0xff, 0xff, 0x01, 0x00, 0xff, 0xff, 0x01, 0x00, 0xff, 0xff, 0x01, 0x00,
    0xff, 0xff, 0x01, 0x00, 0xff, 0xff, 0x01, 0x00, 0xff, 0xff, 0x01, 0x00, 0xff, 0xff, 0x01, 0x00,
    0xff, 0xff, 0x01, 0x00, 0xff, 0xff, 0x01, 0x00, 0xff, 0xff, 0x01, 0x00, 0xff, 0xff, 0x01, 0x00,
    0xff, 0xff, 0x01, 0x00, 0xff, 0xff, 0x01, 0x00, 0xff, 0xff, 0x01, 0x00, 0xff, 0xff, 0x01, 0x00,
    0xff, 0xff, 0x01, 0x00, 0xff, 0xff, 0x01, 0x00, 0xff, 0xff, 0x01, 0x00, 0xff, 0xff, 0x01, 0x00,
    0xff, 0xff, 0x01, 0x00, 0xff, 0xff, 0x01, 0x00, 0xff, 0xff, 0x01, 0x00, 0xff, 0xff, 0x01, 0x00,
    0xff, 0xff, 0x01, 0x00, 0xff, 0xff, 0x01, 0x00, 0xff, 0xff, 0x01, 0x00, 0xff, 0xff, 0x01, 0x00,
    0xff, 0xff, 0x01, 0x00, 0xff, 0xff, 0x01, 0x00, 0xff, 0xff, 0x01, 0x00, 0xff, 0xff, 0x01, 0x00,
    0xff, 0xff, 0x01, 0x00, 0xff, 0xff, 0x01, 0x00, 0xff, 0xff, 0x01, 0x00, 0xff, 0xff, 0x01, 0x00,
    0xff, 0xff, 0x01, 0x00, 0xff, 0xff, 0x01, 0x00, 0xff, 0xff, 0x01, 0x00, 0xff, 0xff, 0x01, 0x00,
    0xff, 0xff, 0x01, 0x00, 0xff, 0xff, 0x01, 0x00, 0xff, 0xff, 0x01, 0x00, 0xff, 0xff, 0x01, 0x00,
    0xff, 0xff, 0x01, 0x00, 0xff, 0xff, 0x01, 0x00, 0xff, 0xff, 0x01, 0x00, 0xff, 0xff, 0x01, 0x00,
    0xff, 0xff, 0x01, 0x00, 0xff, 0xff, 0x01, 0x00, 0xff, 0xff, 0x01, 0x00, 0xff, 0xff, 0x01, 0x00,
    0xff, 0xff, 0x01, 0x00, 0xff, 0xff, 0x01, 0x00, 0xff, 0xff, 0x01, 0x00, 0xff, 0xff, 0x01, 0x00,
    0xff, 0xff, 0x01, 0x00, 0xff, 0xff, 0x01, 0x00, 0xff, 0xff, 0x01, 0x00, 0xff, 0xff, 0x01, 0x00,
    0xff, 0xff, 0x01, 0x00, 0xff, 0xff, 0x01, 0x00, 0xff, 0xff, 0x01, 0x00, 0xff, 0xff, 0x01, 0x00,
    0xff, 0xff, 0x01, 0x00, 0xff, 0xff, 0x01, 0x00, 0xff, 0xff, 0x01, 0x00, 0xff, 0xff, 0x01, 0x00,
    0xff, 0xff, 0x01, 0x00, 0xff, 0xff, 0x01, 0x00, 0xff, 0xff, 0x01, 0x00, 0xff, 0xff, 0x01, 0x00,
    0xff, 0xff, 0x01, 0x00, 0xff, 0xff, 0x01, 0x00, 0xff, 0xff, 0x01, 0x00, 0xff, 0xff, 0x01, 0x00,
    0xff, 0xff, 0x01, 0x00, 0xff, 0xff, 0x01, 0x00, 0xff, 0xff, 0x01, 0x00, 0xff, 0xff, 0x01, 0x00,
    0xff, 0xff, 0x01, 0x00, 0xff, 0xff, 0x01, 0x00, 0xff, 0xff, 0x01, 0x00, 0xff, 0xff, 0x01, 0x00,
    0xff, 0xff, 0x01, 0x00, 0xff, 0xff, 0x01, 0x00, 0xff, 0xff, 0x01, 0x00, 0xff, 0xff, 0x01, 0x00,
    0xff, 0xff, 0x01, 0x00, 0xff, 0xff, 0x01, 0x00, 0xff, 0xff, 0x01, 0x00, 0xff, 0xff, 0x01, 0x00,
    0xff, 0xff, 0x01, 0x00, 0xff, 0xff, 0x01, 0x00, 0xff, 0xff, 0x01, 0x00, 0xff, 0xff, 0x01, 0x00,
    0xff, 0xff, 0x01, 0x00, 0xff, 0xff, 0x01, 0x00, 0xff, 0xff, 0x01, 0x00, 0xff, 0xff, 0x01, 0x00,
    0xff, 0xff, 0x01, 0x00, 0xff, 0xff, 0x01, 0x00, 0xff, 0xff, 0x01, 0x00, 0xff, 0xff, 0x01, 0x00,
    0xff, 0xff, 0x01, 0x00, 0xff, 0xff, 0x01, 0x00, 0xff, 0xff, 0x01, 0x00, 0xff, 0xff, 0x01, 0x00,
    0xff, 0xff, 0x01, 0x00, 0xff, 0xff, 0x01, 0x00, 0xff, 0xff, 0x01, 0x00, 0xff, 0xff, 0x01, 0x00,
    0xff, 0xff, 0x01, 0x00, 0xff, 0xff, 0x01, 0x00, 0xff, 0xff, 0x01, 0x00, 0xff, 0xff, 0x01, 0x00,
    0xff, 0xff, 0x01, 0x00, 0xff, 0xff, 0x01, 0x00, 0xff, 0xff, 0x01, 0x00, 0xff, 0xff, 0x01, 0x00,
    0xff, 0xff, 0x01, 0x00, 0xff, 0xff, 0x01, 0x00, 0xff, 0xff, 0x01, 0x00, 0xff, 0xff, 0x01, 0x00,
    0xff, 0xff, 0x01, 0x00, 0xff, 0xff, 0x01, 0x00, 0xff, 0xff, 0x01, 0x00, 0xff, 0xff, 0x01, 0x00,
    0xff, 0xff, 0x01, 0x00, 0xff, 0xff, 0x01, 0x00, 0xff, 0xff, 0x01, 0x00, 0xff, 0xff, 0x01, 0x00,
    0xff, 0xff, 0x01, 0x00, 0xff, 0xff, 0x01, 0x00, 0xff, 0xff, 0x01, 0x00, 0xff, 0xff, 0x01, 0x00,
    0xff, 0xff, 0x01, 0x00, 0xff, 0xff, 0x01, 0x00, 0xff, 0xff, 0x01, 0x00, 0xff, 0xff, 0x01, 0x00,
    0xff, 0xff, 0x01, 0x00, 0xff, 0xff, 0x01, 0x00, 0xff, 0xff, 0x01, 0x00, 0xff, 0xff, 0x01, 0x00,
    0xff, 0xff, 0x01, 0x00, 0xff, 0xff, 0x01, 0x00, 0xff, 0xff, 0x01, 0x00, 0xff, 0xff, 0x01, 0x00,
    0xff, 0xff, 0x01, 0x00, 0xff, 0xff, 0x01, 0x00, 0xff, 0xff, 0x01, 0x00, 0xff, 0xff, 0x01, 0x00,
    0xff, 0xff, 0x01, 0x00, 0xff, 0xff, 0x01, 0x00, 0xff, 0xff, 0x01, 0x00, 0xff, 0xff, 0x01, 0x00,
    0xff, 0xff, 0x01, 0x00, 0xff, 0xff, 0x01, 0x00, 0xff, 0xff, 0x01, 0x00, 0xff, 0xff, 0x01, 0x00,
    0xff, 0xff, 0x01, 0x00, 0xff, 0xff, 0x01, 0x00, 0xff, 0xff, 0x01, 0x00, 0xff, 0xff, 0x01, 0x00,
    0xff, 0xff, 0x01, 0x00, 0xff, 0xff, 0x01, 0x00, 0xff, 0xff, 0x01, 0x00, 0xff, 0xff, 0x01, 0x00,
    0xff, 0xff, 0x01, 0x00, 0xff, 0xff, 0x01, 0x00, 0xff, 0xff, 0x01, 0x00, 0xff, 0xff, 0x01, 0x00,
    0xff, 0xff, 0x01, 0x00, 0xff, 0xff, 0x01, 0x00, 0xff, 0xff, 0x01, 0x00, 0xff, 0xff, 0x01, 0x00,
    0xff, 0xff, 0x01, 0x00, 0xff, 0xff, 0x01, 0x00, 0xff, 0xff, 0x01, 0x00, 0xff, 0xff, 0x01, 0x00,
    0xff, 0xff, 0x01, 0x00, 0xff, 0xff, 0x01, 0x00, 0xff, 0xff, 0x01, 0x00, 0xff, 0xff, 0x01, 0x00,
    0xff, 0xff, 0x01, 0x00, 0xff, 0xff, 0x01, 0x00, 0xff, 0xff, 0x01, 0x00, 0xff, 0xff, 0x01, 0x00,
    0xff, 0xff, 0x01, 0x00, 0xff, 0xff, 0x01, 0x00, 0xff, 0xff, 0x01, 0x00, 0xff, 0xff, 0x01, 0x00,
    0xff, 0xff, 0x01, 0x00, 0xff, 0xff, 0x01, 0x00, 0xff, 0xff, 0x01, 0x00, 0xff, 0xff, 0x01, 0x00,
    0xff, 0xff, 0x01, 0x00, 0xff, 0xff, 0x01, 0x00, 0xff, 0xff, 0x01, 0x00, 0xff, 0xff, 0x01, 0x00,
    0xff, 0xff, 0x01, 0x00, 0xff, 0xff, 0x01, 0x00, 0xff, 0xff, 0x01, 0x00, 0xff, 0xff, 0x01, 0x00,
    0xff, 0xff, 0x01, 0x00, 0xff, 0xff, 0x01, 0x00, 0xff, 0xff, 0x01, 0x00, 0xff, 0xff, 0x01, 0x00,
    0xff, 0xff, 0x01, 0x00, 0xff, 0xff, 0x01, 0x00, 0xff, 0xff, 0x01, 0x00, 0xff, 0xff, 0x01, 0x00,
    0xff, 0xff, 0x01, 0x00, 0xff, 0xff, 0x01, 0x00, 0xff, 0xff, 0x01, 0x00, 0xff, 0xff, 0x01, 0x00,
    0xff, 0xff, 0x01, 0x00, 0xff, 0xff, 0x01, 0x00, 0xff, 0xff, 0x01, 0x00, 0xff, 0xff, 0x01, 0x00,
    0xff, 0xff, 0x01, 0x00, 0xff, 0xff, 0x01, 0x00, 0xff, 0xff, 0x01, 0x00, 0xff, 0xff, 0x01, 0x00,
    0xff, 0xff, 0x01, 0x00, 0xff, 0xff, 0x01, 0x00, 0xff, 0xff, 0x01, 0x00, 0xff, 0xff, 0x01, 0x00,
    0xff, 0xff, 0x01, 0x00, 0xff, 0xff, 0x01, 0x00, 0xff, 0xff, 0x01, 0x00, 0xff, 0xff, 0x01, 0x00,
    0xff, 0xff, 0x01, 0x00, 0xff, 0xff, 0x01, 0x00, 0xff, 0xff, 0x01, 0x00, 0xff, 0xff, 0x01, 0x00,
    0xff, 0xff, 0x01, 0x00, 0xff, 0xff, 0x01, 0x00, 0xff, 0xff, 0x01, 0x00, 0xff, 0xff, 0x01, 0x00,
    0xff, 0xff, 0x01, 0x00, 0xff, 0xff, 0x01, 0x00, 0xff, 0xff, 0x01, 0x00, 0xff, 0xff, 0x01, 0x00,
    0xff, 0xff, 0x01, 0x00, 0xff, 0xff, 0x01, 0x00, 0xff, 0xff, 0x01, 0x00, 0xff, 0xff, 0x01, 0x00,
    0xff, 0xff, 0x01, 0x00, 0xff, 0xff, 0x01, 0x00, 0xff, 0xff, 0x01, 0x00, 0xff, 0xff, 0x01, 0x00,
    0xff, 0xff, 0x01, 0x00, 0xff, 0xff, 0x01, 0x00, 0xff, 0xff, 0x01, 0x00, 0xff, 0xff, 0x01, 0x00,
    0xff, 0xff, 0x01, 0x00, 0xff, 0xff, 0x01, 0x00, 0xff, 0xff, 0x01, 0x00, 0xff, 0xff, 0x01, 0x00,
    0xff, 0xff, 0x01, 0x00, 0xff, 0xff, 0x01, 0x00, 0xff, 0xff, 0x01, 0x00, 0xff, 0xff, 0x01, 0x00,
    0xff, 0xff, 0x01, 0x00, 0xff, 0xff, 0x01, 0x00, 0xff, 0xff, 0x01, 0x00, 0xff, 0xff, 0x01, 0x00,
    0xff, 0xff, 0x01, 0x00, 0xff, 0xff, 0x01, 0x00, 0xff, 0xff, 0x01, 0x00, 0xff, 0xff, 0x01, 0x00,
    0xff, 0xff, 0x01, 0x00, 0xff, 0xff, 0x01, 0x00, 0xff, 0xff, 0x01, 0x00, 0xff, 0xff, 0x01, 0x00,
    0xff, 0xff, 0x01, 0x00, 0xff, 0xff, 0x01, 0x00, 0xff, 0xff, 0x01, 0x00, 0xff, 0xff, 0x01, 0x00,
    0xff, 0xff, 0x01, 0x00, 0xff, 0xff, 0x01, 0x00, 0xff, 0xff, 0x01, 0x00, 0xff, 0xff, 0x01, 0x00,
    0xff, 0xff, 0x01, 0x00, 0xff, 0xff, 0x01, 0x00, 0xff, 0xff, 0x01, 0x00, 0xff, 0xff, 0x01, 0x00,
    0xff, 0xff, 0x01, 0x00, 0xff, 0xff, 0x01, 0x00, 0xff, 0xff, 0x01, 0x00, 0xff, 0xff, 0x01, 0x00,
    0xff, 0xff, 0x01, 0x00, 0xff, 0xff, 0x01, 0x00, 0xff, 0xff, 0x01, 0x00, 0xff, 0xff, 0x01, 0x00,
    0xff, 0xff, 0x01, 0x00, 0xff, 0xff, 0x01, 0x00, 0xff, 0xff, 0x01, 0x00, 0xff, 0xff, 0x01, 0x00,
    0xff, 0xff, 0x01, 0x00, 0xff, 0xff, 0x01, 0x00, 0xff, 0xff, 0x01, 0x00, 0xff, 0xff, 0x01, 0x00,
    0xff, 0xff, 0x01, 0x00, 0xff, 0xff, 0x01, 0x00, 0xff, 0xff, 0x01, 0x00, 0xff, 0xff, 0x01, 0x00,
    0xff, 0xff, 0x01, 0x00, 0xff, 0xff, 0x01, 0x00, 0xff, 0xff, 0x01, 0x00, 0xff, 0xff, 0x01, 0x00,
    0xff, 0xff, 0x01, 0x00, 0xff, 0xff, 0x01, 0x00, 0xff, 0xff, 0x01, 0x00, 0xff, 0xff, 0x01, 0x00,
    0xff, 0xff, 0x01, 0x00, 0xff, 0xff, 0x01, 0x00, 0xff, 0xff, 0x01, 0x00, 0xff, 0xff, 0x01, 0x00,
    0xff, 0xff, 0x01, 0x00, 0xff, 0xff, 0x01, 0x00, 0xff, 0xff, 0x01, 0x00, 0xff, 0xff, 0x01, 0x00,
    0xff, 0xff, 0x01, 0x00, 0xff, 0xff, 0x01, 0x00, 0xff, 0xff, 0x01, 0x00, 0xff, 0xff, 0x01, 0x00,
    0xff, 0xff, 0x01, 0x00, 0xff, 0xff, 0x01, 0x00, 0xff, 0xff, 0x01, 0x00, 0xff, 0xff, 0x01, 0x00,
    0xff, 0xff, 0x01, 0x00, 0xff, 0xff, 0x01, 0x00, 0xff, 0xff, 0x01, 0x00, 0xff, 0xff, 0x01, 0x00,
    0xff, 0xff, 0x01, 0x00, 0xff, 0xff, 0x01, 0x00, 0xff, 0xff, 0x01, 0x00, 0xff, 0xff, 0x01, 0x00,
    0xff, 0xff, 0x01, 0x00, 0xff, 0xff, 0x01, 0x00, 0xff, 0xff, 0x01, 0x00, 0xff, 0xff, 0x01, 0x00,
    0xff, 0xff, 0x01, 0x00, 0xff, 0xff, 0x01, 0x00, 0xff, 0xff, 0x01, 0x00, 0xff, 0xff, 0x01, 0x00,
    0xff, 0xff, 0x01, 0x00, 0xff, 0xff, 0x01, 0x00, 0xff, 0xff, 0x01, 0x00, 0xff, 0xff, 0x01, 0x00,
    0xff, 0xff, 0x01, 0x00, 0xff, 0xff, 0x01, 0x00, 0xff, 0xff, 0x01, 0x00, 0xff, 0xff, 0x01, 0x00,
    0xff, 0xff, 0x01, 0x00, 0xff, 0xff, 0x01, 0x00, 0xff, 0xff, 0x01, 0x00, 0xff, 0xff, 0x01, 0x00,
    0xff, 0xff, 0x01, 0x00, 0xff, 0xff, 0x01, 0x00, 0xff, 0xff, 0x01, 0x00, 0xff, 0xff, 0x01, 0x00,
    0xff, 0xff, 0x01, 0x00, 0xff, 0xff, 0x01, 0x00, 0xff, 0xff, 0x01, 0x00, 0xff, 0xff, 0x01, 0x00,
    0xff, 0xff, 0x01, 0x00, 0xff, 0xff, 0x01, 0x00, 0xff, 0xff, 0x01, 0x00, 0xff, 0xff, 0x01, 0x00,
    0xff, 0xff, 0x01, 0x00, 0xff, 0xff, 0x01, 0x00, 0xff, 0xff, 0x01, 0x00, 0xff, 0xff, 0x01, 0x00,
    0xff, 0xff, 0x01, 0x00, 0xff, 0xff, 0x01, 0x00, 0xff, 0xff, 0x01, 0x00, 0xff, 0xff, 0x01, 0x00,
    0xff, 0xff, 0x01, 0x00, 0xff, 0xff, 0x01, 0x00, 0xff, 0xff, 0x01, 0x00, 0xff, 0xff, 0x01, 0x00,
    0xff, 0xff, 0x01, 0x00, 0xff, 0xff, 0x01, 0x00, 0xff, 0xff, 0x01, 0x00, 0xff, 0xff, 0x01, 0x00,
    0xff, 0xff, 0x01, 0x00, 0xff, 0xff, 0x01, 0x00, 0xff, 0xff, 0x01, 0x00, 0xff, 0xff, 0x01, 0x00,
    0xff, 0xff, 0x01, 0x00, 0xff, 0xff, 0x01, 0x00, 0xff, 0xff, 0x01, 0x00, 0xff, 0xff, 0x01, 0x00,
    0xff, 0xff, 0x01, 0x00, 0xff, 0xff, 0x01, 0x00, 0xff, 0xff, 0x01, 0x00, 0xff, 0xff, 0x01, 0x00,
    0xff, 0xff, 0x01, 0x00, 0xff, 0xff, 0x01, 0x00, 0xff, 0xff, 0x01, 0x00, 0xff, 0xff, 0x01, 0x00,
    0xff, 0xff, 0x01, 0x00, 0xff, 0xff, 0x01, 0x00, 0xff, 0xff, 0x01, 0x00, 0xff, 0xff, 0x01, 0x00,
    0xff, 0xff, 0x01, 0x00, 0xff, 0xff, 0x01, 0x00, 0xff, 0xff, 0x01, 0x00, 0xff, 0xff, 0x01, 0x00,
    0xff, 0xff, 0x01, 0x00, 0xff, 0xff, 0x01, 0x00, 0xff, 0xff, 0x01, 0x00, 0xff, 0xff, 0x01, 0x00,
    0xff, 0xff, 0x01, 0x00, 0xff, 0xff, 0x01, 0x00, 0xff, 0xff, 0x01, 0x00, 0xff, 0xff, 0x01, 0x00,
    0xff, 0xff, 0x01, 0x00, 0xff, 0xff, 0x01, 0x00, 0xff, 0xff, 0x01, 0x00, 0xff, 0xff, 0x01, 0x00,
    0xff, 0xff, 0x01, 0x00, 0xff, 0xff, 0x01, 0x00, 0xff, 0xff, 0x01, 0x00, 0xff, 0xff, 0x01, 0x00,
    0xff, 0xff, 0x01, 0x00, 0xff, 0xff, 0x01, 0x00, 0xff, 0xff, 0x01, 0x00, 0xff, 0xff, 0x01, 0x00,
    0xff, 0xff, 0x01, 0x00, 0xff, 0xff, 0x01, 0x00, 0xff, 0xff, 0x01, 0x00, 0xff, 0xff, 0x01, 0x00,
    0xff, 0xff, 0x01, 0x00, 0xff, 0xff, 0x01, 0x00, 0xff, 0xff, 0x01, 0x00, 0xff, 0xff, 0x01, 0x00,
    0xff, 0xff, 0x01, 0x00, 0xff, 0xff, 0x01, 0x00, 0xff, 0xff, 0x01, 0x00, 0xff, 0xff, 0x01, 0x00,
    0xff, 0xff, 0x01, 0x00, 0xff, 0xff, 0x01, 0x00, 0xff, 0xff, 0x01, 0x00, 0xff, 0xff, 0x01, 0x00,
    0xff, 0xff, 0x01, 0x00, 0xff, 0xff, 0x01, 0x00, 0xff, 0xff, 0x01, 0x00, 0xff, 0xff, 0x01, 0x00,
    0xff, 0xff, 0x01, 0x00, 0xff, 0xff, 0x01, 0x00, 0xff, 0xff, 0x01, 0x00, 0xff, 0xff, 0x01, 0x00,
    0xff, 0xff, 0x01, 0x00, 0xff, 0xff, 0x01, 0x00, 0xff, 0xff, 0x01, 0x00, 0xff, 0xff, 0x01, 0x00,
    0xff, 0xff, 0x01, 0x00, 0xff, 0xff, 0x01, 0x00, 0xff, 0xff, 0x01, 0x00, 0xff, 0xff, 0x01, 0x00,
    0xff, 0xff, 0x01, 0x00, 0xff, 0xff, 0x01, 0x00, 0xff, 0xff, 0x01, 0x00, 0xff, 0xff, 0x01, 0x00,
    0xff, 0xff, 0x01, 0x00, 0xff, 0xff, 0x01, 0x00, 0xff, 0xff, 0x01, 0x00, 0xff, 0xff, 0x01, 0x00,
    0xff, 0xff, 0x01, 0x00, 0xff, 0xff, 0x01, 0x00, 0xff, 0xff, 0x01, 0x00, 0xff, 0xff, 0x01, 0x00,
    0xff, 0xff, 0x01, 0x00, 0xff, 0xff, 0x01, 0x00, 0xff, 0xff, 0x01, 0x00, 0xff, 0xff, 0x01, 0x00,
    0xff, 0xff, 0x01, 0x00, 0xff, 0xff, 0x01, 0x00, 0xff, 0xff, 0x01, 0x00, 0xff, 0xff, 0x01, 0x00,
    0xff, 0xff, 0x01, 0x00, 0xff, 0xff, 0x01, 0x00, 0xff, 0xff, 0x01, 0x00, 0xff, 0xff, 0x01, 0x00,
    0xff, 0xff, 0x01, 0x00, 0xff, 0xff, 0x01, 0x00, 0xff, 0xff, 0x01, 0x00, 0xff, 0xff, 0x01, 0x00,
    0xff, 0xff, 0x01, 0x00, 0xff, 0xff, 0x01, 0x00, 0xff, 0xff, 0x01, 0x00, 0xff, 0xff, 0x01, 0x00,
    0xff, 0xff, 0x01, 0x00, 0xff, 0xff, 0x01, 0x00, 0xff, 0xff, 0x01, 0x00, 0xff, 0xff, 0x01, 0x00,
    0xff, 0xff, 0x01, 0x00, 0xff, 0xff, 0x01, 0x00, 0xff, 0xff, 0x01, 0x00, 0xff, 0xff, 0x01, 0x00,
    0xff, 0xff, 0x01, 0x00, 0xff, 0xff, 0x01, 0x00, 0xff, 0xff, 0x01, 0x00, 0xff, 0xff, 0x01, 0x00,
    0xff, 0xff, 0x01, 0x00, 0xff, 0xff, 0x01, 0x00, 0xff, 0xff, 0x01, 0x00, 0xff, 0xff, 0x01, 0x00,
    0xff, 0xff, 0x01, 0x00, 0xff, 0xff, 0x01, 0x00, 0xff, 0xff, 0x01, 0x00, 0xff, 0xff, 0x01, 0x00,
    0xff, 0xff, 0x01, 0x00, 0xff, 0xff, 0x01, 0x00, 0xff, 0xff, 0x01, 0x00, 0xff, 0xff, 0x01, 0x00,
    0xff, 0xff, 0x01, 0x00, 0xff, 0xff, 0x01, 0x00, 0xff, 0xff, 0x01, 0x00, 0xff, 0xff, 0x01, 0x00,
    0xff, 0xff, 0x01, 0x00, 0xff, 0xff, 0x01, 0x00, 0xff, 0xff, 0x01, 0x00, 0xff, 0xff, 0x01, 0x00,
    0xff, 0xff, 0x01, 0x00, 0xff, 0xff, 0x01, 0x00, 0xff, 0xff, 0x01, 0x00, 0xff, 0xff, 0x01, 0x00,
    0xff, 0xff, 0x01, 0x00, 0xff, 0xff, 0x01, 0x00, 0xff, 0xff, 0x01, 0x00, 0xff, 0xff, 0x01, 0x00,
    0xff, 0xff, 0x01, 0x00, 0xff, 0xff, 0x01, 0x00, 0xff, 0xff, 0x01, 0x00, 0xff, 0xff, 0x01, 0x00,
    0xff, 0xff, 0x01, 0x00, 0xff, 0xff, 0x01, 0x00, 0xff, 0xff, 0x01, 0x00, 0xff, 0xff, 0x01, 0x00,
    0xff, 0xff, 0x01, 0x00, 0xff, 0xff, 0x01, 0x00, 0xff, 0xff, 0x01, 0x00, 0xff, 0xff, 0x01, 0x00,
    0xff, 0xff, 0x01, 0x00, 0xff, 0xff, 0x01, 0x00, 0xff, 0xff, 0x01, 0x00, 0xff, 0xff, 0x01, 0x00,
    0xff, 0xff, 0x01, 0x00, 0xff, 0xff, 0x01, 0x00, 0xff, 0xff, 0x01, 0x00, 0xff, 0xff, 0x01, 0x00,
    0xff, 0xff, 0x01, 0x00, 0xff, 0xff, 0x01, 0x00, 0xff, 0xff, 0x01, 0x00, 0xff, 0xff, 0x01, 0x00,
    0xff, 0xff, 0x01, 0x00, 0xff, 0xff, 0x01, 0x00, 0xff, 0xff, 0x01, 0x00, 0xff, 0xff, 0x01, 0x00,
    0xff, 0xff, 0x01, 0x00, 0xff, 0xff, 0x01, 0x00, 0xff, 0xff, 0x01, 0x00, 0xff, 0xff, 0x01, 0x00,
    0xff, 0xff, 0x01, 0x00, 0xff, 0xff, 0x01, 0x00, 0xff, 0xff, 0x01, 0x00, 0xff, 0xff, 0x01, 0x00,
    0xff, 0xff, 0x01, 0x00, 0xff, 0xff, 0x01, 0x00, 0xff, 0xff, 0x01, 0x00, 0xff, 0xff, 0x01, 0x00,
    0xff, 0xff, 0x01, 0x00, 0xff, 0xff, 0x01, 0x00, 0xff, 0xff, 0x01, 0x00, 0xff, 0xff, 0x01, 0x00,
    0xff, 0xff, 0x01, 0x00, 0xff, 0xff, 0x01, 0x00, 0xff, 0xff, 0x01, 0x00, 0xff, 0xff, 0x01, 0x00,
    0xff, 0xff, 0x01, 0x00, 0xff, 0xff, 0x01, 0x00, 0xff, 0xff, 0x01, 0x00, 0xff, 0xff, 0x01, 0x00,
    0xff, 0xff, 0x01, 0x00, 0xff, 0xff, 0x01, 0x00, 0xff, 0xff, 0x01, 0x00, 0xff, 0xff, 0x01, 0x00,
    0xff, 0xff, 0x01, 0x00, 0xff, 0xff, 0x01, 0x00, 0xff, 0xff, 0x01, 0x00, 0xff, 0xff, 0x01, 0x00,
    0xff, 0xff, 0x01, 0x00, 0xff, 0xff, 0x01, 0x00, 0xff, 0xff, 0x01, 0x00, 0xff, 0xff, 0x01, 0x00,
    0xff, 0xff, 0x01, 0x00, 0xff, 0xff, 0x01, 0x00, 0xff, 0xff, 0x01, 0x00, 0xff, 0xff, 0x01, 0x00,
    0xff, 0xff, 0x01, 0x00, 0xff, 0xff, 0x01, 0x00, 0xff, 0xff, 0x01, 0x00, 0xff, 0xff, 0x01, 0x00,
    0xff, 0xff, 0x01, 0x00, 0xff, 0xff, 0x01, 0x00, 0xff, 0xff, 0x01, 0x00, 0xff, 0xff, 0x01, 0x00,
    0xff, 0xff, 0x01, 0x00, 0xff, 0xff, 0x01, 0x00, 0xff, 0xff, 0x01, 0x00, 0xff, 0xff, 0x01, 0x00,
    0xff, 0xff, 0x01, 0x00, 0xff, 0xff, 0x01, 0x00, 0xff, 0xff, 0x01, 0x00, 0xff, 0xff, 0x01, 0x00,
    0xff, 0xff, 0x01, 0x00, 0xff, 0xff, 0x01, 0x00, 0xff, 0xff, 0x01, 0x00, 0xff, 0xff, 0x01, 0x00,
    0xff, 0xff, 0x01, 0x00, 0xff, 0xff, 0x01, 0x00, 0xff, 0xff, 0x01, 0x00, 0xff, 0xff, 0x01, 0x00,
    0xff, 0xff, 0x01, 0x00, 0xff, 0xff, 0x01, 0x00, 0xff, 0xff, 0x01, 0x00, 0xff, 0xff, 0x01, 0x00,
    0xff, 0xff, 0x01, 0x00, 0xff, 0xff, 0x01, 0x00, 0xff, 0xff, 0x01, 0x00, 0xff, 0xff, 0x01, 0x00,
    0xff, 0xff, 0x01, 0x00, 0xff, 0xff, 0x01, 0x00, 0xff, 0xff, 0x01, 0x00, 0xff, 0xff, 0x01, 0x00,
    0xff, 0xff, 0x01, 0x00, 0xff, 0xff, 0x01, 0x00, 0xff, 0xff, 0x01, 0x00, 0xff, 0xff, 0x01, 0x00,
    0xff, 0xff, 0x01, 0x00, 0xff, 0xff, 0x01, 0x00, 0xff, 0xff, 0x01, 0x00, 0xff, 0xff, 0x01, 0x00,
    0xff, 0xff, 0x01, 0x00, 0xff, 0xff, 0x01, 0x00, 0xff, 0xff, 0x01, 0x00, 0xff, 0xff, 0x01, 0x00,
    0xff, 0xff, 0x01, 0x00, 0xff, 0xff, 0x01, 0x00, 0xff, 0xff, 0x01, 0x00, 0xff, 0xff, 0x01, 0x00,
    0xff, 0xff, 0x01, 0x00, 0xff, 0xff, 0x01, 0x00, 0xff, 0xff, 0x01, 0x00, 0xff, 0xff, 0x01, 0x00,
    0xff, 0xff, 0x01, 0x00, 0xff, 0xff, 0x01, 0x00, 0xff, 0xff, 0x01, 0x00, 0xff, 0xff, 0x01, 0x00,
    0xff, 0xff, 0x01, 0x00, 0xff, 0xff, 0x01, 0x00, 0xff, 0xff, 0x01, 0x00, 0xff, 0xff, 0x01, 0x00,
    0xff, 0xff, 0x01, 0x00, 0xff, 0xff, 0x01, 0x00, 0xff, 0xff, 0x01, 0x00, 0xff, 0xff, 0x01, 0x00,
    0xff, 0xff, 0x01, 0x00, 0xff, 0xff, 0x01, 0x00, 0xff, 0xff, 0x01, 0x00, 0xff, 0xff, 0x01, 0x00,
    0xff, 0xff, 0x01, 0x00, 0xff, 0xff, 0x01, 0x00, 0xff, 0xff, 0x01, 0x00, 0xff, 0xff, 0x01, 0x00,
    0xff, 0xff, 0x01, 0x00, 0xff, 0xff, 0x01, 0x00, 0xff, 0xff, 0x01, 0x00, 0xff, 0xff, 0x01, 0x00,
    0xff, 0xff, 0x01, 0x00, 0xff, 0xff, 0x01, 0x00, 0xff, 0xff, 0x01, 0x00, 0xff, 0xff, 0x01, 0x00,
    0xff, 0xff, 0x01, 0x00, 0xff, 0xff, 0x01, 0x00, 0xff, 0xff, 0x01, 0x00, 0xff, 0xff, 0x01, 0x00,
    0xff, 0xff, 0x01, 0x00, 0xff, 0xff, 0x01, 0x00, 0xff, 0xff, 0x01, 0x00, 0xff, 0xff, 0x01, 0x00,
    0xff, 0xff, 0x01, 0x00, 0xff, 0xff, 0x01, 0x00, 0xff, 0xff, 0x01, 0x00, 0xff, 0xff, 0x01, 0x00,
    0xff, 0xff, 0x01, 0x00, 0xff, 0xff, 0x01, 0x00, 0xff, 0xff, 0x01, 0x00, 0xff, 0xff, 0x01, 0x00,
    0xff, 0xff, 0x01, 0x00, 0xff, 0xff, 0x01, 0x00, 0xff, 0xff, 0x01, 0x00, 0xff, 0xff, 0x01, 0x00,
    0xff, 0xff, 0x01, 0x00, 0xff, 0xff, 0x01, 0x00, 0xff, 0xff, 0x01, 0x00, 0xff, 0xff, 0x01, 0x00,
    0xff, 0xff, 0x01, 0x00, 0xff, 0xff, 0x01, 0x00, 0xff, 0xff, 0x01, 0x00, 0xff, 0xff, 0x01, 0x00,
    0xff, 0xff, 0x01, 0x00, 0xff, 0xff, 0x01, 0x00, 0xff, 0xff, 0x01, 0x00, 0xff, 0xff, 0x01, 0x00,
    0xff, 0xff, 0x01, 0x00, 0xff, 0xff, 0x01, 0x00, 0xff, 0xff, 0x01, 0x00, 0xff, 0xff, 0x01, 0x00,
    0xff, 0xff, 0x01, 0x00, 0xff, 0xff, 0x01, 0x00, 0xff, 0xff, 0x01, 0x00, 0xff, 0xff, 0x01, 0x00,
    0xff, 0xff, 0x01, 0x00, 0xff, 0xff, 0x01, 0x00, 0xff, 0xff, 0x01, 0x00, 0xff, 0xff, 0x01, 0x00,
    0xff, 0xff, 0x01, 0x00, 0xff, 0xff, 0x01, 0x00, 0xff, 0xff, 0x01, 0x00, 0xff, 0xff, 0x01, 0x00,
    0xff, 0xff, 0x01, 0x00, 0xff, 0xff, 0x01, 0x00, 0xff, 0xff, 0x01, 0x00, 0xff, 0xff, 0x01, 0x00,
    0xff, 0xff, 0x01, 0x00, 0xff, 0xff, 0x01, 0x00, 0xff, 0xff, 0x01, 0x00, 0xff, 0xff, 0x01, 0x00,
    0xff, 0xff, 0x01, 0x00, 0xff, 0xff, 0x01, 0x00, 0xff, 0xff, 0x01, 0x00, 0xff, 0xff, 0x01, 0x00,
    0xff, 0xff, 0x01, 0x00, 0xff, 0xff, 0x01, 0x00, 0xff, 0xff, 0x01, 0x00, 0xff, 0xff, 0x01, 0x00,
    0xff, 0xff, 0x01, 0x00, 0xff, 0xff, 0x01, 0x00, 0xff, 0xff, 0x01, 0x00, 0xff, 0xff, 0x01, 0x00,
    0xff, 0xff, 0x01, 0x00, 0xff, 0xff, 0x01, 0x00, 0xff, 0xff, 0x01, 0x00, 0xff, 0xff, 0x01, 0x00,
    0xff, 0xff, 0x01, 0x00, 0xff, 0xff, 0x01, 0x00, 0xff, 0xff, 0x01, 0x00, 0xff, 0xff, 0x01, 0x00,
    0xff, 0xff, 0x01, 0x00, 0xff, 0xff, 0x01, 0x00, 0xff, 0xff, 0x01, 0x00, 0xff, 0xff, 0x01, 0x00,
    0xff, 0xff, 0x01, 0x00, 0xff, 0xff, 0x01, 0x00, 0xff, 0xff, 0x01, 0x00, 0xff, 0xff, 0x01, 0x00,
    0xff, 0xff, 0x01, 0x00, 0xff, 0xff, 0x01, 0x00, 0xff, 0xff, 0x01, 0x00, 0xff, 0xff, 0x01, 0x00,
    0xff, 0xff, 0x01, 0x00, 0xff, 0xff, 0x01, 0x00, 0xff, 0xff, 0x01, 0x00, 0xff, 0xff, 0x01, 0x00,
    0xff, 0xff, 0x01, 0x00, 0xff, 0xff, 0x01, 0x00, 0xff, 0xff, 0x01, 0x00, 0xff, 0xff, 0x01, 0x00,
    0xff, 0xff, 0x01, 0x00, 0xff, 0xff, 0x01, 0x00, 0xff, 0xff, 0x01, 0x00, 0xff, 0xff, 0x01, 0x00,
    0xff, 0xff, 0x01, 0x00, 0xff, 0xff, 0x01, 0x00, 0xff, 0xff, 0x01, 0x00, 0xff, 0xff, 0x01, 0x00,
    0xff, 0xff, 0x01, 0x00, 0xff, 0xff, 0x01, 0x00, 0xff, 0xff, 0x01, 0x00, 0xff, 0xff, 0x01, 0x00,
    0xff, 0xff, 0x01, 0x00, 0xff, 0xff, 0x01, 0x00, 0xff, 0xff, 0x01, 0x00, 0xff, 0xff, 0x01, 0x00,
    0xff, 0xff, 0x01, 0x00, 0xff, 0xff, 0x01, 0x00, 0xff, 0xff, 0x01, 0x00, 0xff, 0xff, 0x01, 0x00,
    0xff, 0xff, 0x01, 0x00, 0xff, 0xff, 0x01, 0x00, 0xff, 0xff, 0x01, 0x00, 0xff, 0xff, 0x01, 0x00,
    0xff, 0xff, 0x01, 0x00, 0xff, 0xff, 0x01, 0x00, 0xff, 0xff, 0x01, 0x00, 0xff, 0xff, 0x01, 0x00,
    0xff, 0xff, 0x01, 0x00, 0xff, 0xff, 0x01, 0x00, 0xff, 0xff, 0x01, 0x00, 0xff, 0xff, 0x01, 0x00,
    0xff, 0xff, 0x01, 0x00, 0xff, 0xff, 0x01, 0x00, 0xff, 0xff, 0x01, 0x00, 0xff, 0xff, 0x01, 0x00,
    0xff, 0xff, 0x01, 0x00, 0xff, 0xff, 0x01, 0x00, 0xff, 0xff, 0x01, 0x00, 0xff, 0xff, 0x01, 0x00,
    0xff, 0xff, 0x01, 0x00, 0xff, 0xff, 0x01, 0x00, 0xff, 0xff, 0x01, 0x00, 0xff, 0xff, 0x01, 0x00,
    0xff, 0xff, 0x01, 0x00, 0xff, 0xff, 0x01, 0x00, 0xff, 0xff, 0x01, 0x00, 0xff, 0xff, 0x01, 0x00,
    0xff, 0xff, 0x01, 0x00, 0xff, 0xff, 0x01, 0x00, 0xff, 0xff, 0x01, 0x00, 0xff, 0xff, 0x01, 0x00,
    0xff, 0xff, 0x01, 0x00, 0xff, 0xff, 0x01, 0x00, 0xff, 0xff, 0x01, 0x00, 0xff, 0xff, 0x01, 0x00,
    0xff, 0xff, 0x01, 0x00, 0xff, 0xff, 0x01, 0x00, 0xff, 0xff, 0x01, 0x00, 0xff, 0xff, 0x01, 0x00,
    0xff, 0xff, 0x01, 0x00, 0xff, 0xff, 0x01, 0x00, 0xff, 0xff, 0x01, 0x00, 0xff, 0xff, 0x01, 0x00,
    0xff, 0xff, 0x01, 0x00, 0xff, 0xff, 0x01, 0x00, 0xff, 0xff, 0x01, 0x00, 0xff, 0xff, 0x01, 0x00,
    0xff, 0xff, 0x01, 0x00, 0xff, 0xff, 0x01, 0x00, 0xff, 0xff, 0x01, 0x00, 0xff, 0xff, 0x01, 0x00,
    0xff, 0xff, 0x01, 0x00, 0xff, 0xff, 0x01, 0x00, 0xff, 0xff, 0x01, 0x00, 0xff, 0xff, 0x01, 0x00,
    0xff, 0xff, 0x01, 0x00, 0xff, 0xff, 0x01, 0x00, 0xff, 0xff, 0x01, 0x00, 0xff, 0xff, 0x01, 0x00,
    0xff, 0xff, 0x01, 0x00, 0xff, 0xff, 0x01, 0x00, 0xff, 0xff, 0x01, 0x00, 0xff, 0xff, 0x01, 0x00,
    0xff, 0xff, 0x01, 0x00, 0xff, 0xff, 0x01, 0x00, 0xff, 0xff, 0x01, 0x00, 0xff, 0xff, 0x01, 0x00,
    0xff, 0xff, 0x01, 0x00, 0xff, 0xff, 0x01, 0x00, 0xff, 0xff, 0x01, 0x00, 0xff, 0xff, 0x01, 0x00,
    0xff, 0xff, 0x01, 0x00, 0xff, 0xff, 0x01, 0x00, 0xff, 0xff, 0x01, 0x00, 0xff, 0xff, 0x01, 0x00,
    0xff, 0xff, 0x01, 0x00, 0xff, 0xff, 0x01, 0x00, 0xff, 0xff, 0x01, 0x00, 0xff, 0xff, 0x01, 0x00,
    0xff, 0xff, 0x01, 0x00, 0xff, 0xff, 0x01, 0x00, 0xff, 0xff, 0x01, 0x00, 0xff, 0xff, 0x01, 0x00,
    0xff, 0xff, 0x01, 0x00, 0xff, 0xff, 0x01, 0x00, 0xff, 0xff, 0x01, 0x00, 0xff, 0xff, 0x01, 0x00,
    0xff, 0xff, 0x01, 0x00, 0xff, 0xff, 0x01, 0x00, 0xff, 0xff, 0x01, 0x00, 0xff, 0xff, 0x01, 0x00,
    0xff, 0xff, 0x01, 0x00, 0xff, 0xff, 0x01, 0x00, 0xff, 0xff, 0x01, 0x00, 0xff, 0xff, 0x01, 0x00,
    0xff, 0xff, 0x01, 0x00, 0xff, 0xff, 0x01, 0x00, 0xff, 0xff, 0x01, 0x00, 0xff, 0xff, 0x01, 0x00,
    0xff, 0xff, 0x01, 0x00, 0xff, 0xff, 0x01, 0x00, 0xff, 0xff, 0x01, 0x00, 0xff, 0xff, 0x01, 0x00,
    0xff, 0xff, 0x01, 0x00, 0xff, 0xff, 0x01, 0x00, 0xff, 0xff, 0x01, 0x00, 0xff, 0xff, 0x01, 0x00,
    0xff, 0xff, 0x01, 0x00, 0xff, 0xff, 0x01, 0x00, 0xff, 0xff, 0x01, 0x00, 0xff, 0xff, 0x01, 0x00,
    0xff, 0xff, 0x01, 0x00, 0xff, 0xff, 0x01, 0x00, 0xff, 0xff, 0x01, 0x00, 0xff, 0xff, 0x01, 0x00,
    0xff, 0xff, 0x01, 0x00, 0xff, 0xff, 0x01, 0x00, 0xff, 0xff, 0x01, 0x00, 0xff, 0xff, 0x01, 0x00,
    0xff, 0xff, 0x01, 0x00, 0xff, 0xff, 0x01, 0x00, 0xff, 0xff, 0x01, 0x00, 0xff, 0xff, 0x01, 0x00,
    0xff, 0xff, 0x01, 0x00, 0xff, 0xff, 0x01, 0x00, 0xff, 0xff, 0x01, 0x00, 0xff, 0xff, 0x01, 0x00,
    0xff, 0xff, 0x01, 0x00, 0xff, 0xff, 0x01, 0x00, 0xff, 0xff, 0x01, 0x00, 0xff, 0xff, 0x01, 0x00,
    0xff, 0xff, 0x01, 0x00, 0xff, 0xff, 0x01, 0x00, 0xff, 0xff, 0x01, 0x00, 0xff, 0xff, 0x01, 0x00,
    0xff, 0xff, 0x01, 0x00, 0xff, 0xff, 0x01, 0x00, 0xff, 0xff, 0x01, 0x00, 0xff, 0xff, 0x01, 0x00,
    0xff, 0xff, 0x01, 0x00, 0xff, 0xff, 0x01, 0x00, 0xff, 0xff, 0x01, 0x00, 0xff, 0xff, 0x01, 0x00,
    0xff, 0xff, 0x01, 0x00, 0xff, 0xff, 0x01, 0x00, 0xff, 0xff, 0x01, 0x00, 0xff, 0xff, 0x01, 0x00,
    0xff, 0xff, 0x01, 0x00, 0xff, 0xff, 0x01, 0x00, 0xff, 0xff, 0x01, 0x00, 0xff, 0xff, 0x01, 0x00,
    0xff, 0xff, 0x01, 0x00, 0xff, 0xff, 0x01, 0x00, 0xff, 0xff, 0x01, 0x00, 0xff, 0xff, 0x01, 0x00,
    0xff, 0xff, 0x01, 0x00, 0xff, 0xff, 0x01, 0x00, 0xff, 0xff, 0x01, 0x00, 0xff, 0xff, 0x01, 0x00,
    0xff, 0xff, 0x01, 0x00, 0xff, 0xff, 0x01, 0x00, 0xff, 0xff, 0x01, 0x00, 0xff, 0xff, 0x01, 0x00,
    0xff, 0xff, 0x01, 0x00, 0xff, 0xff, 0x01, 0x00, 0xff, 0xff, 0x01, 0x00, 0xff, 0xff, 0x01, 0x00,
    0xff, 0xff, 0x01, 0x00, 0xff, 0xff, 0x01, 0x00, 0xff, 0xff, 0x01, 0x00, 0xff, 0xff, 0x01, 0x00,
    0xff, 0xff, 0x01, 0x00, 0xff, 0xff, 0x01, 0x00, 0xff, 0xff, 0x01, 0x00, 0xff, 0xff, 0x01, 0x00,
    0xff, 0xff, 0x01, 0x00, 0xff, 0xff, 0x01, 0x00, 0xff, 0xff, 0x01, 0x00, 0xff, 0xff, 0x01, 0x00,
    0xff, 0xff, 0x01, 0x00, 0xff, 0xff, 0x01, 0x00, 0xff, 0xff, 0x01, 0x00, 0xff, 0xff, 0x01, 0x00,
    0xff, 0xff, 0x01, 0x00, 0xff, 0xff, 0x01, 0x00, 0xff, 0xff, 0x01, 0x00, 0xff, 0xff, 0x01, 0x00,
    0xff, 0xff, 0x01, 0x00, 0xff, 0xff, 0x01, 0x00, 0xff, 0xff, 0x01, 0x00, 0xff, 0xff, 0x01, 0x00,
    0xff, 0xff, 0x01, 0x00, 0xff, 0xff, 0x01, 0x00, 0xff, 0xff, 0x01, 0x00, 0xff, 0xff, 0x01, 0x00,
    0xff, 0xff, 0x01, 0x00, 0xff, 0xff, 0x01, 0x00, 0xff, 0xff, 0x01, 0x00, 0xff, 0xff, 0x01, 0x00,
    0xff, 0xff, 0x01, 0x00, 0xff, 0xff, 0x01, 0x00, 0xff, 0xff, 0x01, 0x00, 0xff, 0xff, 0x01, 0x00,
    0xff, 0xff, 0x01, 0x00, 0xff, 0xff, 0x01, 0x00, 0xff, 0xff, 0x01, 0x00, 0xff, 0xff, 0x01, 0x00,
    0xff, 0xff, 0x01, 0x00, 0xff, 0xff, 0x01, 0x00, 0xff, 0xff, 0x01, 0x00, 0xff, 0xff, 0x01, 0x00,
    0xff, 0xff, 0x01, 0x00, 0xff, 0xff, 0x01, 0x00, 0xff, 0xff, 0x01, 0x00, 0xff, 0xff, 0x01, 0x00,
    0xff, 0xff, 0x01, 0x00, 0xff, 0xff, 0x01, 0x00, 0xff, 0xff, 0x01, 0x00, 0xff, 0xff, 0x01, 0x00,
    0xff, 0xff, 0x01, 0x00, 0xff, 0xff, 0x01, 0x00, 0xff, 0xff, 0x01, 0x00, 0xff, 0xff, 0x01, 0x00,
    0xff, 0xff, 0x01, 0x00, 0xff, 0xff, 0x01, 0x00, 0xff, 0xff, 0x01, 0x00, 0xff, 0xff, 0x01, 0x00,
    0xff, 0xff, 0x01, 0x00, 0xff, 0xff, 0x01, 0x00, 0xff, 0xff, 0x01, 0x00, 0xff, 0xff, 0x01, 0x00,
    0xff, 0xff, 0x01, 0x00, 0xff, 0xff, 0x01, 0x00, 0xff, 0xff, 0x01, 0x00, 0xff, 0xff, 0x01, 0x00,
    0xff, 0xff, 0x01, 0x00, 0xff, 0xff, 0x01, 0x00, 0xff, 0xff, 0x01, 0x00, 0xff, 0xff, 0x01, 0x00,
    0xff, 0xff, 0x01, 0x00, 0xff, 0xff, 0x01, 0x00, 0xff, 0xff, 0x01, 0x00, 0xff, 0xff, 0x01, 0x00,
    0xff, 0xff, 0x01, 0x00, 0xff, 0xff, 0x01, 0x00, 0xff, 0xff, 0x01, 0x00, 0xff, 0xff, 0x01, 0x00,
    0xff, 0xff, 0x01, 0x00, 0xff, 0xff, 0x01, 0x00, 0xff, 0xff, 0x01, 0x00, 0xff, 0xff, 0x01, 0x00,
    0xff, 0xff, 0x01, 0x00, 0xff, 0xff, 0x01, 0x00, 0xff, 0xff, 0x01, 0x00, 0xff, 0xff, 0x01, 0x00,
    0xff, 0xff, 0x01, 0x00, 0xff, 0xff, 0x01, 0x00, 0xff, 0xff, 0x01, 0x00, 0xff, 0xff, 0x01, 0x00,
    0xff, 0xff, 0x01, 0x00, 0xff, 0xff, 0x01, 0x00, 0xff, 0xff, 0x01, 0x00, 0xff, 0xff, 0x01, 0x00,
    0xff, 0xff, 0x01, 0x00, 0xff, 0xff, 0x01, 0x00, 0xff, 0xff, 0x01, 0x00, 0xff, 0xff, 0x01, 0x00,
    0xff, 0xff, 0x01, 0x00, 0xff, 0xff, 0x01, 0x00, 0xff, 0xff, 0x01, 0x00, 0xff, 0xff, 0x01, 0x00,
    0xff, 0xff, 0x01, 0x00, 0xff, 0xff, 0x01, 0x00, 0xff, 0xff, 0x01, 0x00, 0xff, 0xff, 0x01, 0x00,
    0xff, 0xff, 0x01, 0x00, 0xff, 0xff, 0x01, 0x00, 0xff, 0xff, 0x01, 0x00, 0xff, 0xff, 0x01, 0x00,
    0xff, 0xff, 0x01, 0x00, 0xff, 0xff, 0x01, 0x00, 0xff, 0xff, 0x01, 0x00, 0xff, 0xff, 0x01, 0x00,
    0xff, 0xff, 0x01, 0x00, 0xff, 0xff, 0x01, 0x00, 0xff, 0xff, 0x01, 0x00, 0xff, 0xff, 0x01, 0x00,
    0xff, 0xff, 0x01, 0x00, 0xff, 0xff, 0x01, 0x00, 0xff, 0xff, 0x01, 0x00, 0xff, 0xff, 0x01, 0x00,
    0xff, 0xff, 0x01, 0x00, 0xff, 0xff, 0x01, 0x00, 0xff, 0xff, 0x01, 0x00, 0xff, 0xff, 0x01, 0x00,
    0xff, 0xff, 0x01, 0x00, 0xff, 0xff, 0x01, 0x00, 0xff, 0xff, 0x01, 0x00, 0xff, 0xff, 0x01, 0x00,
    0xff, 0xff, 0x01, 0x00, 0xff, 0xff, 0x01, 0x00, 0xff, 0xff, 0x01, 0x00, 0xff, 0xff, 0x01, 0x00,
    0xff, 0xff, 0x01, 0x00, 0xff, 0xff, 0x01, 0x00, 0xff, 0xff, 0x01, 0x00, 0xff, 0xff, 0x01, 0x00,
    0xff, 0xff, 0x01, 0x00, 0xff, 0xff, 0x01, 0x00, 0xff, 0xff, 0x01, 0x00, 0xff, 0xff, 0x01, 0x00,
    0xff, 0xff, 0x01, 0x00, 0xff, 0xff, 0x01, 0x00, 0xff, 0xff, 0x01, 0x00, 0xff, 0xff, 0x01, 0x00,
    0xff, 0xff, 0x01, 0x00, 0xff, 0xff, 0x01, 0x00, 0xff, 0xff, 0x01, 0x00, 0xff, 0xff, 0x01, 0x00,
    0xff, 0xff, 0x01, 0x00, 0xff, 0xff, 0x01, 0x00, 0xff, 0xff, 0x01, 0x00, 0xff, 0xff, 0x01, 0x00,
    0xff, 0xff, 0x01, 0x00, 0xff, 0xff, 0x01, 0x00, 0xff, 0xff, 0x01, 0x00, 0xff, 0xff, 0x01, 0x00,
    0xff, 0xff, 0x01, 0x00, 0xff, 0xff, 0x01, 0x00, 0xff, 0xff, 0x01, 0x00, 0xff, 0xff, 0x01, 0x00,
    0xff, 0xff, 0x01, 0x00, 0xff, 0xff, 0x01, 0x00, 0xff, 0xff, 0x01, 0x00, 0xff, 0xff, 0x01, 0x00,
    0xff, 0xff, 0x01, 0x00, 0xff, 0xff, 0x01, 0x00, 0xff, 0xff, 0x01, 0x00, 0xff, 0xff, 0x01, 0x00,
    0xff, 0xff, 0x01, 0x00, 0xff, 0xff, 0x01, 0x00, 0xff, 0xff, 0x01, 0x00, 0xff, 0xff, 0x01, 0x00,
    0xff, 0xff, 0x01, 0x00, 0xff, 0xff, 0x01, 0x00, 0xff, 0xff, 0x01, 0x00, 0xff, 0xff, 0x01, 0x00,
    0xff, 0xff, 0x01, 0x00, 0xff, 0xff, 0x01, 0x00, 0xff, 0xff, 0x01, 0x00, 0xff, 0xff, 0x01, 0x00,
    0xff, 0xff, 0x01, 0x00, 0xff, 0xff, 0x01, 0x00, 0xff, 0xff, 0x01, 0x00, 0xff, 0xff, 0x01, 0x00,
    0xff, 0xff, 0x01, 0x00, 0xff, 0xff, 0x01, 0x00, 0xff, 0xff, 0x01, 0x00, 0xff, 0xff, 0x01, 0x00,
    0xff, 0xff, 0x01, 0x00, 0xff, 0xff, 0x01, 0x00, 0xff, 0xff, 0x01, 0x00, 0xff, 0xff, 0x01, 0x00,
    0xff, 0xff, 0x01, 0x00, 0xff, 0xff, 0x01, 0x00, 0xff, 0xff, 0x01, 0x00, 0xff, 0xff, 0x01, 0x00,
    0xff, 0xff, 0x01, 0x00, 0xff, 0xff, 0x01, 0x00, 0xff, 0xff, 0x01, 0x00, 0xff, 0xff, 0x01, 0x00,
    0xff, 0xff, 0x01, 0x00, 0xff, 0xff, 0x01, 0x00, 0xff, 0xff, 0x01, 0x00, 0xff, 0xff, 0x01, 0x00,
    0xff, 0xff, 0x01, 0x00, 0xff, 0xff, 0x01, 0x00, 0xff, 0xff, 0x01, 0x00, 0xff, 0xff, 0x01, 0x00,
    0xff, 0xff, 0x01, 0x00, 0xff, 0xff, 0x01, 0x00, 0xff, 0xff, 0x01, 0x00, 0xff, 0xff, 0x01, 0x00,
    0xff, 0xff, 0x01, 0x00, 0xff, 0xff, 0x01, 0x00, 0xff, 0xff, 0x01, 0x00, 0xff, 0xff, 0x01, 0x00,
    0xff, 0xff, 0x01, 0x00, 0xff, 0xff, 0x01, 0x00, 0xff, 0xff, 0x01, 0x00, 0xff, 0xff, 0x01, 0x00,
    0xff, 0xff, 0x01, 0x00, 0xff, 0xff, 0x01, 0x00, 0xff, 0xff, 0x01, 0x00, 0xff, 0xff, 0x01, 0x00,
    0xff, 0xff, 0x01, 0x00, 0xff, 0xff, 0x01, 0x00, 0xff, 0xff, 0x01, 0x00, 0xff, 0xff, 0x01, 0x00,
    0xff, 0xff, 0x01, 0x00, 0xff, 0xff, 0x01, 0x00, 0xff, 0xff, 0x01, 0x00, 0xff, 0xff, 0x01, 0x00,
    0xff, 0xff, 0x01, 0x00, 0xff, 0xff, 0x01, 0x00, 0xff, 0xff, 0x01, 0x00, 0xff, 0xff, 0x01, 0x00,
    0xff, 0xff, 0x01, 0x00, 0xff, 0xff, 0x01, 0x00, 0xff, 0xff, 0x01, 0x00, 0xff, 0xff, 0x01, 0x00,
    0xff, 0xff, 0x01, 0x00, 0xff, 0xff, 0x01, 0x00, 0xff, 0xff, 0x01, 0x00, 0xff, 0xff, 0x01, 0x00,
    0xff, 0xff, 0x01, 0x00, 0xff, 0xff, 0x01, 0x00, 0xff, 0xff, 0x01, 0x00, 0xff, 0xff, 0x01, 0x00,
    0xff, 0xff, 0x01, 0x00, 0xff, 0xff, 0x01, 0x00, 0xff, 0xff, 0x01, 0x00, 0xff, 0xff, 0x01, 0x00,
    0xff, 0xff, 0x01, 0x00, 0xff, 0xff, 0x01, 0x00, 0xff, 0xff, 0x01, 0x00, 0xff, 0xff, 0x01, 0x00,
    0xff, 0xff, 0x01, 0x00, 0xff, 0xff, 0x01, 0x00, 0xff, 0xff, 0x01, 0x00, 0xff, 0xff, 0x01, 0x00,
    0xff, 0xff, 0x01, 0x00, 0xff, 0xff, 0x01, 0x00, 0xff, 0xff, 0x01, 0x00, 0xff, 0xff, 0x01, 0x00,
    0xff, 0xff, 0x01, 0x00, 0xff, 0xff, 0x01, 0x00, 0xff, 0xff, 0x01, 0x00, 0xff, 0xff, 0x01, 0x00,
    0xff, 0xff, 0x01, 0x00, 0xff, 0xff, 0x01, 0x00, 0xff, 0xff, 0x01, 0x00, 0xff, 0xff, 0x01, 0x00,
    0xff, 0xff, 0x01, 0x00, 0xff, 0xff, 0x01, 0x00, 0xff, 0xff, 0x01, 0x00, 0xff, 0xff, 0x01, 0x00,
    0xff, 0xff, 0x01, 0x00, 0xff, 0xff, 0x01, 0x00, 0xff, 0xff, 0x01, 0x00, 0xff, 0xff, 0x01, 0x00,
    0xff, 0xff, 0x01, 0x00, 0xff, 0xff, 0x01, 0x00, 0xff, 0xff, 0x01, 0x00, 0xff, 0xff, 0x01, 0x00,
    0xff, 0xff, 0x01, 0x00, 0xff, 0xff, 0x01, 0x00, 0xff, 0xff, 0x01, 0x00, 0xff, 0xff, 0x01, 0x00,
    0xff, 0xff, 0x01, 0x00, 0xff, 0xff, 0x01, 0x00, 0xff, 0xff, 0x01, 0x00, 0xff, 0xff, 0x01, 0x00,
    0xff, 0xff, 0x01, 0x00, 0xff, 0xff, 0x01, 0x00, 0xff, 0xff, 0x01, 0x00, 0xff, 0xff, 0x01, 0x00,
    0xff, 0xff, 0x01, 0x00, 0xff, 0xff, 0x01, 0x00, 0xff, 0xff, 0x01, 0x00, 0xff, 0xff, 0x01, 0x00,
    0xff, 0xff, 0x01, 0x00, 0xff, 0xff, 0x01, 0x00, 0xff, 0xff, 0x01, 0x00, 0xff, 0xff, 0x01, 0x00,
    0xff, 0xff, 0x01, 0x00, 0xff, 0xff, 0x01, 0x00, 0xff, 0xff, 0x01, 0x00, 0xff, 0xff, 0x01, 0x00,
    0xff, 0xff, 0x01, 0x00, 0xff, 0xff, 0x01, 0x00, 0xff, 0xff, 0x01, 0x00, 0xff, 0xff, 0x01, 0x00,
    0xff, 0xff, 0x01, 0x00, 0xff, 0xff, 0x01, 0x00, 0xff, 0xff, 0x01, 0x00, 0xff, 0xff, 0x01, 0x00,
    0xff, 0xff, 0x01, 0x00, 0xff, 0xff, 0x01, 0x00, 0xff, 0xff, 0x01, 0x00, 0xff, 0xff, 0x01, 0x00,
    0xff, 0xff, 0x01, 0x00, 0xff, 0xff, 0x01, 0x00, 0xff, 0xff, 0x01, 0x00, 0xff, 0xff, 0x01, 0x00,
    0xff, 0xff, 0x01, 0x00, 0xff, 0xff, 0x01, 0x00, 0xff, 0xff, 0x01, 0x00, 0xff, 0xff, 0x01, 0x00,
    0xff, 0xff, 0x01, 0x00, 0xff, 0xff, 0x01, 0x00, 0xff, 0xff, 0x01, 0x00, 0xff, 0xff, 0x01, 0x00,
    0xff, 0xff, 0x01, 0x00, 0xff, 0xff, 0x01, 0x00, 0xff, 0xff, 0x01, 0x00, 0xff, 0xff, 0x01, 0x00,
    0xff, 0xff, 0x01, 0x00, 0xff, 0xff, 0x01, 0x00, 0xff, 0xff, 0x01, 0x00, 0xff, 0xff, 0x01, 0x00,
    0xff, 0xff, 0x01, 0x00, 0xff, 0xff, 0x01, 0x00, 0xff, 0xff, 0x01, 0x00, 0xff, 0xff, 0x01, 0x00,
    0xff, 0xff, 0x01, 0x00, 0xff, 0xff, 0x01, 0x00, 0xff, 0xff, 0x01, 0x00, 0xff, 0xff, 0x01, 0x00,
    0xff, 0xff, 0x01, 0x00, 0xff, 0xff, 0x01, 0x00, 0xff, 0xff, 0x01, 0x00, 0xff, 0xff, 0x01, 0x00,
    0xff, 0xff, 0x01, 0x00, 0xff, 0xff, 0x01, 0x00, 0xff, 0xff, 0x01, 0x00, 0xff, 0xff, 0x01, 0x00,
    0xff, 0xff, 0x01, 0x00, 0xff, 0xff, 0x01, 0x00, 0xff, 0xff, 0x01, 0x00, 0xff, 0xff, 0x01, 0x00,
    0xff, 0xff, 0x01, 0x00, 0xff, 0xff, 0x01, 0x00, 0xff, 0xff, 0x01, 0x00, 0xff, 0xff, 0x01, 0x00,
    0xff, 0xff, 0x01, 0x00, 0xff, 0xff, 0x01, 0x00, 0xff, 0xff, 0x01, 0x00, 0xff, 0xff, 0x01, 0x00,
    0xff, 0xff, 0x01, 0x00, 0xff, 0xff, 0x01, 0x00, 0xff, 0xff, 0x01, 0x00, 0xff, 0xff, 0x01, 0x00,
    0xff, 0xff, 0x01, 0x00, 0xff, 0xff, 0x01, 0x00, 0xff, 0xff, 0x01, 0x00, 0xff, 0xff, 0x01, 0x00,
    0xff, 0xff, 0x01, 0x00, 0xff, 0xff, 0x01, 0x00, 0xff, 0xff, 0x01, 0x00, 0xff, 0xff, 0x01, 0x00,
    0xff, 0xff, 0x01, 0x00, 0xff, 0xff, 0x01, 0x00, 0xff, 0xff, 0x01, 0x00, 0xff, 0xff, 0x01, 0x00,
    0xff, 0xff, 0x01, 0x00, 0xff, 0xff, 0x01, 0x00, 0xff, 0xff, 0x01, 0x00, 0xff, 0xff, 0x01, 0x00,
    0xff, 0xff, 0x01, 0x00, 0xff, 0xff, 0x01, 0x00, 0xff, 0xff, 0x01, 0x00, 0xff, 0xff, 0x01, 0x00,
    0xff, 0xff, 0x01, 0x00, 0xff, 0xff, 0x01, 0x00, 0xff, 0xff, 0x01, 0x00, 0xff, 0xff, 0x01, 0x00,
    0xff, 0xff, 0x01, 0x00, 0xff, 0xff, 0x01, 0x00, 0xff, 0xff, 0x01, 0x00, 0xff, 0xff, 0x01, 0x00,
    0xff, 0xff, 0x01, 0x00, 0xff, 0xff, 0x01, 0x00, 0xff, 0xff, 0x01, 0x00, 0xff, 0xff, 0x01, 0x00,
    0xff, 0xff, 0x01, 0x00, 0xff, 0xff, 0x01, 0x00, 0xff, 0xff, 0x01, 0x00, 0xff, 0xff, 0x01, 0x00,
    0xff, 0xff, 0x01, 0x00, 0xff, 0xff, 0x01, 0x00, 0xff, 0xff, 0x01, 0x00, 0xff, 0xff, 0x01, 0x00,
    0xff, 0xff, 0x01, 0x00, 0xff, 0xff, 0x01, 0x00, 0xff, 0xff, 0x01, 0x00, 0xff, 0xff, 0x01, 0x00,
    0xff, 0xff, 0x01, 0x00, 0xff, 0xff, 0x01, 0x00, 0xff, 0xff, 0x01, 0x00, 0xff, 0xff, 0x01, 0x00,
    0xff, 0xff, 0x01, 0x00, 0xff, 0xff, 0x01, 0x00, 0xff, 0xff, 0x01, 0x00, 0xff, 0xff, 0x01, 0x00,
    0xff, 0xff, 0x01, 0x00, 0xff, 0xff, 0x01, 0x00, 0xff, 0xff, 0x01, 0x00, 0xff, 0xff, 0x01, 0x00,
    0xff, 0xff, 0x01, 0x00, 0xff, 0xff, 0x01, 0x00, 0xff, 0xff, 0x01, 0x00, 0xff, 0xff, 0x01, 0x00,
    0xff, 0xff, 0x01, 0x00, 0xff, 0xff, 0x01, 0x00, 0xff, 0xff, 0x01, 0x00, 0xff, 0xff, 0x01, 0x00,
    0xff, 0xff, 0x01, 0x00, 0xff, 0xff, 0x01, 0x00, 0xff, 0xff, 0x01, 0x00, 0xff, 0xff, 0x01, 0x00,
    0xff, 0xff, 0x01, 0x00, 0xff, 0xff, 0x01, 0x00, 0xff, 0xff, 0x01, 0x00, 0xff, 0xff, 0x01, 0x00,
    0xff, 0xff, 0x01, 0x00, 0xff, 0xff, 0x01, 0x00, 0xff, 0xff, 0x01, 0x00, 0xff, 0xff, 0x01, 0x00,
    0xff, 0xff, 0x01, 0x00, 0xff, 0xff, 0x01, 0x00, 0xff, 0xff, 0x01, 0x00, 0xff, 0xff, 0x01, 0x00,
    0xff, 0xff, 0x01, 0x00, 0xff, 0xff, 0x01, 0x00, 0xff, 0xff, 0x01, 0x00, 0xff, 0xff, 0x01, 0x00,
    0xff, 0xff, 0x01, 0x00, 0xff, 0xff, 0x01, 0x00, 0xff, 0xff, 0x01, 0x00, 0xff, 0xff, 0x01, 0x00,
    0xff, 0xff, 0x01, 0x00, 0xff, 0xff, 0x01, 0x00, 0xff, 0xff, 0x01, 0x00, 0xff, 0xff, 0x01, 0x00,
    0xff, 0xff, 0x01, 0x00, 0xff, 0xff, 0x01, 0x00, 0xff, 0xff, 0x01, 0x00, 0xff, 0xff, 0x01, 0x00,
    0xff, 0xff, 0x01, 0x00, 0xff, 0xff, 0x01, 0x00, 0xff, 0xff, 0x01, 0x00, 0xff, 0xff, 0x01, 0x00,
    0xff, 0xff, 0x01, 0x00, 0xff, 0xff, 0x01, 0x00, 0xff, 0xff, 0x01, 0x00, 0xff, 0xff, 0x01, 0x00,
    0xff, 0xff, 0x01, 0x00, 0xff, 0xff, 0x01, 0x00, 0xff, 0xff, 0x01, 0x00, 0xff, 0xff, 0x01, 0x00,
    0xff, 0xff, 0x01, 0x00, 0xff, 0xff, 0x01, 0x00, 0xff, 0xff, 0x01, 0x00, 0xff, 0xff, 0x01, 0x00,
    0xff, 0xff, 0x01, 0x00, 0xff, 0xff, 0x01, 0x00, 0xff, 0xff, 0x01, 0x00, 0xff, 0xff, 0x01, 0x00,
    0xff, 0xff, 0x01, 0x00, 0xff, 0xff, 0x01, 0x00, 0xff, 0xff, 0x01, 0x00, 0xff, 0xff, 0x01, 0x00,
    0xff, 0xff, 0x01, 0x00, 0xff, 0xff, 0x01, 0x00, 0xff, 0xff, 0x01, 0x00, 0xff, 0xff, 0x01, 0x00,
    0xff, 0xff, 0x01, 0x00, 0xff, 0xff, 0x01, 0x00, 0xff, 0xff, 0x01, 0x00, 0xff, 0xff, 0x01, 0x00,
    0xff, 0xff, 0x01, 0x00, 0xff, 0xff, 0x01, 0x00, 0xff, 0xff, 0x01, 0x00, 0xff, 0xff, 0x01, 0x00,
    0xff, 0xff, 0x01, 0x00, 0xff, 0xff, 0x01, 0x00, 0xff, 0xff, 0x01, 0x00, 0xff, 0xff, 0x01, 0x00,
    0xff, 0xff, 0x01, 0x00, 0xff, 0xff, 0x01, 0x00, 0xff, 0xff, 0x01, 0x00, 0xff, 0xff, 0x01, 0x00,
    0xff, 0xff, 0x01, 0x00, 0xff, 0xff, 0x01, 0x00, 0xff, 0xff, 0x01, 0x00, 0xff, 0xff, 0x01, 0x00,
    0xff, 0xff, 0x01, 0x00, 0xff, 0xff, 0x01, 0x00, 0xff, 0xff, 0x01, 0x00, 0xff, 0xff, 0x01, 0x00,
    0xff, 0xff, 0x01, 0x00, 0xff, 0xff, 0x01, 0x00, 0xff, 0xff, 0x01, 0x00, 0xff, 0xff, 0x01, 0x00,
    0xff, 0xff, 0x01, 0x00, 0xff, 0xff, 0x01, 0x00, 0xff, 0xff, 0x01, 0x00, 0xff, 0xff, 0x01, 0x00,
    0xff, 0xff, 0x01, 0x00, 0xff, 0xff, 0x01, 0x00, 0xff, 0xff, 0x01, 0x00, 0xff, 0xff, 0x01, 0x00,
    0xff, 0xff, 0x01, 0x00, 0xff, 0xff, 0x01, 0x00, 0xff, 0xff, 0x01, 0x00, 0xff, 0xff, 0x01, 0x00,
    0xff, 0xff, 0x01, 0x00, 0xff, 0xff, 0x01, 0x00, 0xff, 0xff, 0x01, 0x00, 0xff, 0xff, 0x01, 0x00,
    0xff, 0xff, 0x01, 0x00, 0xff, 0xff, 0x01, 0x00, 0xff, 0xff, 0x01, 0x00, 0xff, 0xff, 0x01, 0x00,
    0xff, 0xff, 0x01, 0x00, 0xff, 0xff, 0x01, 0x00, 0xff, 0xff, 0x01, 0x00, 0xff, 0xff, 0x01, 0x00,
    0xff, 0xff, 0x01, 0x00, 0xff, 0xff, 0x01, 0x00, 0xff, 0xff, 0x01, 0x00, 0xff, 0xff, 0x01, 0x00,
    0xff, 0xff, 0x01, 0x00, 0xff, 0xff, 0x01, 0x00, 0xff, 0xff, 0x01, 0x00, 0xff, 0xff, 0x01, 0x00,
    0xff, 0xff, 0x01, 0x00, 0xff, 0xff, 0x01, 0x00, 0xff, 0xff, 0x01, 0x00, 0xff, 0xff, 0x01, 0x00,
    0xff, 0xff, 0x01, 0x00, 0xff, 0xff, 0x01, 0x00, 0xff, 0xff, 0x01, 0x00, 0xff, 0xff, 0x01, 0x00,
    0xff, 0xff, 0x01, 0x00, 0xff, 0xff, 0x01, 0x00, 0xff, 0xff, 0x01, 0x00, 0xff, 0xff, 0x01, 0x00,
    0xff, 0xff, 0x01, 0x00, 0xff, 0xff, 0x01, 0x00, 0xff, 0xff, 0x01, 0x00, 0xff, 0xff, 0x01, 0x00,
    0xff, 0xff, 0x01, 0x00, 0xff, 0xff, 0x01, 0x00, 0xff, 0xff, 0x01, 0x00, 0xff, 0xff, 0x01, 0x00,
    0xff, 0xff, 0x01, 0x00, 0xff, 0xff, 0x01, 0x00, 0xff, 0xff, 0x01, 0x00, 0xff, 0xff, 0x01, 0x00,
    0xff, 0xff, 0x01, 0x00, 0xff, 0xff, 0x01, 0x00, 0xff, 0xff, 0x01, 0x00, 0xff, 0xff, 0x01, 0x00,
    0xff, 0xff, 0x01, 0x00, 0xff, 0xff, 0x01, 0x00, 0xff, 0xff, 0x01, 0x00, 0xff, 0xff, 0x01, 0x00,
    0xff, 0xff, 0x01, 0x00, 0xff, 0xff, 0x01, 0x00, 0xff, 0xff, 0x01, 0x00, 0xff, 0xff, 0x01, 0x00,
    0xff, 0xff, 0x01, 0x00, 0xff, 0xff, 0x01, 0x00, 0xff, 0xff, 0x01, 0x00, 0xff, 0xff, 0x01, 0x00,
    0xff, 0xff, 0x01, 0x00, 0xff, 0xff, 0x01, 0x00, 0xff, 0xff, 0x01, 0x00, 0xff, 0xff, 0x01, 0x00,
    0xff, 0xff, 0x01, 0x00, 0xff, 0xff, 0x01, 0x00, 0xff, 0xff, 0x01, 0x00, 0xff, 0xff, 0x01, 0x00,
    0xff, 0xff, 0x01, 0x00, 0xff, 0xff, 0x01, 0x00, 0xff, 0xff, 0x01, 0x00, 0xff, 0xff, 0x01, 0x00,
    0xff, 0xff, 0x01, 0x00, 0xff, 0xff, 0x01, 0x00, 0xff, 0xff, 0x01, 0x00, 0xff, 0xff, 0x01, 0x00,
    0xff, 0xff, 0x01, 0x00, 0xff, 0xff, 0x01, 0x00, 0xff, 0xff, 0x01, 0x00, 0xff, 0xff, 0x01, 0x00,
    0xff, 0xff, 0x01, 0x00, 0xff, 0xff, 0x01, 0x00, 0xff, 0xff, 0x01, 0x00, 0xff, 0xff, 0x01, 0x00,
    0xff, 0xff, 0x01, 0x00, 0xff, 0xff, 0x01, 0x00, 0xff, 0xff, 0x01, 0x00, 0xff, 0xff, 0x01, 0x00,
    0xff, 0xff, 0x01, 0x00, 0xff, 0xff, 0x01, 0x00, 0xff, 0xff, 0x01, 0x00, 0xff, 0xff, 0x01, 0x00,
    0xff, 0xff, 0x01, 0x00, 0xff, 0xff, 0x01, 0x00, 0xff, 0xff, 0x01, 0x00, 0xff, 0xff, 0x01, 0x00,
    0xff, 0xff, 0x01, 0x00, 0xff, 0xff, 0x01, 0x00, 0xff, 0xff, 0x01, 0x00, 0xff, 0xff, 0x01, 0x00,
    0xff, 0xff, 0x01, 0x00, 0xff, 0xff, 0x01, 0x00, 0xff, 0xff, 0x01, 0x00, 0xff, 0xff, 0x01, 0x00,
    0xff, 0xff, 0x01, 0x00, 0xff, 0xff, 0x01, 0x00, 0xff, 0xff, 0x01, 0x00, 0xff, 0xff, 0x01, 0x00,
    0xff, 0xff, 0x01, 0x00, 0xff, 0xff, 0x01, 0x00, 0xff, 0xff, 0x01, 0x00, 0xff, 0xff, 0x01, 0x00,
    0xff, 0xff, 0x01, 0x00, 0xff, 0xff, 0x01, 0x00, 0xff, 0xff, 0x01, 0x00, 0xff, 0xff, 0x01, 0x00,
    0xff, 0xff, 0x01, 0x00, 0xff, 0xff, 0x01, 0x00, 0xff, 0xff, 0x01, 0x00, 0xff, 0xff, 0x01, 0x00,
    0xff, 0xff, 0x01, 0x00, 0xff, 0xff, 0x01, 0x00, 0xff, 0xff, 0x01, 0x00, 0xff, 0xff, 0x01, 0x00,
    0xff, 0xff, 0x01, 0x00, 0xff, 0xff, 0x01, 0x00, 0xff, 0xff, 0x01, 0x00, 0xff, 0xff, 0x01, 0x00,
    0xff, 0xff, 0x01, 0x00, 0xff, 0xff, 0x01, 0x00, 0xff, 0xff, 0x01, 0x00, 0xff, 0xff, 0x01, 0x00,
    0xff, 0xff, 0x01, 0x00, 0xff, 0xff, 0x01, 0x00, 0xff, 0xff, 0x01, 0x00, 0xff, 0xff, 0x01, 0x00,
    0xff, 0xff, 0x01, 0x00, 0xff, 0xff, 0x01, 0x00, 0xff, 0xff, 0x01, 0x00, 0xff, 0xff, 0x01, 0x00,
    0xff, 0xff, 0x01, 0x00, 0xff, 0xff, 0x01, 0x00, 0xff, 0xff, 0x01, 0x00, 0xff, 0xff, 0x01, 0x00,
    0xff, 0xff, 0x01, 0x00, 0xff, 0xff, 0x01, 0x00, 0xff, 0xff, 0x01, 0x00, 0xff, 0xff, 0x01, 0x00,
    0xff, 0xff, 0x01, 0x00, 0xff, 0xff, 0x01, 0x00, 0xff, 0xff, 0x01, 0x00, 0xff, 0xff, 0x01, 0x00,
    0xff, 0xff, 0x01, 0x00, 0xff, 0xff, 0x01, 0x00, 0xff, 0xff, 0x01, 0x00, 0xff, 0xff, 0x01, 0x00,
    0xff, 0xff, 0x01, 0x00, 0xff, 0xff, 0x01, 0x00, 0xff, 0xff, 0x01, 0x00, 0xff, 0xff, 0x01, 0x00,
    0xff, 0xff, 0x01, 0x00, 0xff, 0xff, 0x01, 0x00, 0xff, 0xff, 0x01, 0x00, 0xff, 0xff, 0x01, 0x00,
    0xff, 0xff, 0x01, 0x00, 0xff, 0xff, 0x01, 0x00, 0xff, 0xff, 0x01, 0x00, 0xff, 0xff, 0x01, 0x00,
    0xff, 0xff, 0x01, 0x00, 0xff, 0xff, 0x01, 0x00, 0xff, 0xff, 0x01, 0x00, 0xff, 0xff, 0x01, 0x00,
    0xff, 0xff, 0x01, 0x00, 0xff, 0xff, 0x01, 0x00, 0xff, 0xff, 0x01, 0x00, 0xff, 0xff, 0x01, 0x00,
    0xff, 0xff, 0x01, 0x00, 0xff, 0xff, 0x01, 0x00, 0xff, 0xff, 0x01, 0x00, 0xff, 0xff, 0x01, 0x00,
    0xff, 0xff, 0x01, 0x00, 0xff, 0xff, 0x01, 0x00, 0xff, 0xff, 0x01, 0x00, 0xff, 0xff, 0x01, 0x00,
    0xff, 0xff, 0x01, 0x00, 0xff, 0xff, 0x01, 0x00, 0xff, 0xff, 0x01, 0x00, 0xff, 0xff, 0x01, 0x00,
    0xff, 0xff, 0x01, 0x00, 0xff, 0xff, 0x01, 0x00, 0xff, 0xff, 0x01, 0x00, 0xff, 0xff, 0x01, 0x00,
    0xff, 0xff, 0x01, 0x00, 0xff, 0xff, 0x01, 0x00, 0xff, 0xff, 0x01, 0x00, 0xff, 0xff, 0x01, 0x00,
    0xff, 0xff, 0x01, 0x00, 0xff, 0xff, 0x01, 0x00, 0xff, 0xff, 0x01, 0x00, 0xff, 0xff, 0x01, 0x00,
    0xff, 0xff, 0x01, 0x00, 0xff, 0xff, 0x01, 0x00, 0xff, 0xff, 0x01, 0x00, 0xff, 0xff, 0x01, 0x00,
    0xff, 0xff, 0x01, 0x00, 0xff, 0xff, 0x01, 0x00, 0xff, 0xff, 0x01, 0x00, 0xff, 0xff, 0x01, 0x00,
    0xff, 0xff, 0x01, 0x00, 0xff, 0xff, 0x01, 0x00, 0xff, 0xff, 0x01, 0x00, 0xff, 0xff, 0x01, 0x00,
    0xff, 0xff, 0x01, 0x00, 0xff, 0xff, 0x01, 0x00, 0xff, 0xff, 0x01, 0x00, 0xff, 0xff, 0x01, 0x00,
    0xff, 0xff, 0x01, 0x00, 0xff, 0xff, 0x01, 0x00, 0xff, 0xff, 0x01, 0x00, 0xff, 0xff, 0x01, 0x00,
    0xff, 0xff, 0x01, 0x00, 0xff, 0xff, 0x01, 0x00, 0xff, 0xff, 0x01, 0x00, 0xff, 0xff, 0x01, 0x00,
    0xff, 0xff, 0x01, 0x00, 0xff, 0xff, 0x01, 0x00, 0xff, 0xff, 0x01, 0x00, 0xff, 0xff, 0x01, 0x00,
    0xff, 0xff, 0x01, 0x00, 0xff, 0xff, 0x01, 0x00, 0xff, 0xff, 0x01, 0x00, 0xff, 0xff, 0x01, 0x00,
    0xff, 0xff, 0x01, 0x00, 0xff, 0xff, 0x01, 0x00, 0xff, 0xff, 0x01, 0x00, 0xff, 0xff, 0x01, 0x00,
    0xff, 0xff, 0x01, 0x00, 0xff, 0xff, 0x01, 0x00, 0xff, 0xff, 0x01, 0x00, 0xff, 0xff, 0x01, 0x00,
    0xff, 0xff, 0x01, 0x00, 0xff, 0xff, 0x01, 0x00, 0xff, 0xff, 0x01, 0x00, 0xff, 0xff, 0x01, 0x00,
    0xff, 0xff, 0x01, 0x00, 0xff, 0xff, 0x01, 0x00, 0xff, 0xff, 0x01, 0x00, 0xff, 0xff, 0x01, 0x00,
    0xff, 0xff, 0x01, 0x00, 0xff, 0xff, 0x01, 0x00, 0xff, 0xff, 0x01, 0x00, 0xff, 0xff, 0x01, 0x00,
    0xff, 0xff, 0x01, 0x00, 0xff, 0xff, 0x01, 0x00, 0xff, 0xff, 0x01, 0x00, 0xff, 0xff, 0x01, 0x00,
    0xff, 0xff, 0x01, 0x00, 0xff, 0xff, 0x01, 0x00, 0xff, 0xff, 0x01, 0x00, 0xff, 0xff, 0x01, 0x00,
    0xff, 0xff, 0x01, 0x00, 0xff, 0xff, 0x01, 0x00, 0xff, 0xff, 0x01, 0x00, 0xff, 0xff, 0x01, 0x00,
    0xff, 0xff, 0x01, 0x00, 0xff, 0xff, 0x01, 0x00, 0xff, 0xff, 0x01, 0x00, 0xff, 0xff, 0x01, 0x00,
    0xff, 0xff, 0x01, 0x00, 0xff, 0xff, 0x01, 0x00, 0xff, 0xff, 0x01, 0x00, 0xff, 0xff, 0x01, 0x00,
    0xff, 0xff, 0x01, 0x00, 0xff, 0xff, 0x01, 0x00, 0xff, 0xff, 0x01, 0x00, 0xff, 0xff, 0x01, 0x00,
    0xff, 0xff, 0x01, 0x00, 0xff, 0xff, 0x01, 0x00, 0xff, 0xff, 0x01, 0x00, 0xff, 0xff, 0x01, 0x00,
    0xff, 0xff, 0x01, 0x00, 0xff, 0xff, 0x01, 0x00, 0xff, 0xff, 0x01, 0x00, 0xff, 0xff, 0x01, 0x00,
    0xff, 0xff, 0x01, 0x00, 0xff, 0xff, 0x01, 0x00, 0xff, 0xff, 0x01, 0x00, 0xff, 0xff, 0x01, 0x00,
    0xff, 0xff, 0x01, 0x00, 0xff, 0xff, 0x01, 0x00, 0xff, 0xff, 0x01, 0x00, 0xff, 0xff, 0x01, 0x00,
    0xff, 0xff, 0x01, 0x00, 0xff, 0xff, 0x01, 0x00, 0xff, 0xff, 0x01, 0x00, 0xff, 0xff, 0x01, 0x00,
    0xff, 0xff, 0x01, 0x00, 0xff, 0xff, 0x01, 0x00, 0xff, 0xff, 0x01, 0x00, 0xff, 0xff, 0x01, 0x00,
    0xff, 0xff, 0x01, 0x00, 0xff, 0xff, 0x01, 0x00, 0xff, 0xff, 0x01, 0x00, 0xff, 0xff, 0x01, 0x00,
    0xff, 0xff, 0x01, 0x00, 0xff, 0xff, 0x01, 0x00, 0xff, 0xff, 0x01, 0x00, 0xff, 0xff, 0x01, 0x00,
    0xff, 0xff, 0x01, 0x00, 0xff, 0xff, 0x01, 0x00, 0xff, 0xff, 0x01, 0x00, 0xff, 0xff, 0x01, 0x00,
    0xff, 0xff, 0x01, 0x00, 0xff, 0xff, 0x01, 0x00, 0xff, 0xff, 0x01, 0x00, 0xff, 0xff, 0x01, 0x00,
    0xff, 0xff, 0x01, 0x00, 0xff, 0xff, 0x01, 0x00, 0xff, 0xff, 0x01, 0x00, 0xff, 0xff, 0x01, 0x00,
    0xff, 0xff, 0x01, 0x00, 0xff, 0xff, 0x01, 0x00, 0xff, 0xff, 0x01, 0x00, 0xff, 0xff, 0x01, 0x00,
    0xff, 0xff, 0x01, 0x00, 0xff, 0xff, 0x01, 0x00, 0xff, 0xff, 0x01, 0x00, 0xff, 0xff, 0x01, 0x00,
    0xff, 0xff, 0x01, 0x00, 0xff, 0xff, 0x01, 0x00, 0xff, 0xff, 0x01, 0x00, 0xff, 0xff, 0x01, 0x00,
    0xff, 0xff, 0x01, 0x00, 0xff, 0xff, 0x01, 0x00, 0xff, 0xff, 0x01, 0x00, 0xff, 0xff, 0x01, 0x00,
    0xff, 0xff, 0x01, 0x00, 0xff, 0xff, 0x01, 0x00, 0xff, 0xff, 0x01, 0x00, 0xff, 0xff, 0x01, 0x00,
    0xff, 0xff, 0x01, 0x00, 0xff, 0xff, 0x01, 0x00, 0xff, 0xff, 0x01, 0x00, 0xff, 0xff, 0x01, 0x00,
    0xff, 0xff, 0x01, 0x00, 0xff, 0xff, 0x01, 0x00, 0xff, 0xff, 0x01, 0x00, 0xff, 0xff, 0x01, 0x00,
    0xff, 0xff, 0x01, 0x00, 0xff, 0xff, 0x01, 0x00, 0xff, 0xff, 0x01, 0x00, 0xff, 0xff, 0x01, 0x00,
    0xff, 0xff, 0x01, 0x00, 0xff, 0xff, 0x01, 0x00, 0xff, 0xff, 0x01, 0x00, 0xff, 0xff, 0x01, 0x00,
    0xff, 0xff, 0x01, 0x00, 0xff, 0xff, 0x01, 0x00, 0xff, 0xff, 0x01, 0x00, 0xff, 0xff, 0x01, 0x00,
    0xff, 0xff, 0x01, 0x00, 0xff, 0xff, 0x01, 0x00, 0xff, 0xff, 0x01, 0x00, 0xff, 0xff, 0x01, 0x00,
    0xff, 0xff, 0x01, 0x00, 0xff, 0xff, 0x01, 0x00, 0xff, 0xff, 0x01, 0x00, 0xff, 0xff, 0x01, 0x00,
    0xff, 0xff, 0x01, 0x00, 0xff, 0xff, 0x01, 0x00, 0xff, 0xff, 0x01, 0x00, 0xff, 0xff, 0x01, 0x00,
    0xff, 0xff, 0x01, 0x00, 0xff, 0xff, 0x01, 0x00, 0xff, 0xff, 0x01, 0x00, 0xff, 0xff, 0x01, 0x00,
    0xff, 0xff, 0x01, 0x00, 0xff, 0xff, 0x01, 0x00, 0xff, 0xff, 0x01, 0x00, 0xff, 0xff, 0x01, 0x00,
    0xff, 0xff, 0x01, 0x00, 0xff, 0xff, 0x01, 0x00, 0xff, 0xff, 0x01, 0x00, 0xff, 0xff, 0x01, 0x00,
    0xff, 0xff, 0x01, 0x00, 0xff, 0xff, 0x01, 0x00, 0xff, 0xff, 0x01, 0x00, 0xff, 0xff, 0x01, 0x00,
    0xff, 0xff, 0x01, 0x00, 0xff, 0xff, 0x01, 0x00, 0xff, 0xff, 0x01, 0x00, 0xff, 0xff, 0x01, 0x00,
    0xff, 0xff, 0x01, 0x00, 0xff, 0xff, 0x01, 0x00, 0xff, 0xff, 0x01, 0x00, 0xff, 0xff, 0x01, 0x00,
    0xff, 0xff, 0x01, 0x00, 0xff, 0xff, 0x01, 0x00, 0xff, 0xff, 0x01, 0x00, 0xff, 0xff, 0x01, 0x00,
    0xff, 0xff, 0x01, 0x00, 0xff, 0xff, 0x01, 0x00, 0xff, 0xff, 0x01, 0x00, 0xff, 0xff, 0x01, 0x00,
    0xff, 0xff, 0x01, 0x00, 0xff, 0xff, 0x01, 0x00, 0xff, 0xff, 0x01, 0x00, 0xff, 0xff, 0x01, 0x00,
    0xff, 0xff, 0x01, 0x00, 0xff, 0xff, 0x01, 0x00, 0xff, 0xff, 0x01, 0x00, 0xff, 0xff, 0x01, 0x00,
    0xff, 0xff, 0x01, 0x00, 0xff, 0xff, 0x01, 0x00, 0xff, 0xff, 0x01, 0x00, 0xff, 0xff, 0x01, 0x00,
    0xff, 0xff, 0x01, 0x00, 0xff, 0xff, 0x01, 0x00, 0xff, 0xff, 0x01, 0x00, 0xff, 0xff, 0x01, 0x00,
    0xff, 0xff, 0x01, 0x00, 0xff, 0xff, 0x01, 0x00, 0xff, 0xff, 0x01, 0x00, 0xff, 0xff, 0x01, 0x00,
    0xff, 0xff, 0x01, 0x00, 0xff, 0xff, 0x01, 0x00, 0xff, 0xff, 0x01, 0x00, 0xff, 0xff, 0x01, 0x00,
    0xff, 0xff, 0x01, 0x00, 0xff, 0xff, 0x01, 0x00, 0xff, 0xff, 0x01, 0x00, 0xff, 0xff, 0x01, 0x00,
    0xff, 0xff, 0x01, 0x00, 0xff, 0xff, 0x01, 0x00, 0xff, 0xff, 0x01, 0x00, 0xff, 0xff, 0x01, 0x00,
    0xff, 0xff, 0x01, 0x00, 0xff, 0xff, 0x01, 0x00, 0xff, 0xff, 0x01, 0x00, 0xff, 0xff, 0x01, 0x00,
    0xff, 0xff, 0x01, 0x00, 0xff, 0xff, 0x01, 0x00, 0xff, 0xff, 0x01, 0x00, 0xff, 0xff, 0x01, 0x00,
    0xff, 0xff, 0x01, 0x00, 0xff, 0xff, 0x01, 0x00, 0xff, 0xff, 0x01, 0x00, 0xff, 0xff, 0x01, 0x00,
    0xff, 0xff, 0x01, 0x00, 0xff, 0xff, 0x01, 0x00, 0xff, 0xff, 0x01, 0x00, 0xff, 0xff, 0x01, 0x00,
    0xff, 0xff, 0x01, 0x00, 0xff, 0xff, 0x01, 0x00, 0xff, 0xff, 0x01, 0x00, 0xff, 0xff, 0x01, 0x00,
    0xff, 0xff, 0x01, 0x00, 0xff, 0xff, 0x01, 0x00, 0xff, 0xff, 0x01, 0x00, 0xff, 0xff, 0x01, 0x00,
    0xff, 0xff, 0x01, 0x00, 0xff, 0xff, 0x01, 0x00, 0xff, 0xff, 0x01, 0x00, 0xff, 0xff, 0x01, 0x00,
    0xff, 0xff, 0x01, 0x00, 0xff, 0xff, 0x01, 0x00, 0xff, 0xff, 0x01, 0x00, 0xff, 0xff, 0x01, 0x00,
    0xff, 0xff, 0x01, 0x00, 0xff, 0xff, 0x01, 0x00, 0xff, 0xff, 0x01, 0x00, 0xff, 0xff, 0x01, 0x00,
    0xff, 0xff, 0x01, 0x00, 0xff, 0xff, 0x01, 0x00, 0xff, 0xff, 0x01, 0x00, 0xff, 0xff, 0x01, 0x00,
    0xff, 0xff, 0x01, 0x00, 0xff, 0xff, 0x01, 0x00, 0xff, 0xff, 0x01, 0x00, 0xff, 0xff, 0x01, 0x00,
    0xff, 0xff, 0x01, 0x00, 0xff, 0xff, 0x01, 0x00, 0xff, 0xff, 0x01, 0x00, 0xff, 0xff, 0x01, 0x00,
    0xff, 0xff, 0x01, 0x00, 0xff, 0xff, 0x01, 0x00, 0xff, 0xff, 0x01, 0x00, 0xff, 0xff, 0x01, 0x00,
    0xff, 0xff, 0x01, 0x00, 0xff, 0xff, 0x01, 0x00, 0xff, 0xff, 0x01, 0x00, 0xff, 0xff, 0x01, 0x00,
    0xff, 0xff, 0x01, 0x00, 0xff, 0xff, 0x01, 0x00, 0xff, 0xff, 0x01, 0x00, 0xff, 0xff, 0x01, 0x00,
    0xff, 0xff, 0x01, 0x00, 0xff, 0xff, 0x01, 0x00, 0xff, 0xff, 0x01, 0x00, 0xff, 0xff, 0x01, 0x00,
    0xff, 0xff, 0x01, 0x00, 0xff, 0xff, 0x01, 0x00, 0xff, 0xff, 0x01, 0x00, 0xff, 0xff, 0x01, 0x00,
    0xff, 0xff, 0x01, 0x00, 0xff, 0xff, 0x01, 0x00, 0xff, 0xff, 0x01, 0x00, 0xff, 0xff, 0x01, 0x00,
    0xff, 0xff, 0x01, 0x00, 0xff, 0xff, 0x01, 0x00, 0xff, 0xff, 0x01, 0x00, 0xff, 0xff, 0x01, 0x00,
    0xff, 0xff, 0x01, 0x00, 0xff, 0xff, 0x01, 0x00, 0xff, 0xff, 0x01, 0x00, 0xff, 0xff, 0x01, 0x00,
    0xff, 0xff, 0x01, 0x00, 0xff, 0xff, 0x01, 0x00, 0xff, 0xff, 0x01, 0x00, 0xff, 0xff, 0x01, 0x00,
    0xff, 0xff, 0x01, 0x00, 0xff, 0xff, 0x01, 0x00, 0xff, 0xff, 0x01, 0x00, 0xff, 0xff, 0x01, 0x00,
    0xff, 0xff, 0x01, 0x00, 0xff, 0xff, 0x01, 0x00, 0xff, 0xff, 0x01, 0x00, 0xff, 0xff, 0x01, 0x00,
    0xff, 0xff, 0x01, 0x00, 0xff, 0xff, 0x01, 0x00, 0xff, 0xff, 0x01, 0x00, 0xff, 0xff, 0x01, 0x00,
    0xff, 0xff, 0x01, 0x00, 0xff, 0xff, 0x01, 0x00, 0xff, 0xff, 0x01, 0x00, 0xff, 0xff, 0x01, 0x00,
    0xff, 0xff, 0x01, 0x00, 0xff, 0xff, 0x01, 0x00, 0xff, 0xff, 0x01, 0x00, 0xff, 0xff, 0x01, 0x00,
    0xff, 0xff, 0x01, 0x00, 0xff, 0xff, 0x01, 0x00, 0xff, 0xff, 0x01, 0x00, 0xff, 0xff, 0x01, 0x00,
    0xff, 0xff, 0x01, 0x00, 0xff, 0xff, 0x01, 0x00, 0xff, 0xff, 0x01, 0x00, 0xff, 0xff, 0x01, 0x00,
    0xff, 0xff, 0x01, 0x00, 0xff, 0xff, 0x01, 0x00, 0xff, 0xff, 0x01, 0x00, 0xff, 0xff, 0x01, 0x00,
    0xff, 0xff, 0x01, 0x00, 0xff, 0xff, 0x01, 0x00, 0xff, 0xff, 0x01, 0x00, 0xff, 0xff, 0x01, 0x00,
    0xff, 0xff, 0x01, 0x00, 0xff, 0xff, 0x01, 0x00, 0xff, 0xff, 0x01, 0x00, 0xff, 0xff, 0x01, 0x00,
    0xff, 0xff, 0x01, 0x00, 0xff, 0xff, 0x01, 0x00, 0xff, 0xff, 0x01, 0x00, 0xff, 0xff, 0x01, 0x00,
    0xff, 0xff, 0x01, 0x00, 0xff, 0xff, 0x01, 0x00, 0xff, 0xff, 0x01, 0x00, 0xff, 0xff, 0x01, 0x00,
    0xff, 0xff, 0x01, 0x00, 0xff, 0xff, 0x01, 0x00, 0xff, 0xff, 0x01, 0x00, 0xff, 0xff, 0x01, 0x00,
    0xff, 0xff, 0x01, 0x00, 0xff, 0xff, 0x01, 0x00, 0xff, 0xff, 0x01, 0x00, 0xff, 0xff, 0x01, 0x00,
    0xff, 0xff, 0x01, 0x00, 0xff, 0xff, 0x01, 0x00, 0xff, 0xff, 0x01, 0x00, 0xff, 0xff, 0x01, 0x00,
    0xff, 0xff, 0x01, 0x00, 0xff, 0xff, 0x01, 0x00, 0xff, 0xff, 0x01, 0x00, 0xff, 0xff, 0x01, 0x00,
    0xff, 0xff, 0x01, 0x00, 0xff, 0xff, 0x01, 0x00, 0xff, 0xff, 0x01, 0x00, 0xff, 0xff, 0x01, 0x00,
    0xff, 0xff, 0x01, 0x00, 0xff, 0xff, 0x01, 0x00, 0xff, 0xff, 0x01, 0x00, 0xff, 0xff, 0x01, 0x00,
    0xff, 0xff, 0x01, 0x00, 0xff, 0xff, 0x01, 0x00, 0xff, 0xff, 0x01, 0x00, 0xff, 0xff, 0x01, 0x00,
    0xff, 0xff, 0x01, 0x00, 0xff, 0xff, 0x01, 0x00, 0xff, 0xff, 0x01, 0x00, 0xff, 0xff, 0x01, 0x00,
    0xff, 0xff, 0x01, 0x00, 0xff, 0xff, 0x01, 0x00, 0xff, 0xff, 0x01, 0x00, 0xff, 0xff, 0x01, 0x00,
    0xff, 0xff, 0x01, 0x00, 0xff, 0xff, 0x01, 0x00, 0xff, 0xff, 0x01, 0x00, 0xff, 0xff, 0x01, 0x00,
    0xff, 0xff, 0x01, 0x00, 0xff, 0xff, 0x01, 0x00, 0xff, 0xff, 0x01, 0x00, 0xff, 0xff, 0x01, 0x00,
    0xff, 0xff, 0x01, 0x00, 0xff, 0xff, 0x01, 0x00, 0xff, 0xff, 0x01, 0x00, 0xff, 0xff, 0x01, 0x00,
    0xff, 0xff, 0x01, 0x00, 0xff, 0xff, 0x01, 0x00, 0xff, 0xff, 0x01, 0x00, 0xff, 0xff, 0x01, 0x00,
    0xff, 0xff, 0x01, 0x00, 0xff, 0xff, 0x01, 0x00, 0xff, 0xff, 0x01, 0x00, 0xff, 0xff, 0x01, 0x00,
    0xff, 0xff, 0x01, 0x00, 0xff, 0xff, 0x01, 0x00, 0xff, 0xff, 0x01, 0x00, 0xff, 0xff, 0x01, 0x00,
    0xff, 0xff, 0x01, 0x00, 0xff, 0xff, 0x01, 0x00, 0xff, 0xff, 0x01, 0x00, 0xff, 0xff, 0x01, 0x00,
    0xff, 0xff, 0x01, 0x00, 0xff, 0xff, 0x01, 0x00, 0xff, 0xff, 0x01, 0x00, 0xff, 0xff, 0x01, 0x00,
    0xff, 0xff, 0x01, 0x00, 0xff, 0xff, 0x01, 0x00, 0xff, 0xff, 0x01, 0x00, 0xff, 0xff, 0x01, 0x00,
    0xff, 0xff, 0x01, 0x00, 0xff, 0xff, 0x01, 0x00, 0xff, 0xff, 0x01, 0x00, 0xff, 0xff, 0x01, 0x00,
    0xff, 0xff, 0x01, 0x00, 0xff, 0xff, 0x01, 0x00, 0xff, 0xff, 0x01, 0x00, 0xff, 0xff, 0x01, 0x00,
    0xff, 0xff, 0x01, 0x00, 0xff, 0xff, 0x01, 0x00, 0xff, 0xff, 0x01, 0x00, 0xff, 0xff, 0x01, 0x00,
    0xff, 0xff, 0x01, 0x00, 0xff, 0xff, 0x01, 0x00, 0xff, 0xff, 0x01, 0x00, 0xff, 0xff, 0x01, 0x00,
    0xff, 0xff, 0x01, 0x00, 0xff, 0xff, 0x01, 0x00, 0xff, 0xff, 0x01, 0x00, 0xff, 0xff, 0x01, 0x00,
    0xff, 0xff, 0x01, 0x00, 0xff, 0xff, 0x01, 0x00, 0xff, 0xff, 0x01, 0x00, 0xff, 0xff, 0x01, 0x00,
    0xff, 0xff, 0x01, 0x00, 0xff, 0xff, 0x01, 0x00, 0xff, 0xff, 0x01, 0x00, 0xff, 0xff, 0x01, 0x00,
    0xff, 0xff, 0x01, 0x00, 0xff, 0xff, 0x01, 0x00, 0xff, 0xff, 0x01, 0x00, 0xff, 0xff, 0x01, 0x00,
    0xff, 0xff, 0x01, 0x00, 0xff, 0xff, 0x01, 0x00, 0xff, 0xff, 0x01, 0x00, 0xff, 0xff, 0x01, 0x00,
    0xff, 0xff, 0x01, 0x00, 0xff, 0xff, 0x01, 0x00, 0xff, 0xff, 0x01, 0x00, 0xff, 0xff, 0x01, 0x00,
    0xff, 0xff, 0x01, 0x00, 0xff, 0xff, 0x01, 0x00, 0xff, 0xff, 0x01, 0x00, 0xff, 0xff, 0x01, 0x00,
    0xff, 0xff, 0x01, 0x00, 0xff, 0xff, 0x01, 0x00, 0xff, 0xff, 0x01, 0x00, 0xff, 0xff, 0x01, 0x00,
    0xff, 0xff, 0x01, 0x00, 0xff, 0xff, 0x01, 0x00, 0xff, 0xff, 0x01, 0x00, 0xff, 0xff, 0x01, 0x00,
    0xff, 0xff, 0x01, 0x00, 0xff, 0xff, 0x01, 0x00, 0xff, 0xff, 0x01, 0x00, 0xff, 0xff, 0x01, 0x00,
    0xff, 0xff, 0x01, 0x00, 0xff, 0xff, 0x01, 0x00, 0xff, 0xff, 0x01, 0x00, 0xff, 0xff, 0x01, 0x00,
    0xff, 0xff, 0x01, 0x00, 0xff, 0xff, 0x01, 0x00, 0xff, 0xff, 0x01, 0x00, 0xff, 0xff, 0x01, 0x00,
    0xff, 0xff, 0x01, 0x00, 0xff, 0xff, 0x01, 0x00, 0xff, 0xff, 0x01, 0x00, 0xff, 0xff, 0x01, 0x00,
    0xff, 0xff, 0x01, 0x00, 0xff, 0xff, 0x01, 0x00, 0xff, 0xff, 0x01, 0x00, 0xff, 0xff, 0x01, 0x00,
    0xff, 0xff, 0x01, 0x00, 0xff, 0xff, 0x01, 0x00, 0xff, 0xff, 0x01, 0x00, 0xff, 0xff, 0x01, 0x00,
    0xff, 0xff, 0x01, 0x00, 0xff, 0xff, 0x01, 0x00, 0xff, 0xff, 0x01, 0x00, 0xff, 0xff, 0x01, 0x00,
    0xff, 0xff, 0x01, 0x00, 0xff, 0xff, 0x01, 0x00, 0xff, 0xff, 0x01, 0x00, 0xff, 0xff, 0x01, 0x00,
    0xff, 0xff, 0x01, 0x00, 0xff, 0xff, 0x01, 0x00, 0xff, 0xff, 0x01, 0x00, 0xff, 0xff, 0x01, 0x00,
    0xff, 0xff, 0x01, 0x00, 0xff, 0xff, 0x01, 0x00, 0xff, 0xff, 0x01, 0x00, 0xff, 0xff, 0x01, 0x00,
    0xff, 0xff, 0x01, 0x00, 0xff, 0xff, 0x01, 0x00, 0xff, 0xff, 0x01, 0x00, 0xff, 0xff, 0x01, 0x00,
    0xff, 0xff, 0x01, 0x00, 0xff, 0xff, 0x01, 0x00, 0xff, 0xff, 0x01, 0x00, 0xff, 0xff, 0x01, 0x00,
    0xff, 0xff, 0x01, 0x00, 0xff, 0xff, 0x01, 0x00, 0xff, 0xff, 0x01, 0x00, 0xff, 0xff, 0x01, 0x00,
    0xff, 0xff, 0x01, 0x00, 0xff, 0xff, 0x01, 0x00, 0xff, 0xff, 0x01, 0x00, 0xff, 0xff, 0x01, 0x00,
    0xff, 0xff, 0x01, 0x00, 0xff, 0xff, 0x01, 0x00, 0xff, 0xff, 0x01, 0x00, 0xff, 0xff, 0x01, 0x00,
    0xff, 0xff, 0x01, 0x00, 0xff, 0xff, 0x01, 0x00, 0xff, 0xff, 0x01, 0x00, 0xff, 0xff, 0x01, 0x00,
    0xff, 0xff, 0x01, 0x00, 0xff, 0xff, 0x01, 0x00, 0xff, 0xff, 0x01, 0x00, 0xff, 0xff, 0x01, 0x00,
    0xff, 0xff, 0x01, 0x00, 0xff, 0xff, 0x01, 0x00, 0xff, 0xff, 0x01, 0x00, 0xff, 0xff, 0x01, 0x00,
    0xff, 0xff, 0x01, 0x00, 0xff, 0xff, 0x01, 0x00, 0xff, 0xff, 0x01, 0x00, 0xff, 0xff, 0x01, 0x00,
    0xff, 0xff, 0x01, 0x00, 0xff, 0xff, 0x01, 0x00, 0xff, 0xff, 0x01, 0x00, 0xff, 0xff, 0x01, 0x00,
    0xff, 0xff, 0x01, 0x00, 0xff, 0xff, 0x01, 0x00, 0xff, 0xff, 0x01, 0x00, 0xff, 0xff, 0x01, 0x00,
    0xff, 0xff, 0x01, 0x00, 0xff, 0xff, 0x01, 0x00, 0xff, 0xff, 0x01, 0x00, 0xff, 0xff, 0x01, 0x00,
    0xff, 0xff, 0x01, 0x00, 0xff, 0xff, 0x01, 0x00, 0xff, 0xff, 0x01, 0x00, 0xff, 0xff, 0x01, 0x00,
    0xff, 0xff, 0x01, 0x00, 0xff, 0xff, 0x01, 0x00, 0xff, 0xff, 0x01, 0x00, 0xff, 0xff, 0x01, 0x00,
    0xff, 0xff, 0x01, 0x00, 0xff, 0xff, 0x01, 0x00, 0xff, 0xff, 0x01, 0x00, 0xff, 0xff, 0x01, 0x00,
    0xff, 0xff, 0x01, 0x00, 0xff, 0xff, 0x01, 0x00, 0xff, 0xff, 0x01, 0x00, 0xff, 0xff, 0x01, 0x00,
    0xff, 0xff, 0x01, 0x00, 0xff, 0xff, 0x01, 0x00, 0xff, 0xff, 0x01, 0x00, 0xff, 0xff, 0x01, 0x00,
    0xff, 0xff, 0x01, 0x00, 0xff, 0xff, 0x01, 0x00, 0xff, 0xff, 0x01, 0x00, 0xff, 0xff, 0x01, 0x00,
    0xff, 0xff, 0x01, 0x00, 0xff, 0xff, 0x01, 0x00, 0xff, 0xff, 0x01, 0x00, 0xff, 0xff, 0x01, 0x00,
    0xff, 0xff, 0x01, 0x00, 0xff, 0xff, 0x01, 0x00, 0xff, 0xff, 0x01, 0x00, 0xff, 0xff, 0x01, 0x00,
    0xff, 0xff, 0x01, 0x00, 0xff, 0xff, 0x01, 0x00, 0xff, 0xff, 0x01, 0x00, 0xff, 0xff, 0x01, 0x00,
    0xff, 0xff, 0x01, 0x00, 0xff, 0xff, 0x01, 0x00, 0xff, 0xff, 0x01, 0x00, 0xff, 0xff, 0x01, 0x00,
    0xff, 0xff, 0x01, 0x00, 0xff, 0xff, 0x01, 0x00, 0xff, 0xff, 0x01, 0x00, 0xff, 0xff, 0x01, 0x00,
    0xff, 0xff, 0x01, 0x00, 0xff, 0xff, 0x01, 0x00, 0xff, 0xff, 0x01, 0x00, 0xff, 0xff, 0x01, 0x00,
    0xff, 0xff, 0x01, 0x00, 0xff, 0xff, 0x01, 0x00, 0xff, 0xff, 0x01, 0x00, 0xff, 0xff, 0x01, 0x00,
    0xff, 0xff, 0x01, 0x00, 0xff, 0xff, 0x01, 0x00, 0xff, 0xff, 0x01, 0x00, 0xff, 0xff, 0x01, 0x00,
    0xff, 0xff, 0x01, 0x00, 0xff, 0xff, 0x01, 0x00, 0xff, 0xff, 0x01, 0x00, 0xff, 0xff, 0x01, 0x00,
    0xff, 0xff, 0x01, 0x00, 0xff, 0xff, 0x01, 0x00, 0xff, 0xff, 0x01, 0x00, 0xff, 0xff, 0x01, 0x00,
    0xff, 0xff, 0x01, 0x00, 0xff, 0xff, 0x01, 0x00, 0xff, 0xff, 0x01, 0x00, 0xff, 0xff, 0x01, 0x00,
    0xff, 0xff, 0x01, 0x00, 0xff, 0xff, 0x01, 0x00, 0xff, 0xff, 0x01, 0x00, 0xff, 0xff, 0x01, 0x00,
    0xff, 0xff, 0x01, 0x00, 0xff, 0xff, 0x01, 0x00, 0xff, 0xff, 0x01, 0x00, 0xff, 0xff, 0x01, 0x00,
    0xff, 0xff, 0x01, 0x00, 0xff, 0xff, 0x01, 0x00, 0xff, 0xff, 0x01, 0x00, 0xff, 0xff, 0x01, 0x00,
    0xff, 0xff, 0x01, 0x00, 0xff, 0xff, 0x01, 0x00, 0xff, 0xff, 0x01, 0x00, 0xff, 0xff, 0x01, 0x00,
    0xff, 0xff, 0x01, 0x00, 0xff, 0xff, 0x01, 0x00, 0xff, 0xff, 0x01, 0x00, 0xff, 0xff, 0x01, 0x00,
    0xff, 0xff, 0x01, 0x00, 0xff, 0xff, 0x01, 0x00, 0xff, 0xff, 0x01, 0x00, 0xff, 0xff, 0x01, 0x00,
    0xff, 0xff, 0x01, 0x00, 0xff, 0xff, 0x01, 0x00, 0xff, 0xff, 0x01, 0x00, 0xff, 0xff, 0x01, 0x00,
    0xff, 0xff, 0x01, 0x00, 0xff, 0xff, 0x01, 0x00, 0xff, 0xff, 0x01, 0x00, 0xff, 0xff, 0x01, 0x00,
    0xff, 0xff, 0x01, 0x00, 0xff, 0xff, 0x01, 0x00, 0xff, 0xff, 0x01, 0x00, 0xff, 0xff, 0x01, 0x00,
    0xff, 0xff, 0x02, 0x00, 0xff, 0xff, 0x01, 0x00, 0xff, 0xff, 0x01, 0x00, 0xff, 0xff, 0x01, 0x00,
    0xff, 0xff, 0x01, 0x00, 0xff, 0xff, 0x01, 0x00, 0xff, 0xff, 0x01, 0x00, 0xff, 0xff, 0x01, 0x00,
    0xff, 0xff, 0x01, 0x00, 0xff, 0xff, 0x01, 0x00, 0xff, 0xff, 0x01, 0x00, 0xff, 0xff, 0x01, 0x00,
    0xff, 0xff, 0x01, 0x00, 0xff, 0xff, 0x01, 0x00, 0xff, 0xff, 0x01, 0x00, 0xff, 0xff, 0x01, 0x00,
    0xff, 0xff, 0x01, 0x00, 0xff, 0xff, 0x01, 0x00, 0xff, 0xff, 0x01, 0x00, 0xff, 0xff, 0x01, 0x00,
    0xff, 0xff, 0x01, 0x00, 0xff, 0xff, 0x01, 0x00, 0xff, 0xff, 0x01, 0x00, 0xff, 0xff, 0x01, 0x00,
    0xff, 0xff, 0x01, 0x00, 0xff, 0xff, 0x01, 0x00, 0xff, 0xff, 0x01, 0x00, 0xff, 0xff, 0x01, 0x00,
    0xff, 0xff, 0x01, 0x00, 0xff, 0xff, 0x01, 0x00, 0xff, 0xff, 0x01, 0x00, 0xff, 0xff, 0x01, 0x00,
    0xff, 0xff, 0x01, 0x00, 0xff, 0xff, 0x01, 0x00, 0xff, 0xff, 0x01, 0x00, 0xff, 0xff, 0x01, 0x00,
    0xff, 0xff, 0x01, 0x00, 0xff, 0xff, 0x01, 0x00, 0xff, 0xff, 0x01, 0x00, 0xff, 0xff, 0x01, 0x00,
    0xff, 0xff, 0x01, 0x00, 0xff, 0xff, 0x01, 0x00, 0xff, 0xff, 0x01, 0x00, 0xff, 0xff, 0x01, 0x00,
    0xff, 0xff, 0x01, 0x00, 0xff, 0xff, 0x01, 0x00, 0xff, 0xff, 0x01, 0x00, 0xff, 0xff, 0x01, 0x00,
    0xff, 0xff, 0x01, 0x00, 0xff, 0xff, 0x01, 0x00, 0xff, 0xff, 0x01, 0x00, 0xff, 0xff, 0x01, 0x00,
    0xff, 0xff, 0x01, 0x00, 0xff, 0xff, 0x01, 0x00, 0xff, 0xff, 0x01, 0x00, 0xff, 0xff, 0x01, 0x00,
    0xff, 0xff, 0x01, 0x00, 0xff, 0xff, 0x01, 0x00, 0xff, 0xff, 0x01, 0x00, 0xff, 0xff, 0x01, 0x00,
    0xff, 0xff, 0x01, 0x00, 0xff, 0xff, 0x01, 0x00, 0xff, 0xff, 0x01, 0x00, 0xff, 0xff, 0x01, 0x00,
    0xff, 0xff, 0x01, 0x00, 0xff, 0xff, 0x01, 0x00, 0xff, 0xff, 0x01, 0x00, 0xff, 0xff, 0x01, 0x00,
    0xff, 0xff, 0x01, 0x00, 0xff, 0xff, 0x01, 0x00, 0xff, 0xff, 0x01, 0x00, 0xff, 0xff, 0x01, 0x00,
    0xff, 0xff, 0x01, 0x00, 0xff, 0xff, 0x01, 0x00, 0xfe, 0xff, 0x01, 0x00, 0xfd, 0xfe, 0x02, 0x00,
    0xfc, 0xfd, 0x02, 0x00, 0xfd, 0xfd, 0x02, 0x00, 0xfe, 0xff, 0x01, 0x00, 0xff, 0xff, 0x01, 0x00,
    0xff, 0xff, 0x02, 0x00, 0xfd, 0xff, 0x00, 0x00, 0xff, 0xff, 0x01, 0x00, 0xfd, 0xff, 0x00, 0x00,
    0xfb, 0xff, 0x01, 0x00, 0xfc, 0xff, 0x01, 0x00, 0xff, 0xfe, 0x02, 0x00, 0xff, 0xff, 0x01, 0x00,
    0xff, 0xff, 0x01, 0x00, 0xff, 0xff, 0x01, 0x00, 0xff, 0xff, 0x01, 0x00, 0xff, 0xff, 0x01, 0x00,
    0xff, 0xff, 0x01, 0x00, 0xff, 0xff, 0x01, 0x00, 0xff, 0xff, 0x01, 0x00, 0xff, 0xff, 0x01, 0x00,
    0xff, 0xff, 0x01, 0x00, 0xff, 0xff, 0x01, 0x00, 0xff, 0xff, 0x01, 0x00, 0xff, 0xff, 0x01, 0x00,
    0xff, 0xff, 0x01, 0x00, 0xff, 0xff, 0x01, 0x00, 0xff, 0xff, 0x01, 0x00, 0xff, 0xff, 0x01, 0x00,
    0xff, 0xff, 0x01, 0x00, 0xff, 0xff, 0x01, 0x00, 0xff, 0xff, 0x01, 0x00, 0xff, 0xff, 0x01, 0x00,
    0xff, 0xff, 0x01, 0x00, 0xff, 0xff, 0x01, 0x00, 0xff, 0xff, 0x01, 0x00, 0xff, 0xff, 0x01, 0x00,
    0xff, 0xff, 0x01, 0x00, 0xff, 0xff, 0x01, 0x00, 0xff, 0xff, 0x01, 0x00, 0xff, 0xff, 0x01, 0x00,
    0xfe, 0xff, 0x02, 0x00, 0xfe, 0xff, 0x02, 0x00, 0xff, 0xff, 0x03, 0x00, 0xff, 0xff, 0x02, 0x00,
    0xff, 0xff, 0x00, 0x00, 0xff, 0xff, 0x01, 0x00, 0xff, 0xff, 0x02, 0x00, 0xff, 0xff, 0x02, 0x00,
    0xff, 0xff, 0x01, 0x00, 0xff, 0xff, 0x01, 0x00, 0xff, 0xff, 0x01, 0x00, 0xff, 0xff, 0x01, 0x00,
    0xff, 0xff, 0x01, 0x00, 0xff, 0xff, 0x01, 0x00, 0xff, 0xff, 0x01, 0x00, 0xfe, 0xff, 0x01, 0x00,
    0xff, 0xff, 0x01, 0x00, 0xff, 0xff, 0x02, 0x00, 0xff, 0xff, 0x02, 0x00, 0xff, 0xff, 0x02, 0x00,
    0xff, 0xff, 0x03, 0x00, 0xff, 0xff, 0x03, 0x00, 0xff, 0xff, 0x02, 0x00, 0xff, 0xff, 0x01, 0x00,
    0xff, 0xff, 0x01, 0x00, 0xff, 0xff, 0x01, 0x00, 0xfe, 0xff, 0x00, 0x00, 0xfe, 0xff, 0x01, 0x00,
    0xff, 0xff, 0x02, 0x00, 0xff, 0xff, 0x02, 0x00, 0xfe, 0xff, 0x02, 0x00, 0xfe, 0xff, 0x02, 0x00,
    0xfe, 0xff, 0x02, 0x00, 0xfe, 0xff, 0x02, 0x00, 0xff, 0xff, 0x02, 0x00, 0xff, 0xff, 0x02, 0x00,
    0xff, 0xff, 0x02, 0x00, 0xff, 0xff, 0x02, 0x00, 0xff, 0xff, 0x03, 0x00, 0xff, 0xff, 0x01, 0x00,
    0xff, 0xff, 0x01, 0x00, 0xff, 0xff, 0x02, 0x00, 0xfe, 0xff, 0x02, 0x00, 0xfe, 0xff, 0x02, 0x00,
    0xff, 0xff, 0x01, 0x00, 0xff, 0xff, 0x01, 0x00, 0xff, 0xff, 0x01, 0x00, 0xff, 0xff, 0x01, 0x00,
    0xff, 0xff, 0x01, 0x00, 0xff, 0xff, 0x01, 0x00, 0xff, 0xff, 0x01, 0x00, 0xff, 0xff, 0x01, 0x00,
    0xff, 0xff, 0x01, 0x00, 0xff, 0xff, 0x01, 0x00, 0xff, 0xff, 0x01, 0x00, 0xff, 0xff, 0x01, 0x00,
    0xfe, 0xff, 0x01, 0x00, 0xff, 0xff, 0x02, 0x00, 0xff, 0xff, 0x02, 0x00, 0xff, 0xff, 0x02, 0x00,
    0xff, 0xff, 0x02, 0x00, 0xff, 0xff, 0x02, 0x00, 0xff, 0xff, 0x03, 0x00, 0xff, 0xff, 0x03, 0x00,
    0xfe, 0xff, 0x01, 0x00, 0xfe, 0xff, 0x00, 0x00, 0xff, 0xff, 0x01, 0x00, 0xff, 0xff, 0x01, 0x00,
    0xff, 0xfe, 0x01, 0x00, 0xff, 0xff, 0x01, 0x00, 0xfe, 0xff, 0x01, 0x00, 0xff, 0xff, 0x01, 0x00,
    0xff, 0xff, 0x01, 0x00, 0xfe, 0xff, 0x02, 0x00, 0xfe, 0xff, 0x01, 0x00, 0xff, 0xff, 0x01, 0x00,
    0xfd, 0xfe, 0x01, 0x00, 0xfd, 0xff, 0x00, 0x00, 0xff, 0xff, 0x02, 0x00, 0xff, 0xff, 0x00, 0x00,
    0xff, 0xff, 0x00, 0x00, 0xff, 0xff, 0x00, 0x00, 0xff, 0xfb, 0x02, 0x00, 0xff, 0xfb, 0x02, 0x00,
    0xff, 0xfd, 0x00, 0x00, 0xff, 0xfb, 0x05, 0x00, 0xff, 0xff, 0x00, 0x00, 0xff, 0xfc, 0x03, 0x00,
    0xff, 0xfc, 0x05, 0x00, 0xff, 0xff, 0x01, 0x00, 0xfd, 0xff, 0x00, 0x00, 0xfe, 0xff, 0x01, 0x00,
    0xfc, 0xff, 0x00, 0x00, 0xfd, 0xfe, 0x01, 0x00, 0xff, 0xff, 0x02, 0x00, 0xff, 0xff, 0x02, 0x00,
    0xff, 0xff, 0x02, 0x00, 0xff, 0xff, 0x02, 0x00, 0xff, 0xff, 0x03, 0x00, 0xff, 0xff, 0x02, 0x00,
    0xfe, 0xff, 0x02, 0x00, 0xff, 0xff, 0x02, 0x00, 0xff, 0xff, 0x02, 0x00, 0xff, 0xff, 0x02, 0x00,
    0xff, 0xff, 0x02, 0x00, 0xff, 0xff, 0x02, 0x00, 0xff, 0xff, 0x02, 0x00, 0xff, 0xff, 0x01, 0x00,
    0xff, 0xff, 0x01, 0x00, 0xff, 0xff, 0x01, 0x00, 0xff, 0xff, 0x01, 0x00, 0xff, 0xff, 0x01, 0x00,
    0xff, 0xff, 0x01, 0x00, 0xff, 0xff, 0x01, 0x00, 0xfe, 0xff, 0x02, 0x00, 0xfe, 0xff, 0x02, 0x00,
    0xff, 0xff, 0x02, 0x00, 0xff, 0xff, 0x02, 0x00, 0xff, 0xff, 0x01, 0x00, 0xff, 0xff, 0x01, 0x00,
    0xf7, 0xfc, 0x00, 0x00, 0xf7, 0xf9, 0x00, 0x00, 0xfd, 0xfe, 0x00, 0x00, 0xfb, 0xfc, 0x03, 0x00,
    0xf9, 0xfe, 0x0b, 0x00, 0xfa, 0xff, 0x04, 0x00, 0xfa, 0xfd, 0x06, 0x00, 0xfa, 0xfd, 0x04, 0x00,
    0xfa, 0xfe, 0x00, 0x00, 0xfa, 0xfe, 0x00, 0x00, 0xfa, 0xfe, 0x00, 0x00, 0xfc, 0xff, 0x03, 0x00,
    0xfc, 0xff, 0x04, 0x00, 0xfb, 0xff, 0x03, 0x00, 0xfb, 0xfe, 0x01, 0x00, 0xfc, 0xfc, 0x03, 0x00,
    0xfd, 0xfe, 0x00, 0x00, 0xff, 0xfe, 0x00, 0x00, 0xfd, 0xfe, 0x00, 0x00, 0xfb, 0xfd, 0x00, 0x00,
    0xfd, 0xfc, 0x00, 0x00, 0xfe, 0xfb, 0x00, 0x00, 0xfe, 0xff, 0x05, 0x00, 0xfe, 0xff, 0x07, 0x00,
    0xfe, 0xfe, 0x01, 0x00, 0xfc, 0xfc, 0x03, 0x00, 0xf9, 0xfe, 0x05, 0x00, 0xfa, 0xfe, 0x00, 0x00,
    0xfd, 0xfc, 0x00, 0x00, 0xfd, 0xfe, 0x00, 0x00, 0xfd, 0xff, 0x00, 0x00, 0xfc, 0xff, 0x00, 0x00,
    0xfc, 0xfe, 0x00, 0x00, 0xfc, 0xfd, 0x01, 0x00, 0xfd, 0xff, 0x00, 0x00, 0xfe, 0xfc, 0x00, 0x00,
    0xfd, 0xfa, 0x00, 0x00, 0xfd, 0xfd, 0x00, 0x00, 0xfe, 0xfe, 0x00, 0x00, 0xfe, 0xfd, 0x00, 0x00,
    0xff, 0xfc, 0x03, 0x00, 0xfd, 0xff, 0x00, 0x00, 0xfa, 0xfc, 0x00, 0x00, 0xfc, 0xfe, 0x00, 0x00,
    0xfd, 0xfd, 0x01, 0x00, 0xfd, 0xfe, 0x02, 0x00, 0xfe, 0xfe, 0x02, 0x00, 0xfe, 0xfe, 0x02, 0x00,
    0xfa, 0xfe, 0x00, 0x00, 0xfa, 0xfe, 0x00, 0x00, 0xfa, 0xfe, 0x00, 0x00, 0xfb, 0xfe, 0x00, 0x00,
    0xfb, 0xfe, 0x00, 0x00, 0xfb, 0xfe, 0x00, 0x00, 0xfb, 0xfe, 0x00, 0x00, 0xfb, 0xff, 0x01, 0x00,
    0xfc, 0xfe, 0x00, 0x00, 0xff, 0xfc, 0x00, 0x00, 0xfe, 0xfc, 0x00, 0x00, 0xfd, 0xff, 0x00, 0x00,
    0xfb, 0xfe, 0x00, 0x00, 0xfd, 0xff, 0x00, 0x00, 0xfd, 0xfe, 0x00, 0x00, 0xfe, 0xfd, 0x00, 0x00,
    0xfc, 0xfc, 0x02, 0x00, 0xfa, 0xfa, 0x0a, 0x00, 0xfc, 0xfe, 0x04, 0x00, 0xfd, 0xfd, 0x02, 0x00,
    0xfd, 0xfb, 0x03, 0x00, 0xfc, 0xfb, 0x00, 0x00, 0xf9, 0xfd, 0x01, 0x00, 0xfc, 0xfc, 0x04, 0x00,
    0xfe, 0xfc, 0x03, 0x00, 0xf9, 0xfd, 0x00, 0x00, 0xfb, 0xfb, 0x08, 0x00, 0xfb, 0xfb, 0x03, 0x00,
    0xff, 0xff, 0x05, 0x00, 0xff, 0xf8, 0x09, 0x00, 0xf7, 0xf5, 0x09, 0x00, 0xcd, 0xe4, 0x27, 0x00,
    0xbf, 0xc6, 0x24, 0x00, 0xad, 0xa3, 0x47, 0x00, 0x7b, 0x91, 0x52, 0x00, 0x6a, 0x99, 0x4c, 0x00,
    0x44, 0xe7, 0x3b, 0x00, 0x6f, 0xc7, 0x31, 0x00, 0x76, 0xcd, 0x26, 0x00, 0x74, 0xe6, 0x24, 0x00,
    0x87, 0xea, 0x13, 0x00, 0xa4, 0xeb, 0x0b, 0x00, 0xf9, 0xef, 0x0e, 0x00, 0xff, 0xf9, 0x0b, 0x00,
    0xff, 0xfd, 0x04, 0x00, 0xff, 0xfb, 0x01, 0x00, 0xf7, 0xfe, 0x00, 0x00, 0xf9, 0xfe, 0x00, 0x00,
    0xfd, 0xfd, 0x00, 0x00, 0xfd, 0xfe, 0x00, 0x00, 0xfe, 0xff, 0x00, 0x00, 0xfb, 0xfe, 0x00, 0x00,
    0xfb, 0xfe, 0x00, 0x00, 0xfe, 0xfe, 0x00, 0x00, 0xff, 0xfe, 0x00, 0x00, 0xff, 0xfd, 0x00, 0x00,
    0xff, 0xfd, 0x00, 0x00, 0xfd, 0xfd, 0x00, 0x00, 0xfc, 0xfd, 0x00, 0x00, 0xfd, 0xfb, 0x00, 0x00,
    0xff, 0xfd, 0x03, 0x00, 0xfe, 0xfe, 0x07, 0x00, 0xfe, 0xfe, 0x03, 0x00, 0xfd, 0xfd, 0x03, 0x00,
    0xfe, 0xfc, 0x03, 0x00, 0xfe, 0xfd, 0x01, 0x00, 0xfb, 0xfc, 0x00, 0x00, 0xfc, 0xfe, 0x00, 0x00,
    0xfd, 0xff, 0x00, 0x00, 0xfe, 0xfe, 0x00, 0x00, 0xfc, 0xfc, 0x01, 0x00, 0xfb, 0xfe, 0x00, 0x00,
    0xf9, 0xfb, 0x27, 0x00, 0xfe, 0xfb, 0x2f, 0x00, 0xfb, 0xfb, 0x27, 0x00, 0xff, 0xfb, 0x46, 0x00,
    0xfd, 0xfb, 0x58, 0x00, 0xfd, 0xfc, 0x26, 0x00, 0xfb, 0xfa, 0x00, 0x00, 0xfc, 0xfa, 0x00, 0x00,
    0xfd, 0xfd, 0x01, 0x00, 0xfd, 0xfd, 0x01, 0x00, 0xfd, 0xfd, 0x01, 0x00, 0xfe, 0xfc, 0x03, 0x00,
    0xfd, 0xfa, 0x03, 0x00, 0xfd, 0xfc, 0x00, 0x00, 0xfd, 0xfb, 0x00, 0x00, 0xfd, 0xf9, 0x00, 0x00,
    0xfd, 0xfa, 0x07, 0x00, 0xfe, 0xfa, 0x1c, 0x00, 0xfb, 0xfa, 0x23, 0x00, 0xfb, 0xfa, 0x24, 0x00,
    0xfc, 0xfc, 0x2a, 0x00, 0xfb, 0xfa, 0x2d, 0x00, 0xff, 0xf7, 0x30, 0x00, 0xfe, 0xf9, 0x24, 0x00,
    0xf8, 0xfd, 0x03, 0x00, 0xf8, 0xfb, 0x01, 0x00, 0xfe, 0xfa, 0x01, 0x00, 0xfe, 0xfb, 0x06, 0x00,
    0xfe, 0xfb, 0x1a, 0x00, 0xfd, 0xf9, 0x1f, 0x00, 0xfc, 0xf8, 0x17, 0x00, 0xfc, 0xfa, 0x12, 0x00,
    0xfc, 0xfa, 0x11, 0x00, 0xfe, 0xfc, 0x0f, 0x00, 0xff, 0xfd, 0x15, 0x00, 0xff, 0xfc, 0x23, 0x00,
    0xfe, 0xfa, 0x3a, 0x00, 0xfe, 0xfa, 0x4c, 0x00, 0xfb, 0xfb, 0x29, 0x00, 0xfb, 0xfc, 0x20, 0x00,
    0xfd, 0xfc, 0x1c, 0x00, 0xfe, 0xfb, 0x28, 0x00, 0xff, 0xfb, 0x3b, 0x00, 0xff, 0xfc, 0x30, 0x00,
    0xfd, 0xfc, 0x15, 0x00, 0xfd, 0xfd, 0x07, 0x00, 0xfd, 0xfc, 0x01, 0x00, 0xfd, 0xfa, 0x00, 0x00,
    0xfd, 0xfd, 0x01, 0x00, 0xfd, 0xfd, 0x01, 0x00, 0xfd, 0xfd, 0x01, 0x00, 0xfe, 0xfd, 0x01, 0x00,
    0xfe, 0xfd, 0x01, 0x00, 0xfe, 0xfd, 0x01, 0x00, 0xfe, 0xfd, 0x01, 0x00, 0xfe, 0xfb, 0x00, 0x00,
    0xfd, 0xfb, 0x02, 0x00, 0xfe, 0xfa, 0x0f, 0x00, 0xfe, 0xf9, 0x1e, 0x00, 0xfa, 0xfc, 0x2f, 0x00,
    0xfb, 0xfd, 0x31, 0x00, 0xfa, 0xfc, 0x2f, 0x00, 0xfb, 0xfc, 0x31, 0x00, 0xfb, 0xfd, 0x27, 0x00,
    0xfc, 0xfc, 0x13, 0x00, 0xfb, 0xfc, 0x02, 0x00, 0xfb, 0xfa, 0x00, 0x00, 0xfc, 0xfc, 0x00, 0x00,
    0xfd, 0xfd, 0x04, 0x00, 0xfe, 0xfa, 0x16, 0x00, 0xfb, 0xfb, 0x0c, 0x00, 0xf7, 0xf9, 0x00, 0x00,
    0xfa, 0xfb, 0x0b, 0x00, 0xfc, 0xff, 0x24, 0x00, 0xff, 0xff, 0x0a, 0x00, 0xf5, 0xf3, 0x0c, 0x00,
    0xbc, 0xcb, 0x24, 0x00, 0x76, 0xbe, 0x3b, 0x00, 0x55, 0x9d, 0x45, 0x00, 0x48, 0x95, 0x41, 0x00,
    0x5e, 0x82, 0x54, 0x00, 0x6a, 0x90, 0x4d, 0x00, 0x4a, 0xa8, 0x48, 0x00, 0x62, 0x96, 0x4b, 0x00,
    0x51, 0xb1, 0x54, 0x00, 0x1a, 0xe1, 0x3d, 0x00, 0x1d, 0xcc, 0x0e, 0x00, 0x45, 0xd0, 0x41, 0x00,
    0x2f, 0xf2, 0x68, 0x00, 0x2b, 0xf8, 0x4e, 0x00, 0x82, 0xe5, 0x2c, 0x00, 0x4e, 0xe9, 0x06, 0x00,
    0x5a, 0xec, 0x13, 0x00, 0xbe, 0xea, 0x32, 0x00, 0xff, 0xf5, 0x28, 0x00, 0xff, 0xfb, 0x13, 0x00,
    0xfa, 0xfd, 0x09, 0x00, 0xf5, 0xf6, 0x17, 0x00, 0xf5, 0xf8, 0x2e, 0x00, 0xfc, 0xfc, 0x30, 0x00,
    0xff, 0xfd, 0x26, 0x00, 0xfe, 0xfc, 0x1e, 0x00, 0xfd, 0xfc, 0x17, 0x00, 0xfd, 0xfa, 0x13, 0x00,
    0xfe, 0xfb, 0x1a, 0x00, 0xff, 0xfd, 0x1e, 0x00, 0xff, 0xfc, 0x38, 0x00, 0xfd, 0xf9, 0x40, 0x00,
    0xf7, 0xf9, 0x07, 0x00, 0xf9, 0xf9, 0x00, 0x00, 0xfc, 0xf9, 0x01, 0x00, 0xfb, 0xfb, 0x00, 0x00,
    0xfe, 0xfd, 0x02, 0x00, 0xff, 0xfb, 0x15, 0x00, 0xff, 0xfc, 0x36, 0x00, 0xff, 0xfc, 0x31, 0x00,
    0xfe, 0xfc, 0x27, 0x00, 0xfe, 0xfd, 0x1b, 0x00, 0xfe, 0xfd, 0x0b, 0x00, 0xfe, 0xfd, 0x04, 0x00,
    0xfe, 0xff, 0x87, 0x00, 0xfe, 0xff, 0x81, 0x00, 0xfb, 0xff, 0x71, 0x00, 0xfc, 0xff, 0x7f, 0x00,
    0xfb, 0xff, 0x78, 0x00, 0xfc, 0xff, 0x67, 0x00, 0xfe, 0xff, 0x5c, 0x00, 0xfc, 0xff, 0x64, 0x00,
    0xfc, 0xff, 0x60, 0x00, 0xfc, 0xff, 0x61, 0x00, 0xfc, 0xff, 0x62, 0x00, 0xfb, 0xff, 0x5a, 0x00,
    0xfa, 0xff, 0x5a, 0x00, 0xfa, 0xff, 0x54, 0x00, 0xf9, 0xff, 0x4f, 0x00, 0xf8, 0xff, 0x5a, 0x00,
    0xf9, 0xff, 0x68, 0x00, 0xfa, 0xff, 0x79, 0x00, 0xfd, 0xff, 0x80, 0x00, 0xff, 0xff, 0x78, 0x00,
    0xfd, 0xff, 0x63, 0x00, 0xf8, 0xff, 0x51, 0x00, 0xf7, 0xff, 0x53, 0x00, 0xfa, 0xff, 0x5c, 0x00,
    0xfc, 0xff, 0x59, 0x00, 0xfc, 0xff, 0x66, 0x00, 0xfc, 0xff, 0x63, 0x00, 0xfb, 0xff, 0x68, 0x00,
    0xf8, 0xff, 0x79, 0x00, 0xfb, 0xff, 0x83, 0x00, 0xfe, 0xff, 0x79, 0x00, 0xfd, 0xff, 0x71, 0x00,
    0xfd, 0xff, 0x72, 0x00, 0xfd, 0xff, 0x6e, 0x00, 0xfc, 0xff, 0x71, 0x00, 0xf9, 0xff, 0x81, 0x00,
    0xf7, 0xff, 0x88, 0x00, 0xfb, 0xff, 0x79, 0x00, 0xff, 0xff, 0x82, 0x00, 0xff, 0xff, 0x86, 0x00,
    0xfa, 0xff, 0x75, 0x00, 0xfa, 0xff, 0x7a, 0x00, 0xff, 0xff, 0x8e, 0x00, 0xfe, 0xff, 0x83, 0x00,
    0xfb, 0xff, 0x75, 0x00, 0xfa, 0xff, 0x67, 0x00, 0xf9, 0xff, 0x5c, 0x00, 0xf8, 0xff, 0x5b, 0x00,
    0xfc, 0xff, 0x61, 0x00, 0xfc, 0xff, 0x61, 0x00, 0xfc, 0xff, 0x60, 0x00, 0xfc, 0xff, 0x60, 0x00,
    0xfc, 0xff, 0x60, 0x00, 0xfb, 0xff, 0x60, 0x00, 0xfc, 0xff, 0x61, 0x00, 0xff, 0xff, 0x61, 0x00,
    0xff, 0xff, 0x68, 0x00, 0xfd, 0xff, 0x76, 0x00, 0xfc, 0xff, 0x7d, 0x00, 0xfd, 0xff, 0x6f, 0x00,
    0xff, 0xff, 0x73, 0x00, 0xfd, 0xff, 0x70, 0x00, 0xfe, 0xff, 0x74, 0x00, 0xfe, 0xff, 0x70, 0x00,
    0xfe, 0xff, 0x5e, 0x00, 0xfe, 0xff, 0x4c, 0x00, 0xf9, 0xff, 0x5d, 0x00, 0xf8, 0xff, 0x5c, 0x00,
    0xfb, 0xff, 0x63, 0x00, 0xfb, 0xff, 0x79, 0x00, 0xf8, 0xff, 0x6d, 0x00, 0xfd, 0xff, 0x5f, 0x00,
    0xff, 0xff, 0x71, 0x00, 0xda, 0xe2, 0x68, 0x00, 0x98, 0xc0, 0x32, 0x00, 0x77, 0xd7, 0x28, 0x00,
    0x48, 0xab, 0x4f, 0x00, 0x51, 0x64, 0x59, 0x00, 0x4c, 0x52, 0x58, 0x00, 0x68, 0x82, 0x42, 0x00,
    0x71, 0x9d, 0x40, 0x00, 0x46, 0xca, 0x18, 0x00, 0x56, 0x83, 0x4d, 0x00, 0x76, 0x95, 0x48, 0x00,
    0x85, 0x92, 0x3d, 0x00, 0x37, 0xc9, 0x52, 0x00, 0x1f, 0xe0, 0x0a, 0x00, 0x6d, 0xad, 0x25, 0x00,
    0x45, 0xc7, 0x31, 0x00, 0x50, 0xde, 0x57, 0x00, 0x42, 0xef, 0x81, 0x00, 0x2b, 0xff, 0x60, 0x00,
    0x00, 0xfb, 0x14, 0x00, 0x03, 0xf5, 0x05, 0x00, 0x49, 0xf2, 0x1f, 0x00, 0xba, 0xf2, 0x58, 0x00,
    0xfc, 0xff, 0x7c, 0x00, 0xfe, 0xff, 0x79, 0x00, 0xfc, 0xff, 0x7d, 0x00, 0xfb, 0xff, 0x8a, 0x00,
    0xfa, 0xff, 0x87, 0x00, 0xf9, 0xff, 0x7b, 0x00, 0xf8, 0xff, 0x73, 0x00, 0xfb, 0xff, 0x71, 0x00,
    0xfd, 0xff, 0x7b, 0x00, 0xfd, 0xff, 0x86, 0x00, 0xfe, 0xff, 0x8d, 0x00, 0xfe, 0xff, 0x7b, 0x00,
    0xfa, 0xff, 0x5e, 0x00, 0xfc, 0xff, 0x68, 0x00, 0xfa, 0xff, 0x69, 0x00, 0xf7, 0xff, 0x5b, 0x00,
    0xfa, 0xff, 0x5f, 0x00, 0xfb, 0xff, 0x75, 0x00, 0xfe, 0xff, 0x8a, 0x00, 0xfd, 0xff, 0x84, 0x00,
    0xfa, 0xff, 0x7a, 0x00, 0xfa, 0xff, 0x74, 0x00, 0xfd, 0xff, 0x6c, 0x00, 0xfc, 0xff, 0x64, 0x00,
    0xfe, 0xc2, 0x77, 0x00, 0xfc, 0xc6, 0x65, 0x00, 0xfb, 0xca, 0x56, 0x00, 0xf8, 0xc0, 0x61, 0x00,
    0xfd, 0xc4, 0x71, 0x00, 0xfd, 0xc8, 0x6f, 0x00, 0xfd, 0xcb, 0x74, 0x00, 0xfd, 0xc6, 0x84, 0x00,
    0xfe, 0xc5, 0x8a, 0x00, 0xfd, 0xc6, 0x8a, 0x00, 0xfb, 0xc8, 0x81, 0x00, 0xfe, 0xca, 0x80, 0x00,
    0xfe, 0xc7, 0x86, 0x00, 0xfc, 0xc5, 0x87, 0x00, 0xfb, 0xc6, 0x84, 0x00, 0xf9, 0xc7, 0x81, 0x00,
    0xfe, 0xc7, 0x83, 0x00, 0xff, 0xc7, 0x82, 0x00, 0xfb, 0xc3, 0x83, 0x00, 0xfa, 0xc2, 0x80, 0x00,
    0xfe, 0xc4, 0x7e, 0x00, 0xff, 0xc6, 0x82, 0x00, 0xf9, 0xc5, 0x7b, 0x00, 0xf9, 0xc3, 0x80, 0x00,
    0xf9, 0xc5, 0x79, 0x00, 0xf9, 0xc4, 0x7e, 0x00, 0xf8, 0xc7, 0x7d, 0x00, 0xfc, 0xc7, 0x81, 0x00,
    0xfe, 0xc2, 0x83, 0x00, 0xfe, 0xc4, 0x84, 0x00, 0xfd, 0xc8, 0x86, 0x00, 0xfc, 0xc4, 0x84, 0x00,
    0xfd, 0xc5, 0x89, 0x00, 0xff, 0xc3, 0x8f, 0x00, 0xfe, 0xc6, 0x88, 0x00, 0xfd, 0xc5, 0x85, 0x00,
    0xfd, 0xc6, 0x84, 0x00, 0xf9, 0xca, 0x82, 0x00, 0xf7, 0xc3, 0x80, 0x00, 0xf8, 0xc2, 0x79, 0x00,
    0xfd, 0xc5, 0x81, 0x00, 0xfe, 0xc6, 0x85, 0x00, 0xfa, 0xc3, 0x7d, 0x00, 0xfb, 0xc4, 0x7c, 0x00,
    0xfb, 0xc3, 0x87, 0x00, 0xfb, 0xc5, 0x86, 0x00, 0xfe, 0xc5, 0x89, 0x00, 0xff, 0xc4, 0x8e, 0x00,
    0xfe, 0xc6, 0x89, 0x00, 0xfe, 0xc5, 0x8a, 0x00, 0xff, 0xc5, 0x8b, 0x00, 0xfb, 0xc3, 0x89, 0x00,
    0xfb, 0xc5, 0x89, 0x00, 0xfe, 0xc5, 0x89, 0x00, 0xfa, 0xc3, 0x83, 0x00, 0xf9, 0xc3, 0x84, 0x00,
    0xfa, 0xc4, 0x84, 0x00, 0xfb, 0xc4, 0x81, 0x00, 0xfb, 0xc3, 0x7f, 0x00, 0xfc, 0xc9, 0x81, 0x00,
    0xfa, 0xc8, 0x7c, 0x00, 0xfd, 0xc9, 0x82, 0x00, 0xfe, 0xc8, 0x80, 0x00, 0xff, 0xc8, 0x80, 0x00,
    0xfd, 0xc5, 0x85, 0x00, 0xfb, 0xc3, 0x89, 0x00, 0xfb, 0xc6, 0x83, 0x00, 0xfe, 0xc6, 0x88, 0x00,
    0xfa, 0xc3, 0x87, 0x00, 0xfa, 0xc6, 0x83, 0x00, 0xff, 0xc2, 0x80, 0x00, 0xf9, 0xc7, 0x85, 0x00,
    0xb3, 0xc0, 0x6a, 0x00, 0x69, 0xa0, 0x3f, 0x00, 0x4a, 0xb6, 0x3e, 0x00, 0x45, 0xb3, 0x4c, 0x00,
    0x58, 0x64, 0x5b, 0x00, 0x67, 0x4f, 0x63, 0x00, 0x67, 0xa3, 0x3a, 0x00, 0x63, 0x9c, 0x3e, 0x00,
    0x3c, 0xc8, 0x1d, 0x00, 0x21, 0xda, 0x00, 0x00, 0x79, 0x7a, 0x54, 0x00, 0x67, 0x7e, 0x54, 0x00,
    0x68, 0xa9, 0x38, 0x00, 0x6d, 0xa7, 0x4c, 0x00, 0x29, 0xda, 0x43, 0x00, 0x4b, 0xda, 0x2c, 0x00,
    0x55, 0xc8, 0x2e, 0x00, 0x25, 0xc5, 0x00, 0x00, 0x21, 0xd6, 0x06, 0x00, 0x43, 0xd8, 0x58, 0x00,
    0x48, 0xf3, 0x6d, 0x00, 0x22, 0xfd, 0x27, 0x00, 0x08, 0xff, 0x10, 0x00, 0x5b, 0xdc, 0x36, 0x00,
    0xe6, 0xc1, 0x7f, 0x00, 0xf7, 0xcb, 0x7e, 0x00, 0xfb, 0xc1, 0x7e, 0x00, 0xf8, 0xc5, 0x7f, 0x00,
    0xfb, 0xc7, 0x7b, 0x00, 0xfc, 0xc7, 0x7d, 0x00, 0xfe, 0xc7, 0x7d, 0x00, 0xff, 0xc7, 0x82, 0x00,
    0xfd, 0xc7, 0x7e, 0x00, 0xfb, 0xc6, 0x7c, 0x00, 0xfa, 0xc6, 0x78, 0x00, 0xfa, 0xc7, 0x79, 0x00,
    0xfa, 0xc7, 0x84, 0x00, 0xf6, 0xc8, 0x83, 0x00, 0xf8, 0xc9, 0x80, 0x00, 0xfb, 0xc5, 0x89, 0x00,
    0xfe, 0xc3, 0x8f, 0x00, 0xfe, 0xc6, 0x87, 0x00, 0xfd, 0xc5, 0x82, 0x00, 0xfd, 0xc2, 0x7f, 0x00,
    0xfd, 0xc5, 0x79, 0x00, 0xfe, 0xc8, 0x79, 0x00, 0xfc, 0xc5, 0x81, 0x00, 0xfd, 0xc7, 0x80, 0x00,
    0xff, 0x78, 0x5f, 0x00, 0xfa, 0x70, 0x36, 0x00, 0xfb, 0x74, 0x20, 0x00, 0xff, 0x79, 0x3a, 0x00,
    0xfe, 0x74, 0x52, 0x00, 0xfe, 0x72, 0x42, 0x00, 0xf9, 0x70, 0x36, 0x00, 0xf8, 0x73, 0x2a, 0x00,
    0xfd, 0x73, 0x49, 0x00, 0xff, 0x71, 0x7a, 0x00, 0xfc, 0x75, 0x8a, 0x00, 0xff, 0x75, 0x8a, 0x00,
    0xff, 0x73, 0x83, 0x00, 0xfc, 0x70, 0x78, 0x00, 0xfa, 0x71, 0x77, 0x00, 0xf8, 0x73, 0x72, 0x00,
    0xf9, 0x75, 0x56, 0x00, 0xf6, 0x77, 0x3f, 0x00, 0xf8, 0x78, 0x34, 0x00, 0xf9, 0x76, 0x1f, 0x00,
    0xf7, 0x73, 0x1c, 0x00, 0xf9, 0x75, 0x35, 0x00, 0xfc, 0x78, 0x45, 0x00, 0xfd, 0x74, 0x50, 0x00,
    0xfd, 0x72, 0x57, 0x00, 0xfb, 0x74, 0x55, 0x00, 0xf9, 0x77, 0x60, 0x00, 0xfe, 0x77, 0x65, 0x00,
    0xfb, 0x74, 0x37, 0x00, 0xf0, 0x70, 0x36, 0x00, 0xfc, 0x7e, 0x73, 0x00, 0xfe, 0x76, 0x7b, 0x00,
    0xf5, 0x72, 0x66, 0x00, 0xfc, 0x75, 0x5e, 0x00, 0xfd, 0x73, 0x59, 0x00, 0xfd, 0x76, 0x55, 0x00,
    0xfd, 0x76, 0x51, 0x00, 0xfc, 0x71, 0x57, 0x00, 0xfd, 0x70, 0x62, 0x00, 0xfe, 0x75, 0x66, 0x00,
    0xfd, 0x75, 0x5b, 0x00, 0xfb, 0x74, 0x53, 0x00, 0xfb, 0x76, 0x60, 0x00, 0xfd, 0x71, 0x78, 0x00,
    0xfb, 0x73, 0x82, 0x00, 0xfc, 0x77, 0x71, 0x00, 0xfc, 0x75, 0x5f, 0x00, 0xfb, 0x73, 0x5a, 0x00,
    0xfc, 0x77, 0x5e, 0x00, 0xfc, 0x75, 0x62, 0x00, 0xfc, 0x71, 0x67, 0x00, 0xfa, 0x74, 0x6c, 0x00,
    0xfa, 0x76, 0x6a, 0x00, 0xfd, 0x73, 0x6a, 0x00, 0xfb, 0x74, 0x78, 0x00, 0xfc, 0x74, 0x81, 0x00,
    0xfe, 0x75, 0x82, 0x00, 0xfe, 0x75, 0x81, 0x00, 0xfd, 0x73, 0x80, 0x00, 0xfd, 0x72, 0x7d, 0x00,
    0xfc, 0x73, 0x7d, 0x00, 0xfc, 0x76, 0x76, 0x00, 0xfa, 0x74, 0x72, 0x00, 0xf9, 0x73, 0x75, 0x00,
    0xfa, 0x75, 0x73, 0x00, 0xfa, 0x75, 0x71, 0x00, 0xfa, 0x70, 0x75, 0x00, 0xfa, 0x77, 0x83, 0x00,
    0xf8, 0x72, 0x82, 0x00, 0xfb, 0x78, 0x88, 0x00, 0xec, 0x78, 0x83, 0x00, 0x98, 0x84, 0x4f, 0x00,
    0x5b, 0xa3, 0x33, 0x00, 0x44, 0xc4, 0x3d, 0x00, 0x4c, 0xc9, 0x3f, 0x00, 0x55, 0x6f, 0x54, 0x00,
    0x5c, 0x49, 0x65, 0x00, 0x69, 0x8b, 0x60, 0x00, 0x84, 0x9a, 0x46, 0x00, 0x51, 0xba, 0x32, 0x00,
    0x24, 0xd8, 0x06, 0x00, 0x31, 0xd2, 0x07, 0x00, 0x3e, 0xbb, 0x0a, 0x00, 0x63, 0x98, 0x34, 0x00,
    0x64, 0xa1, 0x39, 0x00, 0x77, 0x94, 0x41, 0x00, 0x43, 0xd2, 0x4a, 0x00, 0x14, 0xe0, 0x00, 0x00,
    0x35, 0xc4, 0x27, 0x00, 0x49, 0xd6, 0x16, 0x00, 0x1f, 0xda, 0x02, 0x00, 0x29, 0xcb, 0x00, 0x00,
    0x2b, 0xd7, 0x12, 0x00, 0x54, 0xf3, 0x5a, 0x00, 0x5a, 0xef, 0x52, 0x00, 0x4f, 0xc8, 0x21, 0x00,
    0xcc, 0x90, 0x63, 0x00, 0xfb, 0x6e, 0x8c, 0x00, 0xf3, 0x72, 0x83, 0x00, 0xfd, 0x78, 0x85, 0x00,
    0xfe, 0x76, 0x83, 0x00, 0xfd, 0x77, 0x80, 0x00, 0xfd, 0x76, 0x7d, 0x00, 0xfc, 0x74, 0x7c, 0x00,
    0xfd, 0x75, 0x7a, 0x00, 0xfe, 0x72, 0x81, 0x00, 0xfe, 0x70, 0x89, 0x00, 0xfa, 0x72, 0x88, 0x00,
    0xfd, 0x71, 0x85, 0x00, 0xfe, 0x72, 0x83, 0x00, 0xfc, 0x76, 0x7e, 0x00, 0xfb, 0x76, 0x73, 0x00,
    0xfa, 0x72, 0x63, 0x00, 0xf9, 0x75, 0x55, 0x00, 0xf7, 0x7a, 0x62, 0x00, 0xfb, 0x73, 0x7b, 0x00,
    0xfe, 0x70, 0x84, 0x00, 0xfd, 0x75, 0x7f, 0x00, 0xfa, 0x76, 0x7e, 0x00, 0xfc, 0x72, 0x7e, 0x00,
    0xfa, 0x82, 0x1c, 0x00, 0xfc, 0x7e, 0x09, 0x00, 0xfb, 0x80, 0x05, 0x00, 0xfa, 0x82, 0x0d, 0x00,
    0xfb, 0x7e, 0x11, 0x00, 0xfc, 0x80, 0x0d, 0x00, 0xfc, 0x82, 0x0b, 0x00, 0xfc, 0x82, 0x08, 0x00,
    0xfc, 0x81, 0x03, 0x00, 0xfc, 0x7e, 0x18, 0x00, 0xff, 0x7c, 0x3d, 0x00, 0xfb, 0x80, 0x4b, 0x00,
    0xfc, 0x80, 0x34, 0x00, 0xfb, 0x7e, 0x13, 0x00, 0xfa, 0x7f, 0x19, 0x00, 0xfc, 0x7f, 0x35, 0x00,
    0xfd, 0x7f, 0x27, 0x00, 0xfd, 0x7e, 0x1f, 0x00, 0xfe, 0x7e, 0x07, 0x00, 0xff, 0x7f, 0x00, 0x00,
    0xfe, 0x7e, 0x0d, 0x00, 0xfd, 0x7f, 0x30, 0x00, 0xfa, 0x7d, 0x38, 0x00, 0xfa, 0x7c, 0x38, 0x00,
    0xfb, 0x7e, 0x3a, 0x00, 0xfb, 0x7f, 0x37, 0x00, 0xfd, 0x7f, 0x36, 0x00, 0xff, 0x80, 0x34, 0x00,
    0xfe, 0x83, 0x19, 0x00, 0xf8, 0x7d, 0x03, 0x00, 0xfd, 0x7f, 0x0d, 0x00, 0xfd, 0x7b, 0x15, 0x00,
    0xfb, 0x7c, 0x09, 0x00, 0xfb, 0x80, 0x00, 0x00, 0xfb, 0x7e, 0x00, 0x00, 0xfb, 0x80, 0x00, 0x00,
    0xfa, 0x80, 0x00, 0x00, 0xfd, 0x7e, 0x09, 0x00, 0xfe, 0x80, 0x13, 0x00, 0xfd, 0x84, 0x29, 0x00,
    0xfd, 0x81, 0x26, 0x00, 0xf7, 0x81, 0x01, 0x00, 0xf5, 0x84, 0x00, 0x00, 0xfe, 0x82, 0x3f, 0x00,
    0xff, 0x7f, 0x37, 0x00, 0xfe, 0x80, 0x17, 0x00, 0xf9, 0x7d, 0x02, 0x00, 0xf6, 0x7c, 0x00, 0x00,
    0xf9, 0x84, 0x04, 0x00, 0xf9, 0x82, 0x05, 0x00, 0xf8, 0x81, 0x06, 0x00, 0xfc, 0x81, 0x0d, 0x00,
    0xfb, 0x7e, 0x07, 0x00, 0xf8, 0x7a, 0x0d, 0x00, 0xfe, 0x7f, 0x44, 0x00, 0xfd, 0x7d, 0x54, 0x00,
    0xfc, 0x7e, 0x4d, 0x00, 0xfc, 0x81, 0x48, 0x00, 0xfb, 0x82, 0x3c, 0x00, 0xfa, 0x82, 0x23, 0x00,
    0xf8, 0x80, 0x3b, 0x00, 0xf9, 0x7d, 0x5b, 0x00, 0xfb, 0x7c, 0x65, 0x00, 0xfc, 0x7c, 0x5d, 0x00,
    0xfe, 0x7e, 0x58, 0x00, 0xfc, 0x7f, 0x51, 0x00, 0xfd, 0x7d, 0x56, 0x00, 0xec, 0x7c, 0x4e, 0x00,
    0xfc, 0x7e, 0x50, 0x00, 0xf8, 0x81, 0x51, 0x00, 0xa7, 0x9b, 0x38, 0x00, 0x61, 0xb1, 0x34, 0x00,
    0x48, 0xc7, 0x3f, 0x00, 0x43, 0xcb, 0x41, 0x00, 0x51, 0x96, 0x50, 0x00, 0x59, 0x50, 0x5e, 0x00,
    0x60, 0x60, 0x66, 0x00, 0x7b, 0x94, 0x4a, 0x00, 0x62, 0xad, 0x31, 0x00, 0x1b, 0xda, 0x04, 0x00,
    0x2b, 0xdb, 0x00, 0x00, 0x2d, 0xec, 0x03, 0x00, 0x2f, 0xcc, 0x0c, 0x00, 0x31, 0x41, 0x5f, 0x00,
    0x6f, 0x81, 0x52, 0x00, 0x7c, 0x9f, 0x42, 0x00, 0x56, 0xba, 0x57, 0x00, 0x1f, 0xdd, 0x28, 0x00,
    0x49, 0xb5, 0x20, 0x00, 0x41, 0xa2, 0x0d, 0x00, 0x2a, 0xcd, 0x01, 0x00, 0x28, 0xe5, 0x06, 0x00,
    0x35, 0xc9, 0x04, 0x00, 0x40, 0xbb, 0x09, 0x00, 0x29, 0xcd, 0x00, 0x00, 0x10, 0xdb, 0x02, 0x00,
    0xa7, 0xa1, 0x46, 0x00, 0xf8, 0x76, 0x62, 0x00, 0xf3, 0x80, 0x40, 0x00, 0xfb, 0x80, 0x2d, 0x00,
    0xf8, 0x7c, 0x2b, 0x00, 0xf8, 0x81, 0x24, 0x00, 0xf7, 0x83, 0x1f, 0x00, 0xf6, 0x80, 0x10, 0x00,
    0xf8, 0x82, 0x1a, 0x00, 0xf9, 0x80, 0x3a, 0x00, 0xfc, 0x7f, 0x4b, 0x00, 0xff, 0x81, 0x45, 0x00,
    0xfd, 0x7f, 0x3a, 0x00, 0xfc, 0x7c, 0x33, 0x00, 0xfe, 0x83, 0x2c, 0x00, 0xfd, 0x85, 0x13, 0x00,
    0xf8, 0x7f, 0x07, 0x00, 0xfa, 0x7e, 0x28, 0x00, 0xf7, 0x81, 0x47, 0x00, 0xfb, 0x81, 0x54, 0x00,
    0xfd, 0x7f, 0x55, 0x00, 0xfd, 0x80, 0x51, 0x00, 0xff, 0x80, 0x4d, 0x00, 0xff, 0x7f, 0x58, 0x00,
    0xfe, 0x7d, 0x00, 0x00, 0xff, 0x7e, 0x00, 0x00, 0xff, 0x7e, 0x00, 0x00, 0xfd, 0x7d, 0x00, 0x00,
    0xfe, 0x7f, 0x00, 0x00, 0xfe, 0x81, 0x00, 0x00, 0xfe, 0x81, 0x00, 0x00, 0xff, 0x81, 0x00, 0x00,
    0xff, 0x83, 0x00, 0x00, 0xff, 0x81, 0x00, 0x00, 0xfc, 0x7d, 0x00, 0x00, 0xfa, 0x80, 0x00, 0x00,
    0xfe, 0x80, 0x00, 0x00, 0xff, 0x7e, 0x00, 0x00, 0xff, 0x81, 0x00, 0x00, 0xfe, 0x81, 0x00, 0x00,
    0xfd, 0x7f, 0x00, 0x00, 0xfd, 0x7e, 0x00, 0x00, 0xfa, 0x7b, 0x01, 0x00, 0xfe, 0x7c, 0x00, 0x00,
    0xfe, 0x7f, 0x00, 0x00, 0xf7, 0x80, 0x00, 0x00, 0xfe, 0x7f, 0x00, 0x00, 0xff, 0x82, 0x00, 0x00,
    0xff, 0x80, 0x00, 0x00, 0xff, 0x7f, 0x00, 0x00, 0xfd, 0x80, 0x00, 0x00, 0xfe, 0x80, 0x00, 0x00,
    0xfc, 0x82, 0x02, 0x00, 0xfe, 0x82, 0x01, 0x00, 0xff, 0x7e, 0x00, 0x00, 0xff, 0x7e, 0x00, 0x00,
    0xff, 0x84, 0x00, 0x00, 0xff, 0x83, 0x02, 0x00, 0xff, 0x81, 0x03, 0x00, 0xff, 0x81, 0x03, 0x00,
    0xff, 0x82, 0x04, 0x00, 0xfe, 0x84, 0x02, 0x00, 0xff, 0x82, 0x00, 0x00, 0xfd, 0x7c, 0x00, 0x00,
    0xfd, 0x7c, 0x02, 0x00, 0xff, 0x7c, 0x0b, 0x00, 0xfc, 0x78, 0x0a, 0x00, 0xf8, 0x7e, 0x00, 0x00,
    0xfd, 0x7d, 0x00, 0x00, 0xff, 0x7f, 0x00, 0x00, 0xff, 0x7e, 0x01, 0x00, 0xff, 0x7b, 0x07, 0x00,
    0xfe, 0x7c, 0x05, 0x00, 0xfe, 0x7c, 0x06, 0x00, 0xff, 0x7d, 0x06, 0x00, 0xfd, 0x7d, 0x08, 0x00,
    0xfd, 0x7c, 0x03, 0x00, 0xff, 0x7d, 0x03, 0x00, 0xfb, 0x82, 0x03, 0x00, 0xfd, 0x7e, 0x00, 0x00,
    0xfe, 0x7f, 0x00, 0x00, 0xfd, 0x7f, 0x00, 0x00, 0xfe, 0x7f, 0x00, 0x00, 0xff, 0x80, 0x09, 0x00,
    0xfc, 0x80, 0x0f, 0x00, 0xfb, 0x81, 0x18, 0x00, 0xf7, 0x7f, 0x19, 0x00, 0xf6, 0x7d, 0x16, 0x00,
    0xf9, 0x80, 0x16, 0x00, 0xfb, 0x81, 0x17, 0x00, 0xfa, 0x82, 0x25, 0x00, 0xf9, 0x81, 0x17, 0x00,
    0xfd, 0x7d, 0x09, 0x00, 0xa6, 0x94, 0x1c, 0x00, 0x57, 0xae, 0x35, 0x00, 0x43, 0xca, 0x3d, 0x00,
    0x4f, 0xc5, 0x3b, 0x00, 0x4b, 0xbe, 0x4f, 0x00, 0x4d, 0x5b, 0x59, 0x00, 0x6e, 0x52, 0x4b, 0x00,
    0x56, 0x7c, 0x5b, 0x00, 0x5e, 0x8c, 0x4c, 0x00, 0x27, 0xd7, 0x0e, 0x00, 0x2c, 0xd3, 0x03, 0x00,
    0x2f, 0xc3, 0x10, 0x00, 0x20, 0x9b, 0x24, 0x00, 0x3a, 0x2a, 0x45, 0x00, 0x4a, 0x00, 0x9a, 0x00,
    0x49, 0x1b, 0x98, 0x00, 0x5e, 0x7a, 0x39, 0x00, 0x4e, 0xc1, 0x49, 0x00, 0x21, 0xeb, 0x47, 0x00,
    0x72, 0xa1, 0x34, 0x00, 0x3e, 0x23, 0x49, 0x00, 0x41, 0x76, 0x26, 0x00, 0x40, 0xbb, 0x07, 0x00,
    0x53, 0xa2, 0x04, 0x00, 0x58, 0xa7, 0x04, 0x00, 0x36, 0xcf, 0x02, 0x00, 0x28, 0xd3, 0x12, 0x00,
    0xd0, 0x90, 0x1d, 0x00, 0xfb, 0x76, 0x00, 0x00, 0xf2, 0x7a, 0x03, 0x00, 0xfe, 0x7d, 0x03, 0x00,
    0xfe, 0x7b, 0x03, 0x00, 0xfe, 0x7e, 0x00, 0x00, 0xfe, 0x7e, 0x00, 0x00, 0xfd, 0x7a, 0x03, 0x00,
    0xfd, 0x7e, 0x00, 0x00, 0xfd, 0x80, 0x00, 0x00, 0xfd, 0x7e, 0x01, 0x00, 0xfe, 0x7c, 0x01, 0x00,
    0xfe, 0x7b, 0x00, 0x00, 0xfe, 0x7a, 0x00, 0x00, 0xfe, 0x7b, 0x00, 0x00, 0xfd, 0x7b, 0x00, 0x00,
    0xfc, 0x7b, 0x08, 0x00, 0xfe, 0x7f, 0x17, 0x00, 0xff, 0x7d, 0x09, 0x00, 0xfe, 0x79, 0x00, 0x00,
    0xfd, 0x7b, 0x00, 0x00, 0xfe, 0x81, 0x00, 0x00, 0xfd, 0x7e, 0x00, 0x00, 0xfd, 0x7a, 0x00, 0x00,
    0xf9, 0x7d, 0x14, 0x00, 0xfc, 0x78, 0x19, 0x00, 0xfd, 0x77, 0x24, 0x00, 0xf4, 0x74, 0x27, 0x00,
    0xe9, 0x69, 0x22, 0x00, 0xf1, 0x65, 0x21, 0x00, 0xee, 0x6b, 0x27, 0x00, 0xeb, 0x6d, 0x28, 0x00,
    0xf1, 0x6f, 0x2d, 0x00, 0xf5, 0x73, 0x2e, 0x00, 0xf4, 0x70, 0x29, 0x00, 0xfa, 0x75, 0x2f, 0x00,
    0xf9, 0x75, 0x26, 0x00, 0xf7, 0x78, 0x21, 0x00, 0xf1, 0x75, 0x17, 0x00, 0xfa, 0x79, 0x12, 0x00,
    0xfe, 0x7f, 0x13, 0x00, 0xfc, 0x7d, 0x0b, 0x00, 0xf9, 0x7f, 0x08, 0x00, 0xfe, 0x81, 0x0e, 0x00,
    0xfe, 0x7f, 0x16, 0x00, 0xfb, 0x7c, 0x1d, 0x00, 0xf5, 0x77, 0x26, 0x00, 0xf7, 0x79, 0x2d, 0x00,
    0xf7, 0x73, 0x34, 0x00, 0xf4, 0x6d, 0x3e, 0x00, 0xed, 0x6d, 0x43, 0x00, 0xe7, 0x67, 0x41, 0x00,
    0xe8, 0x69, 0x43, 0x00, 0xe6, 0x65, 0x4c, 0x00, 0xdf, 0x5b, 0x4d, 0x00, 0xe3, 0x61, 0x50, 0x00,
    0xe5, 0x63, 0x51, 0x00, 0xea, 0x66, 0x41, 0x00, 0xec, 0x65, 0x3e, 0x00, 0xec, 0x62, 0x3e, 0x00,
    0xea, 0x62, 0x3f, 0x00, 0xe8, 0x69, 0x39, 0x00, 0xf1, 0x74, 0x26, 0x00, 0xf6, 0x7a, 0x17, 0x00,
    0xfb, 0x7c, 0x10, 0x00, 0xfe, 0x7d, 0x09, 0x00, 0xff, 0x7f, 0x03, 0x00, 0xff, 0x80, 0x00, 0x00,
    0xff, 0x80, 0x03, 0x00, 0xff, 0x81, 0x03, 0x00, 0xfc, 0x7e, 0x02, 0x00, 0xfd, 0x7d, 0x04, 0x00,
    0xfc, 0x80, 0x00, 0x00, 0xfc, 0x80, 0x00, 0x00, 0xfc, 0x7f, 0x00, 0x00, 0xfa, 0x82, 0x00, 0x00,
    0xfb, 0x7f, 0x00, 0x00, 0xfe, 0x7a, 0x00, 0x00, 0xfe, 0x7d, 0x00, 0x00, 0xf9, 0x7d, 0x02, 0x00,
    0xf8, 0x7b, 0x05, 0x00, 0xfc, 0x7b, 0x10, 0x00, 0xfc, 0x78, 0x16, 0x00, 0xf9, 0x78, 0x15, 0x00,
    0xf9, 0x7a, 0x0a, 0x00, 0xf8, 0x7d, 0x04, 0x00, 0xfc, 0x7d, 0x02, 0x00, 0xfe, 0x7e, 0x00, 0x00,
    0xfd, 0x7f, 0x00, 0x00, 0xff, 0x7c, 0x00, 0x00, 0xfe, 0x79, 0x06, 0x00, 0xff, 0x7b, 0x10, 0x00,
    0xda, 0x76, 0x15, 0x00, 0x61, 0xab, 0x36, 0x00, 0x42, 0xc6, 0x38, 0x00, 0x4a, 0xad, 0x2d, 0x00,
    0xa1, 0x85, 0x1b, 0x00, 0x95, 0x7c, 0x2b, 0x00, 0xbb, 0x5a, 0x0b, 0x00, 0xd2, 0x75, 0x17, 0x00,
    0x92, 0x89, 0x45, 0x00, 0x4b, 0xc4, 0x23, 0x00, 0x21, 0xe2, 0x00, 0x00, 0x2f, 0xda, 0x08, 0x00,
    0x49, 0x62, 0x46, 0x00, 0x53, 0x38, 0x78, 0x00, 0x45, 0x19, 0x6d, 0x00, 0x62, 0x04, 0xbc, 0x00,
    0x40, 0x06, 0xa6, 0x00, 0x3f, 0x5e, 0x32, 0x00, 0x6c, 0xb2, 0x50, 0x00, 0x18, 0xea, 0x5c, 0x00,
    0x6e, 0xa0, 0x11, 0x00, 0x96, 0x50, 0x25, 0x00, 0x86, 0x58, 0x27, 0x00, 0x79, 0x82, 0x05, 0x00,
    0x55, 0xad, 0x04, 0x00, 0x54, 0xa0, 0x00, 0x00, 0x24, 0xd4, 0x03, 0x00, 0x6f, 0xae, 0x01, 0x00,
    0xfa, 0x78, 0x02, 0x00, 0xfa, 0x7f, 0x00, 0x00, 0xfc, 0x7f, 0x01, 0x00, 0xfa, 0x80, 0x00, 0x00,
    0xfd, 0x7d, 0x00, 0x00, 0xfc, 0x7d, 0x00, 0x00, 0xfd, 0x7d, 0x00, 0x00, 0xfa, 0x7d, 0x01, 0x00,
    0xfb, 0x7f, 0x00, 0x00, 0xfe, 0x80, 0x03, 0x00, 0xfe, 0x7f, 0x05, 0x00, 0xfc, 0x7f, 0x02, 0x00,
    0xfe, 0x7e, 0x02, 0x00, 0xff, 0x7f, 0x04, 0x00, 0xff, 0x7d, 0x01, 0x00, 0xfd, 0x7d, 0x00, 0x00,
    0xfc, 0x7c, 0x06, 0x00, 0xf8, 0x7b, 0x0d, 0x00, 0xf2, 0x79, 0x1a, 0x00, 0xf4, 0x7d, 0x1c, 0x00,
    0xf3, 0x7a, 0x1f, 0x00, 0xf4, 0x77, 0x20, 0x00, 0xf9, 0x78, 0x1d, 0x00, 0xfb, 0x77, 0x18, 0x00,
    0xd1, 0x57, 0x4d, 0x00, 0xd2, 0x53, 0x50, 0x00, 0xc8, 0x51, 0x56, 0x00, 0xca, 0x4f, 0x55, 0x00,
    0xd2, 0x4c, 0x4d, 0x00, 0xba, 0x48, 0x4b, 0x00, 0xc2, 0x43, 0x4b, 0x00, 0xc3, 0x3f, 0x47, 0x00,
    0xc6, 0x44, 0x4b, 0x00, 0xd3, 0x4c, 0x54, 0x00, 0xd4, 0x4a, 0x53, 0x00, 0xd6, 0x52, 0x5c, 0x00,
    0xe3, 0x5e, 0x63, 0x00, 0xe8, 0x62, 0x60, 0x00, 0xea, 0x65, 0x61, 0x00, 0xe1, 0x5f, 0x60, 0x00,
    0xe4, 0x61, 0x5a, 0x00, 0xde, 0x5c, 0x4d, 0x00, 0xdd, 0x59, 0x46, 0x00, 0xda, 0x56, 0x48, 0x00,
    0xd8, 0x53, 0x56, 0x00, 0xd7, 0x51, 0x5f, 0x00, 0xdd, 0x5a, 0x56, 0x00, 0xdf, 0x5a, 0x59, 0x00,
    0xd5, 0x4f, 0x56, 0x00, 0xd0, 0x49, 0x53, 0x00, 0xd5, 0x51, 0x58, 0x00, 0xc9, 0x45, 0x4b, 0x00,
    0xc5, 0x40, 0x47, 0x00, 0xc9, 0x44, 0x49, 0x00, 0xc6, 0x42, 0x46, 0x00, 0xca, 0x46, 0x4a, 0x00,
    0xce, 0x4a, 0x4e, 0x00, 0xd0, 0x4a, 0x52, 0x00, 0xd3, 0x4d, 0x56, 0x00, 0xd5, 0x50, 0x59, 0x00,
    0xd8, 0x53, 0x5a, 0x00, 0xd5, 0x54, 0x57, 0x00, 0xd6, 0x52, 0x52, 0x00, 0xde, 0x58, 0x52, 0x00,
    0xe0, 0x5b, 0x51, 0x00, 0xe0, 0x5c, 0x4a, 0x00, 0xe5, 0x61, 0x3e, 0x00, 0xe8, 0x67, 0x35, 0x00,
    0xe2, 0x69, 0x3f, 0x00, 0xe9, 0x66, 0x46, 0x00, 0xe1, 0x67, 0x4d, 0x00, 0xea, 0x66, 0x4c, 0x00,
    0xf1, 0x71, 0x3b, 0x00, 0xf5, 0x71, 0x37, 0x00, 0xfd, 0x72, 0x31, 0x00, 0xf6, 0x71, 0x30, 0x00,
    0xed, 0x75, 0x2b, 0x00, 0xf0, 0x78, 0x2b, 0x00, 0xf1, 0x72, 0x39, 0x00, 0xf0, 0x6e, 0x50, 0x00,
    0xeb, 0x67, 0x53, 0x00, 0xef, 0x67, 0x60, 0x00, 0xea, 0x60, 0x61, 0x00, 0xe6, 0x61, 0x61, 0x00,
    0xe6, 0x63, 0x5d, 0x00, 0xe2, 0x64, 0x56, 0x00, 0xe5, 0x63, 0x50, 0x00, 0xeb, 0x69, 0x48, 0x00,
    0xed, 0x6e, 0x43, 0x00, 0xe7, 0x62, 0x46, 0x00, 0xe6, 0x60, 0x4e, 0x00, 0xea, 0x61, 0x58, 0x00,
    0xd5, 0x66, 0x4f, 0x00, 0x9b, 0x73, 0x36, 0x00, 0xb4, 0x6b, 0x35, 0x00, 0xc4, 0x5c, 0x40, 0x00,
    0xec, 0x60, 0x40, 0x00, 0xf8, 0x67, 0x31, 0x00, 0xf6, 0x7a, 0x2f, 0x00, 0xff, 0x6c, 0x25, 0x00,
    0x76, 0x85, 0x41, 0x00, 0x03, 0xf0, 0x04, 0x00, 0x3e, 0xbf, 0x36, 0x00, 0x5d, 0x8d, 0x54, 0x00,
    0x88, 0x75, 0x7d, 0x00, 0x9a, 0xa1, 0x87, 0x00, 0x6f, 0x65, 0x73, 0x00, 0x57, 0x1f, 0x7d, 0x00,
    0x34, 0x21, 0x4d, 0x00, 0x38, 0x1c, 0x59, 0x00, 0x6e, 0x8a, 0x5b, 0x00, 0x3e, 0xe1, 0x3c, 0x00,
    0x7c, 0x8e, 0x05, 0x00, 0xdc, 0x80, 0x07, 0x00, 0xff, 0x7b, 0x15, 0x00, 0xe7, 0x67, 0x1b, 0x00,
    0x6e, 0x87, 0x16, 0x00, 0x43, 0xb8, 0x0c, 0x00, 0x47, 0xb2, 0x17, 0x00, 0xe9, 0x6f, 0x34, 0x00,
    0xf4, 0x6f, 0x2e, 0x00, 0xea, 0x6d, 0x25, 0x00, 0xf4, 0x78, 0x27, 0x00, 0xf8, 0x78, 0x30, 0x00,
    0xf6, 0x73, 0x32, 0x00, 0xf2, 0x71, 0x35, 0x00, 0xef, 0x6f, 0x39, 0x00, 0xef, 0x6f, 0x3e, 0x00,
    0xef, 0x6f, 0x3e, 0x00, 0xee, 0x6f, 0x3d, 0x00, 0xed, 0x6d, 0x3b, 0x00, 0xea, 0x6a, 0x39, 0x00,
    0xea, 0x6a, 0x39, 0x00, 0xe9, 0x6a, 0x38, 0x00, 0xef, 0x6d, 0x44, 0x00, 0xf1, 0x70, 0x4a, 0x00,
    0xed, 0x6b, 0x50, 0x00, 0xea, 0x66, 0x5e, 0x00, 0xe9, 0x67, 0x60, 0x00, 0xe8, 0x65, 0x60, 0x00,
    0xe8, 0x63, 0x63, 0x00, 0xe5, 0x5e, 0x64, 0x00, 0xe0, 0x57, 0x62, 0x00, 0xe0, 0x58, 0x5a, 0x00,
    0xec, 0x17, 0x1c, 0x00, 0xee, 0x15, 0x17, 0x00, 0xec, 0x1c, 0x15, 0x00, 0xe6, 0x1c, 0x15, 0x00,
    0xe7, 0x19, 0x18, 0x00, 0xdf, 0x28, 0x28, 0x00, 0xd2, 0x46, 0x40, 0x00, 0xcd, 0x4d, 0x4a, 0x00,
    0xd5, 0x4f, 0x4f, 0x00, 0xda, 0x57, 0x56, 0x00, 0xd8, 0x56, 0x54, 0x00, 0xdc, 0x60, 0x57, 0x00,
    0xe1, 0x68, 0x60, 0x00, 0xe9, 0x64, 0x64, 0x00, 0xed, 0x63, 0x63, 0x00, 0xd1, 0x54, 0x4b, 0x00,
    0xc8, 0x46, 0x42, 0x00, 0xc3, 0x3d, 0x3e, 0x00, 0xc5, 0x3f, 0x41, 0x00, 0xc1, 0x3e, 0x3e, 0x00,
    0xc2, 0x3f, 0x3e, 0x00, 0xc4, 0x40, 0x3e, 0x00, 0xc8, 0x41, 0x45, 0x00, 0xc8, 0x43, 0x45, 0x00,
    0xc8, 0x43, 0x41, 0x00, 0xca, 0x46, 0x41, 0x00, 0xce, 0x49, 0x48, 0x00, 0xcc, 0x48, 0x46, 0x00,
    0xca, 0x46, 0x45, 0x00, 0xc9, 0x44, 0x43, 0x00, 0xdd, 0x58, 0x57, 0x00, 0xd9, 0x54, 0x53, 0x00,
    0xd2, 0x4c, 0x4b, 0x00, 0xd8, 0x51, 0x4f, 0x00, 0xd5, 0x51, 0x4e, 0x00, 0xd4, 0x53, 0x50, 0x00,
    0xd3, 0x53, 0x51, 0x00, 0xce, 0x47, 0x49, 0x00, 0xc6, 0x3f, 0x41, 0x00, 0xd1, 0x4a, 0x4c, 0x00,
    0xd9, 0x55, 0x53, 0x00, 0xd7, 0x55, 0x51, 0x00, 0xd7, 0x54, 0x52, 0x00, 0xd7, 0x54, 0x54, 0x00,
    0xd2, 0x50, 0x50, 0x00, 0xd3, 0x48, 0x4b, 0x00, 0xce, 0x50, 0x52, 0x00, 0xce, 0x47, 0x4e, 0x00,
    0xc9, 0x47, 0x52, 0x00, 0xcf, 0x4a, 0x53, 0x00, 0xd8, 0x4d, 0x54, 0x00, 0xd8, 0x4f, 0x55, 0x00,
    0xd7, 0x52, 0x56, 0x00, 0xdd, 0x58, 0x5b, 0x00, 0xe2, 0x5b, 0x66, 0x00, 0xdf, 0x57, 0x5f, 0x00,
    0xdd, 0x55, 0x59, 0x00, 0xe6, 0x61, 0x5f, 0x00, 0xe4, 0x5f, 0x5a, 0x00, 0xdb, 0x5a, 0x52, 0x00,
    0xda, 0x58, 0x54, 0x00, 0xd9, 0x56, 0x55, 0x00, 0xd3, 0x4f, 0x53, 0x00, 0xd4, 0x53, 0x56, 0x00,
    0xd7, 0x57, 0x55, 0x00, 0xc6, 0x45, 0x48, 0x00, 0xc6, 0x3e, 0x46, 0x00, 0xc0, 0x45, 0x4e, 0x00,
    0xd0, 0x3f, 0x4a, 0x00, 0xdf, 0x44, 0x49, 0x00, 0xd3, 0x48, 0x50, 0x00, 0xdb, 0x47, 0x57, 0x00,
    0xcb, 0x51, 0x59, 0x00, 0xdd, 0x55, 0x54, 0x00, 0xd2, 0x59, 0x5d, 0x00, 0xd9, 0x4b, 0x5b, 0x00,
    0x73, 0x90, 0x2e, 0x00, 0x5c, 0x9f, 0x2d, 0x00, 0x85, 0x6f, 0x79, 0x00, 0x88, 0x92, 0x52, 0x00,
    0x7c, 0x9e, 0x5d, 0x00, 0x71, 0x95, 0x41, 0x00, 0xac, 0x61, 0x44, 0x00, 0xcd, 0x5c, 0x52, 0x00,
    0x33, 0x21, 0x91, 0x00, 0x66, 0x61, 0xa7, 0x00, 0x3c, 0xa8, 0x3c, 0x00, 0x55, 0x9f, 0x3f, 0x00,
    0x5d, 0xa7, 0x07, 0x00, 0xab, 0x79, 0x49, 0x00, 0xe9, 0x55, 0x6c, 0x00, 0xdd, 0x5e, 0x4e, 0x00,
    0x7f, 0x84, 0x49, 0x00, 0x90, 0x7f, 0x35, 0x00, 0xc8, 0x57, 0x34, 0x00, 0xd6, 0x4d, 0x5f, 0x00,
    0xcf, 0x48, 0x52, 0x00, 0xc9, 0x40, 0x49, 0x00, 0xd2, 0x4b, 0x50, 0x00, 0xe1, 0x57, 0x5e, 0x00,
    0xe1, 0x57, 0x5f, 0x00, 0xd8, 0x51, 0x5b, 0x00, 0xd3, 0x4d, 0x59, 0x00, 0xcf, 0x4a, 0x52, 0x00,
    0xcf, 0x4a, 0x52, 0x00, 0xd0, 0x4a, 0x52, 0x00, 0xcd, 0x48, 0x50, 0x00, 0xca, 0x45, 0x4c, 0x00,
    0xca, 0x45, 0x4d, 0x00, 0xca, 0x44, 0x4c, 0x00, 0xcc, 0x4a, 0x4d, 0x00, 0xce, 0x4e, 0x4f, 0x00,
    0xce, 0x4d, 0x4d, 0x00, 0xce, 0x4f, 0x4c, 0x00, 0xd6, 0x51, 0x51, 0x00, 0xd6, 0x51, 0x50, 0x00,
    0xd5, 0x50, 0x50, 0x00, 0xd4, 0x51, 0x4d, 0x00, 0xce, 0x4d, 0x46, 0x00, 0xc9, 0x44, 0x42, 0x00,
    0xde, 0x2b, 0x2f, 0x00, 0xeb, 0x19, 0x1d, 0x00, 0xf7, 0x0d, 0x0d, 0x00, 0xf4, 0x06, 0x04, 0x00,
    0xfd, 0x00, 0x00, 0x00, 0xff, 0x00, 0x00, 0x00, 0xf1, 0x0e, 0x0c, 0x00, 0xd3, 0x2b, 0x26, 0x00,
    0xd2, 0x3d, 0x39, 0x00, 0xd7, 0x42, 0x3d, 0x00, 0xd3, 0x3f, 0x3a, 0x00, 0xdc, 0x45, 0x43, 0x00,
    0xd4, 0x54, 0x4f, 0x00, 0xcf, 0x50, 0x4a, 0x00, 0xdc, 0x53, 0x50, 0x00, 0xcf, 0x4c, 0x4e, 0x00,
    0xda, 0x53, 0x54, 0x00, 0xdb, 0x51, 0x51, 0x00, 0xdf, 0x5a, 0x5b, 0x00, 0xdc, 0x5a, 0x5a, 0x00,
    0xd5, 0x4d, 0x4d, 0x00, 0xcf, 0x44, 0x44, 0x00, 0xc9, 0x45, 0x43, 0x00, 0xc5, 0x43, 0x41, 0x00,
    0xca, 0x48, 0x45, 0x00, 0xd2, 0x51, 0x50, 0x00, 0xd6, 0x56, 0x55, 0x00, 0xdf, 0x59, 0x59, 0x00,
    0xdd, 0x57, 0x57, 0x00, 0xd8, 0x56, 0x56, 0x00, 0xca, 0x4b, 0x4b, 0x00, 0xc3, 0x45, 0x45, 0x00,
    0xc1, 0x44, 0x44, 0x00, 0xc1, 0x47, 0x43, 0x00, 0xc6, 0x44, 0x41, 0x00, 0xc9, 0x40, 0x3d, 0x00,
    0xcc, 0x3f, 0x3e, 0x00, 0xc5, 0x45, 0x47, 0x00, 0xc1, 0x47, 0x44, 0x00, 0xc2, 0x50, 0x47, 0x00,
    0xd0, 0x50, 0x4b, 0x00, 0xd8, 0x4a, 0x4b, 0x00, 0xd3, 0x4c, 0x4e, 0x00, 0xcc, 0x4f, 0x53, 0x00,
    0xc9, 0x4b, 0x4b, 0x00, 0xcc, 0x44, 0x42, 0x00, 0xc3, 0x4c, 0x46, 0x00, 0xca, 0x42, 0x3f, 0x00,
    0xd0, 0x3f, 0x3c, 0x00, 0xc9, 0x43, 0x3f, 0x00, 0xc3, 0x44, 0x42, 0x00, 0xc1, 0x47, 0x43, 0x00,
    0xc3, 0x48, 0x44, 0x00, 0xc2, 0x48, 0x46, 0x00, 0xc4, 0x49, 0x42, 0x00, 0xc6, 0x44, 0x46, 0x00,
    0xcb, 0x45, 0x48, 0x00, 0xdd, 0x59, 0x56, 0x00, 0xe0, 0x5e, 0x59, 0x00, 0xdc, 0x57, 0x59, 0x00,
    0xdb, 0x54, 0x56, 0x00, 0xd9, 0x53, 0x54, 0x00, 0xd5, 0x51, 0x50, 0x00, 0xd4, 0x4f, 0x4f, 0x00,
    0xd6, 0x51, 0x52, 0x00, 0xd3, 0x4e, 0x4d, 0x00, 0xda, 0x53, 0x4c, 0x00, 0xd1, 0x55, 0x4a, 0x00,
    0xc9, 0x41, 0x3c, 0x00, 0xc3, 0x44, 0x41, 0x00, 0xc7, 0x45, 0x3e, 0x00, 0xcd, 0x48, 0x3e, 0x00,
    0xbc, 0x44, 0x3a, 0x00, 0xb9, 0x42, 0x39, 0x00, 0xc5, 0x42, 0x36, 0x00, 0xc4, 0x37, 0x45, 0x00,
    0xce, 0x42, 0x45, 0x00, 0xd1, 0x41, 0x43, 0x00, 0x6d, 0x7d, 0x0f, 0x00, 0x60, 0xa4, 0x21, 0x00,
    0x76, 0x98, 0x55, 0x00, 0x7b, 0x88, 0x39, 0x00, 0xdb, 0x68, 0x56, 0x00, 0xe7, 0x60, 0x61, 0x00,
    0x3a, 0x31, 0x8f, 0x00, 0x5e, 0x49, 0xa7, 0x00, 0x7c, 0x80, 0x21, 0x00, 0x2b, 0xc4, 0x17, 0x00,
    0x48, 0xbf, 0x0e, 0x00, 0xba, 0x50, 0x42, 0x00, 0xda, 0x49, 0x45, 0x00, 0xb5, 0x45, 0x32, 0x00,
    0xb8, 0x4c, 0x3d, 0x00, 0xc4, 0x3c, 0x48, 0x00, 0xcb, 0x44, 0x41, 0x00, 0xc7, 0x3d, 0x3c, 0x00,
    0xc9, 0x41, 0x41, 0x00, 0xc9, 0x42, 0x42, 0x00, 0xca, 0x42, 0x44, 0x00, 0xca, 0x42, 0x42, 0x00,
    0xcb, 0x44, 0x41, 0x00, 0xc8, 0x45, 0x40, 0x00, 0xc5, 0x44, 0x3f, 0x00, 0xc9, 0x43, 0x3f, 0x00,
    0xc9, 0x43, 0x3f, 0x00, 0xca, 0x43, 0x3f, 0x00, 0xca, 0x43, 0x3f, 0x00, 0xcb, 0x44, 0x40, 0x00,
    0xca, 0x43, 0x3f, 0x00, 0xca, 0x43, 0x3f, 0x00, 0xc7, 0x43, 0x3f, 0x00, 0xc6, 0x3f, 0x44, 0x00,
    0xc9, 0x3f, 0x46, 0x00, 0xcd, 0x41, 0x3f, 0x00, 0xc7, 0x44, 0x42, 0x00, 0xc4, 0x44, 0x3f, 0x00,
    0xc4, 0x46, 0x3b, 0x00, 0xc5, 0x46, 0x3d, 0x00, 0xcc, 0x43, 0x47, 0x00, 0xcc, 0x41, 0x43, 0x00,
    0xee, 0x13, 0x0c, 0x00, 0xf4, 0x0c, 0x06, 0x00, 0xfb, 0x07, 0x03, 0x00, 0xfb, 0x05, 0x02, 0x00,
    0xfc, 0x04, 0x01, 0x00, 0xfc, 0x03, 0x01, 0x00, 0xff, 0x00, 0x00, 0x00, 0xf5, 0x09, 0x09, 0x00,
    0xed, 0x15, 0x17, 0x00, 0xeb, 0x1e, 0x20, 0x00, 0xe4, 0x26, 0x25, 0x00, 0xca, 0x34, 0x37, 0x00,
    0xc4, 0x49, 0x4a, 0x00, 0xc7, 0x50, 0x51, 0x00, 0xd9, 0x56, 0x58, 0x00, 0xd4, 0x54, 0x54, 0x00,
    0xd4, 0x57, 0x55, 0x00, 0xd4, 0x54, 0x52, 0x00, 0xdd, 0x5b, 0x5a, 0x00, 0xde, 0x5e, 0x5c, 0x00,
    0xd6, 0x56, 0x55, 0x00, 0xd2, 0x52, 0x52, 0x00, 0xce, 0x50, 0x4d, 0x00, 0xc6, 0x48, 0x44, 0x00,
    0xc8, 0x49, 0x48, 0x00, 0xca, 0x44, 0x46, 0x00, 0xd1, 0x3f, 0x43, 0x00, 0xc9, 0x48, 0x49, 0x00,
    0xc5, 0x45, 0x46, 0x00, 0xcb, 0x40, 0x3d, 0x00, 0xd0, 0x3b, 0x36, 0x00, 0xd6, 0x36, 0x33, 0x00,
    0xda, 0x2e, 0x2d, 0x00, 0xe0, 0x2f, 0x2b, 0x00, 0xdf, 0x33, 0x2e, 0x00, 0xea, 0x10, 0x10, 0x00,
    0xe3, 0x1e, 0x1c, 0x00, 0xd9, 0x37, 0x2e, 0x00, 0xde, 0x2b, 0x29, 0x00, 0xdc, 0x21, 0x25, 0x00,
    0xdf, 0x1c, 0x20, 0x00, 0xd0, 0x36, 0x30, 0x00, 0xc2, 0x3f, 0x34, 0x00, 0xdf, 0x21, 0x1d, 0x00,
    0xf4, 0x13, 0x0f, 0x00, 0xf0, 0x0b, 0x06, 0x00, 0xf7, 0x16, 0x10, 0x00, 0xf3, 0x0f, 0x0b, 0x00,
    0xed, 0x0c, 0x0e, 0x00, 0xe9, 0x1c, 0x1c, 0x00, 0xd6, 0x33, 0x2d, 0x00, 0xd9, 0x36, 0x31, 0x00,
    0xe9, 0x21, 0x21, 0x00, 0xe9, 0x18, 0x1a, 0x00, 0xe1, 0x2b, 0x26, 0x00, 0xd2, 0x38, 0x35, 0x00,
    0xc8, 0x42, 0x3f, 0x00, 0xc7, 0x49, 0x43, 0x00, 0xca, 0x3f, 0x3c, 0x00, 0xc8, 0x42, 0x41, 0x00,
    0xbc, 0x4a, 0x43, 0x00, 0xc2, 0x45, 0x3f, 0x00, 0xc7, 0x43, 0x3c, 0x00, 0xc1, 0x47, 0x3c, 0x00,
    0xc2, 0x46, 0x3d, 0x00, 0xc3, 0x48, 0x3d, 0x00, 0xc3, 0x42, 0x42, 0x00, 0xbf, 0x48, 0x48, 0x00,
    0xc6, 0x4b, 0x4a, 0x00, 0xc1, 0x41, 0x43, 0x00, 0xbc, 0x42, 0x42, 0x00, 0xc5, 0x45, 0x47, 0x00,
    0xcd, 0x45, 0x48, 0x00, 0xcd, 0x48, 0x4d, 0x00, 0xc9, 0x47, 0x49, 0x00, 0xc6, 0x48, 0x3b, 0x00,
    0xbc, 0x4e, 0x46, 0x00, 0xb8, 0x43, 0x3e, 0x00, 0x64, 0x8b, 0x0f, 0x00, 0x54, 0xb3, 0x15, 0x00,
    0x78, 0x9e, 0x57, 0x00, 0x88, 0x8d, 0x42, 0x00, 0xd0, 0x51, 0x4d, 0x00, 0xd6, 0x44, 0x4c, 0x00,
    0x52, 0x2f, 0x70, 0x00, 0x61, 0x57, 0xb1, 0x00, 0xc5, 0x37, 0x50, 0x00, 0x9c, 0x6b, 0x2b, 0x00,
    0x9b, 0x7e, 0x28, 0x00, 0xcc, 0x43, 0x3d, 0x00, 0xcf, 0x3a, 0x41, 0x00, 0xc1, 0x47, 0x45, 0x00,
    0xd3, 0x41, 0x42, 0x00, 0xc2, 0x42, 0x3e, 0x00, 0xc7, 0x49, 0x40, 0x00, 0xcc, 0x41, 0x3d, 0x00,
    0xc7, 0x46, 0x3d, 0x00, 0xca, 0x47, 0x40, 0x00, 0xc9, 0x48, 0x40, 0x00, 0xcf, 0x49, 0x45, 0x00,
    0xc4, 0x42, 0x3f, 0x00, 0xbe, 0x45, 0x3e, 0x00, 0xc6, 0x4a, 0x44, 0x00, 0xce, 0x45, 0x45, 0x00,
    0xcc, 0x43, 0x43, 0x00, 0xc3, 0x41, 0x40, 0x00, 0xbf, 0x41, 0x40, 0x00, 0xc7, 0x44, 0x42, 0x00,
    0xc6, 0x42, 0x40, 0x00, 0xc6, 0x42, 0x41, 0x00, 0xc5, 0x47, 0x43, 0x00, 0xbe, 0x4a, 0x47, 0x00,
    0xcb, 0x42, 0x42, 0x00, 0xca, 0x47, 0x42, 0x00, 0xc7, 0x49, 0x49, 0x00, 0xcb, 0x46, 0x47, 0x00,
    0xbf, 0x45, 0x43, 0x00, 0xc6, 0x47, 0x44, 0x00, 0xc2, 0x4b, 0x46, 0x00, 0xc2, 0x49, 0x43, 0x00,
    0xff, 0x00, 0x00, 0x00, 0xfe, 0x00, 0x00, 0x00, 0xfc, 0x00, 0x00, 0x00, 0xfc, 0x00, 0x00, 0x00,
    0xfb, 0x00, 0x00, 0x00, 0xfc, 0x02, 0x01, 0x00, 0xfe, 0x01, 0x01, 0x00, 0xee, 0x1c, 0x19, 0x00,
    0xe2, 0x2c, 0x29, 0x00, 0xde, 0x29, 0x25, 0x00, 0xda, 0x2b, 0x25, 0x00, 0xde, 0x2a, 0x27, 0x00,
    0xe0, 0x2e, 0x2c, 0x00, 0xdb, 0x2c, 0x2e, 0x00, 0xca, 0x37, 0x36, 0x00, 0xca, 0x47, 0x42, 0x00,
    0xd9, 0x3e, 0x3d, 0x00, 0xc7, 0x3e, 0x3a, 0x00, 0xbc, 0x42, 0x3c, 0x00, 0xc2, 0x43, 0x3d, 0x00,
    0xc6, 0x41, 0x3c, 0x00, 0xc8, 0x40, 0x3b, 0x00, 0xc7, 0x3d, 0x36, 0x00, 0xd4, 0x36, 0x31, 0x00,
    0xe1, 0x2a, 0x2a, 0x00, 0xe5, 0x14, 0x16, 0x00, 0xf0, 0x1b, 0x1f, 0x00, 0xd1, 0x2f, 0x2b, 0x00,
    0xe1, 0x1d, 0x1e, 0x00, 0xf9, 0x09, 0x0a, 0x00, 0xfa, 0x03, 0x03, 0x00, 0xfa, 0x00, 0x00, 0x00,
    0xfd, 0x00, 0x00, 0x00, 0xf5, 0x00, 0x00, 0x00, 0xec, 0x00, 0x00, 0x00, 0xff, 0x00, 0x01, 0x00,
    0xf9, 0x00, 0x01, 0x00, 0xf8, 0x00, 0x00, 0x00, 0xfd, 0x00, 0x00, 0x00, 0xff, 0x00, 0x00, 0x00,
    0xf1, 0x08, 0x05, 0x00, 0xf1, 0x1b, 0x17, 0x00, 0xf5, 0x08, 0x07, 0x00, 0xf9, 0x00, 0x00, 0x00,
    0xfc, 0x00, 0x00, 0x00, 0xff, 0x00, 0x00, 0x00, 0xff, 0x00, 0x00, 0x00, 0xfd, 0x00, 0x00, 0x00,
    0xf6, 0x00, 0x00, 0x00, 0xfc, 0x00, 0x00, 0x00, 0xf9, 0x02, 0x02, 0x00, 0xf9, 0x00, 0x01, 0x00,
    0xff, 0x00, 0x00, 0x00, 0xff, 0x00, 0x01, 0x00, 0xfb, 0x00, 0x00, 0x00, 0xf4, 0x00, 0x01, 0x00,
    0xef, 0x0d, 0x0d, 0x00, 0xef, 0x12, 0x12, 0x00, 0xf2, 0x09, 0x0a, 0x00, 0xec, 0x14, 0x13, 0x00,
    0xee, 0x26, 0x22, 0x00, 0xed, 0x1c, 0x1a, 0x00, 0xef, 0x0f, 0x11, 0x00, 0xf2, 0x12, 0x14, 0x00,
    0xf2, 0x12, 0x13, 0x00, 0xf2, 0x12, 0x13, 0x00, 0xeb, 0x11, 0x12, 0x00, 0xed, 0x21, 0x20, 0x00,
    0xec, 0x22, 0x21, 0x00, 0xea, 0x12, 0x13, 0x00, 0xe8, 0x17, 0x1a, 0x00, 0xe2, 0x22, 0x21, 0x00,
    0xda, 0x2e, 0x2b, 0x00, 0xd3, 0x34, 0x2c, 0x00, 0xd7, 0x2a, 0x24, 0x00, 0xe2, 0x1f, 0x20, 0x00,
    0xe7, 0x21, 0x1f, 0x00, 0xea, 0x1f, 0x26, 0x00, 0xc4, 0x2c, 0x0a, 0x00, 0x76, 0x9f, 0x3a, 0x00,
    0x7f, 0x87, 0x48, 0x00, 0xbb, 0x47, 0x39, 0x00, 0xcc, 0x3b, 0x45, 0x00, 0xcd, 0x4a, 0x3b, 0x00,
    0x5c, 0x33, 0x73, 0x00, 0x46, 0x42, 0xb5, 0x00, 0xaa, 0x3c, 0x52, 0x00, 0xdc, 0x3e, 0x44, 0x00,
    0xc5, 0x36, 0x35, 0x00, 0xc5, 0x48, 0x46, 0x00, 0xbe, 0x43, 0x44, 0x00, 0xc7, 0x43, 0x43, 0x00,
    0xc5, 0x45, 0x43, 0x00, 0xca, 0x40, 0x40, 0x00, 0xc3, 0x40, 0x41, 0x00, 0xbf, 0x45, 0x44, 0x00,
    0xc9, 0x47, 0x47, 0x00, 0xc2, 0x3f, 0x3f, 0x00, 0xc7, 0x41, 0x42, 0x00, 0xcc, 0x45, 0x46, 0x00,
    0xd1, 0x43, 0x45, 0x00, 0xce, 0x41, 0x43, 0x00, 0xc4, 0x41, 0x41, 0x00, 0xc4, 0x43, 0x42, 0x00,
    0xc0, 0x46, 0x43, 0x00, 0xc7, 0x46, 0x44, 0x00, 0xc7, 0x45, 0x43, 0x00, 0xc8, 0x3f, 0x3f, 0x00,
    0xc8, 0x46, 0x45, 0x00, 0xc7, 0x4c, 0x49, 0x00, 0xca, 0x3e, 0x41, 0x00, 0xd3, 0x3c, 0x40, 0x00,
    0xc7, 0x4a, 0x45, 0x00, 0xcf, 0x33, 0x32, 0x00, 0xd4, 0x33, 0x33, 0x00, 0xc5, 0x45, 0x40, 0x00,
    0xc9, 0x44, 0x40, 0x00, 0xe5, 0x1e, 0x23, 0x00, 0xe8, 0x1e, 0x1f, 0x00, 0xd7, 0x2e, 0x2d, 0x00,
    0xfb, 0x02, 0x00, 0x00, 0xfc, 0x01, 0x00, 0x00, 0xfc, 0x01, 0x00, 0x00, 0xfc, 0x01, 0x00, 0x00,
    0xfb, 0x00, 0x00, 0x00, 0xfc, 0x01, 0x00, 0x00, 0xfe, 0x02, 0x01, 0x00, 0xf6, 0x01, 0x00, 0x00,
    0xf6, 0x00, 0x00, 0x00, 0xff, 0x00, 0x00, 0x00, 0xff, 0x00, 0x00, 0x00, 0xfe, 0x00, 0x01, 0x00,
    0xf7, 0x05, 0x06, 0x00, 0xeb, 0x1c, 0x1b, 0x00, 0xda, 0x34, 0x2e, 0x00, 0xe5, 0x26, 0x22, 0x00,
    0xf8, 0x06, 0x09, 0x00, 0xf7, 0x08, 0x0b, 0x00, 0xf4, 0x10, 0x12, 0x00, 0xf4, 0x0f, 0x10, 0x00,
    0xf6, 0x0c, 0x0e, 0x00, 0xf7, 0x0c, 0x0e, 0x00, 0xfd, 0x08, 0x07, 0x00, 0xf8, 0x01, 0x00, 0x00,
    0xff, 0x00, 0x00, 0x00, 0xf7, 0x04, 0x03, 0x00, 0xf0, 0x10, 0x0a, 0x00, 0xfe, 0x04, 0x05, 0x00,
    0xfd, 0x01, 0x00, 0x00, 0xf8, 0x00, 0x00, 0x00, 0xfa, 0x01, 0x00, 0x00, 0xfb, 0x03, 0x00, 0x00,
    0xfc, 0x06, 0x01, 0x00, 0xff, 0x03, 0x02, 0x00, 0xff, 0x02, 0x03, 0x00, 0xfb, 0x03, 0x02, 0x00,
    0xfa, 0x03, 0x02, 0x00, 0xfb, 0x04, 0x04, 0x00, 0xfa, 0x03, 0x03, 0x00, 0xf8, 0x03, 0x03, 0x00,
    0xf8, 0x04, 0x03, 0x00, 0xf4, 0x00, 0x00, 0x00, 0xfa, 0x02, 0x00, 0x00, 0xf6, 0x03, 0x01, 0x00,
    0xfa, 0x03, 0x01, 0x00, 0xfb, 0x01, 0x00, 0x00, 0xfb, 0x01, 0x01, 0x00, 0xfb, 0x01, 0x01, 0x00,
    0xf9, 0x02, 0x02, 0x00, 0xfc, 0x02, 0x01, 0x00, 0xfa, 0x02, 0x02, 0x00, 0xfa, 0x01, 0x02, 0x00,
    0xf7, 0x02, 0x01, 0x00, 0xf3, 0x02, 0x02, 0x00, 0xfe, 0x02, 0x02, 0x00, 0xfc, 0x02, 0x01, 0x00,
    0xfb, 0x01, 0x00, 0x00, 0xfb, 0x03, 0x01, 0x00, 0xfb, 0x02, 0x00, 0x00, 0xfe, 0x00, 0x00, 0x00,
    0xf7, 0x00, 0x00, 0x00, 0xfc, 0x00, 0x00, 0x00, 0xfd, 0x00, 0x00, 0x00, 0xfa, 0x00, 0x00, 0x00,
    0xfb, 0x00, 0x00, 0x00, 0xfa, 0x00, 0x00, 0x00, 0xfc, 0x00, 0x00, 0x00, 0xf6, 0x00, 0x00, 0x00,
    0xf6, 0x00, 0x00, 0x00, 0xfc, 0x00, 0x00, 0x00, 0xff, 0x00, 0x00, 0x00, 0xff, 0x00, 0x00, 0x00,
    0xfe, 0x00, 0x00, 0x00, 0xf8, 0x00, 0x00, 0x00, 0xfa, 0x00, 0x01, 0x00, 0xf6, 0x07, 0x08, 0x00,
    0xee, 0x0f, 0x0c, 0x00, 0xea, 0x13, 0x16, 0x00, 0xe9, 0x16, 0x1c, 0x00, 0xe2, 0x32, 0x29, 0x00,
    0xd9, 0x35, 0x24, 0x00, 0xdb, 0x36, 0x3e, 0x00, 0xd9, 0x35, 0x3f, 0x00, 0xee, 0x1f, 0x12, 0x00,
    0x74, 0x16, 0x50, 0x00, 0x31, 0x43, 0xc0, 0x00, 0xc8, 0x34, 0x56, 0x00, 0xf5, 0x11, 0x0e, 0x00,
    0xe2, 0x28, 0x29, 0x00, 0xd0, 0x41, 0x47, 0x00, 0xca, 0x46, 0x46, 0x00, 0xd8, 0x3f, 0x39, 0x00,
    0xd4, 0x45, 0x42, 0x00, 0xbd, 0x4c, 0x45, 0x00, 0xd4, 0x3c, 0x3c, 0x00, 0xe4, 0x28, 0x2d, 0x00,
    0xce, 0x2d, 0x2e, 0x00, 0xd0, 0x3d, 0x3c, 0x00, 0xc7, 0x46, 0x41, 0x00, 0xc5, 0x43, 0x42, 0x00,
    0xbf, 0x46, 0x44, 0x00, 0xc0, 0x48, 0x46, 0x00, 0xc7, 0x42, 0x42, 0x00, 0xd8, 0x3c, 0x38, 0x00,
    0xea, 0x10, 0x14, 0x00, 0xec, 0x16, 0x1a, 0x00, 0xdb, 0x38, 0x36, 0x00, 0xc1, 0x4a, 0x45, 0x00,
    0xd2, 0x3a, 0x39, 0x00, 0xe4, 0x20, 0x24, 0x00, 0xd8, 0x1f, 0x22, 0x00, 0xc8, 0x3a, 0x32, 0x00,
    0xe4, 0x2a, 0x27, 0x00, 0xf7, 0x07, 0x08, 0x00, 0xf8, 0x07, 0x09, 0x00, 0xf1, 0x0d, 0x0f, 0x00,
    0xec, 0x24, 0x21, 0x00, 0xce, 0x29, 0x1f, 0x00, 0xe0, 0x24, 0x1b, 0x00, 0xfe, 0x00, 0x02, 0x00,
    0xfc, 0x01, 0x00, 0x00, 0xfc, 0x01, 0x00, 0x00, 0xfc, 0x01, 0x00, 0x00, 0xfc, 0x01, 0x00, 0x00,
    0xfb, 0x00, 0x00, 0x00, 0xfc, 0x01, 0x00, 0x00, 0xfd, 0x02, 0x01, 0x00, 0xf8, 0x04, 0x02, 0x00,
    0xf6, 0x04, 0x02, 0x00, 0xfa, 0x04, 0x01, 0x00, 0xf8, 0x05, 0x02, 0x00, 0xf8, 0x02, 0x01, 0x00,
    0xf1, 0x0b, 0x07, 0x00, 0xf7, 0x0e, 0x0c, 0x00, 0xf3, 0x08, 0x07, 0x00, 0xfa, 0x00, 0x00, 0x00,
    0xfd, 0x01, 0x00, 0x00, 0xf8, 0x00, 0x00, 0x00, 0xfd, 0x00, 0x00, 0x00, 0xff, 0x00, 0x00, 0x00,
    0xfd, 0x00, 0x00, 0x00, 0xfb, 0x00, 0x00, 0x00, 0xfb, 0x00, 0x01, 0x00, 0xfb, 0x01, 0x01, 0x00,
    0xfc, 0x06, 0x06, 0x00, 0xf9, 0x01, 0x02, 0x00, 0xfd, 0x00, 0x00, 0x00, 0xf7, 0x02, 0x01, 0x00,
    0xfb, 0x02, 0x02, 0x00, 0xf8, 0x02, 0x02, 0x00, 0xf9, 0x02, 0x03, 0x00, 0xfc, 0x01, 0x02, 0x00,
    0xfd, 0x01, 0x02, 0x00, 0xfc, 0x02, 0x01, 0x00, 0xfd, 0x02, 0x01, 0x00, 0xf9, 0x03, 0x01, 0x00,
    0xfc, 0x03, 0x01, 0x00, 0xfa, 0x01, 0x00, 0x00, 0xfb, 0x01, 0x00, 0x00, 0xfb, 0x01, 0x00, 0x00,
    0xfb, 0x04, 0x04, 0x00, 0xf7, 0x02, 0x02, 0x00, 0xfa, 0x02, 0x02, 0x00, 0xf8, 0x05, 0x05, 0x00,
    0xf9, 0x00, 0x00, 0x00, 0xfc, 0x00, 0x00, 0x00, 0xfb, 0x00, 0x00, 0x00, 0xfb, 0x01, 0x01, 0x00,
    0xf8, 0x04, 0x02, 0x00, 0xfc, 0x02, 0x01, 0x00, 0xfe, 0x00, 0x00, 0x00, 0xf7, 0x01, 0x00, 0x00,
    0xf8, 0x02, 0x01, 0x00, 0xfd, 0x01, 0x00, 0x00, 0xfd, 0x03, 0x01, 0x00, 0xf8, 0x05, 0x03, 0x00,
    0xfa, 0x04, 0x04, 0x00, 0xf9, 0x03, 0x03, 0x00, 0xf7, 0x01, 0x01, 0x00, 0xfb, 0x02, 0x03, 0x00,
    0xf9, 0x04, 0x03, 0x00, 0xfa, 0x03, 0x03, 0x00, 0xfd, 0x02, 0x01, 0x00, 0xfd, 0x02, 0x02, 0x00,
    0xfd, 0x02, 0x02, 0x00, 0xfd, 0x02, 0x02, 0x00, 0xfd, 0x02, 0x01, 0x00, 0xfd, 0x03, 0x02, 0x00,
    0xfd, 0x03, 0x02, 0x00, 0xfb, 0x02, 0x01, 0x00, 0xf5, 0x03, 0x01, 0x00, 0xf9, 0x02, 0x01, 0x00,
    0xf6, 0x03, 0x02, 0x00, 0xf4, 0x05, 0x06, 0x00, 0xee, 0x13, 0x16, 0x00, 0xe2, 0x2a, 0x27, 0x00,
    0xdb, 0x2e, 0x29, 0x00, 0xce, 0x3b, 0x36, 0x00, 0xc6, 0x47, 0x3f, 0x00, 0xe1, 0x26, 0x26, 0x00,
    0xe4, 0x1f, 0x1c, 0x00, 0xde, 0x1f, 0x1d, 0x00, 0xe2, 0x1f, 0x1e, 0x00, 0xfb, 0x0c, 0x08, 0x00,
    0x70, 0x06, 0x46, 0x00, 0x34, 0x47, 0xd6, 0x00, 0xca, 0x30, 0x59, 0x00, 0xfe, 0x00, 0x00, 0x00,
    0xf0, 0x07, 0x04, 0x00, 0xf6, 0x10, 0x0e, 0x00, 0xf6, 0x07, 0x08, 0x00, 0xf4, 0x07, 0x04, 0x00,
    0xe5, 0x17, 0x13, 0x00, 0xdf, 0x21, 0x1a, 0x00, 0xd9, 0x2e, 0x25, 0x00, 0xe8, 0x25, 0x20, 0x00,
    0xff, 0x01, 0x04, 0x00, 0xf8, 0x0a, 0x0b, 0x00, 0xee, 0x0e, 0x0d, 0x00, 0xec, 0x0f, 0x11, 0x00,
    0xe0, 0x33, 0x2f, 0x00, 0xda, 0x39, 0x33, 0x00, 0xef, 0x0f, 0x12, 0x00, 0xfa, 0x05, 0x05, 0x00,
    0xf9, 0x00, 0x00, 0x00, 0xfa, 0x00, 0x00, 0x00, 0xfa, 0x03, 0x03, 0x00, 0xea, 0x1e, 0x1b, 0x00,
    0xec, 0x1d, 0x1a, 0x00, 0xf1, 0x0b, 0x09, 0x00, 0xec, 0x18, 0x15, 0x00, 0xf9, 0x0d, 0x0d, 0x00,
    0xfc, 0x03, 0x03, 0x00, 0xf7, 0x02, 0x01, 0x00, 0xf5, 0x01, 0x01, 0x00, 0xfc, 0x00, 0x00, 0x00,
    0xf7, 0x00, 0x00, 0x00, 0xf7, 0x06, 0x04, 0x00, 0xf1, 0x0e, 0x09, 0x00, 0xf8, 0x06, 0x04, 0x00,
    0xfe, 0x00, 0x00, 0x00, 0xfe, 0x00, 0x00, 0x00, 0xfe, 0x00, 0x00, 0x00, 0xfe, 0x00, 0x00, 0x00,
    0xfe, 0x00, 0x00, 0x00, 0xfe, 0x00, 0x00, 0x00, 0xfe, 0x00, 0x00, 0x00, 0xff, 0x00, 0x00, 0x00,
    0xff, 0x00, 0x00, 0x00, 0xfe, 0x00, 0x00, 0x00, 0xfe, 0x00, 0x00, 0x00, 0xfd, 0x00, 0x00, 0x00,
    0xfc, 0x00, 0x00, 0x00, 0xff, 0x00, 0x00, 0x00, 0xff, 0x00, 0x00, 0x00, 0xff, 0x01, 0x01, 0x00,
    0xfd, 0x01, 0x01, 0x00, 0xfc, 0x01, 0x01, 0x00, 0xfd, 0x01, 0x00, 0x00, 0xfd, 0x00, 0x00, 0x00,
    0xfc, 0x00, 0x00, 0x00, 0xfc, 0x00, 0x00, 0x00, 0xfe, 0x01, 0x01, 0x00, 0xfe, 0x00, 0x00, 0x00,
    0xfe, 0x01, 0x01, 0x00, 0xfe, 0x00, 0x00, 0x00, 0xfd, 0x00, 0x00, 0x00, 0xfe, 0x00, 0x00, 0x00,
    0xfe, 0x00, 0x00, 0x00, 0xfe, 0x00, 0x00, 0x00, 0xfe, 0x01, 0x01, 0x00, 0xfe, 0x00, 0x01, 0x00,
    0xfe, 0x00, 0x00, 0x00, 0xfe, 0x00, 0x00, 0x00, 0xfe, 0x00, 0x00, 0x00, 0xfd, 0x00, 0x00, 0x00,
    0xfe, 0x00, 0x00, 0x00, 0xff, 0x01, 0x00, 0x00, 0xfe, 0x00, 0x00, 0x00, 0xfe, 0x00, 0x00, 0x00,
    0xff, 0x01, 0x01, 0x00, 0xff, 0x00, 0x00, 0x00, 0xfe, 0x00, 0x00, 0x00, 0xfd, 0x01, 0x01, 0x00,
    0xfd, 0x00, 0x00, 0x00, 0xfe, 0x00, 0x00, 0x00, 0xfe, 0x00, 0x00, 0x00, 0xfe, 0x00, 0x00, 0x00,
    0xff, 0x01, 0x00, 0x00, 0xfe, 0x00, 0x00, 0x00, 0xfe, 0x00, 0x00, 0x00, 0xfd, 0x01, 0x00, 0x00,
    0xfe, 0x00, 0x00, 0x00, 0xfe, 0x00, 0x00, 0x00, 0xfe, 0x01, 0x00, 0x00, 0xff, 0x00, 0x01, 0x00,
    0xfd, 0x00, 0x00, 0x00, 0xfe, 0x00, 0x00, 0x00, 0xff, 0x00, 0x01, 0x00, 0xfd, 0x00, 0x00, 0x00,
    0xfd, 0x00, 0x00, 0x00, 0xfd, 0x00, 0x00, 0x00, 0xfe, 0x00, 0x00, 0x00, 0xfe, 0x00, 0x00, 0x00,
    0xfe, 0x00, 0x00, 0x00, 0xfe, 0x00, 0x00, 0x00, 0xfe, 0x00, 0x00, 0x00, 0xfe, 0x00, 0x00, 0x00,
    0xfe, 0x00, 0x00, 0x00, 0xfe, 0x00, 0x00, 0x00, 0xfe, 0x00, 0x00, 0x00, 0xfe, 0x00, 0x00, 0x00,
    0xfc, 0x00, 0x00, 0x00, 0xfd, 0x00, 0x01, 0x00, 0xff, 0x00, 0x01, 0x00, 0xff, 0x00, 0x00, 0x00,
    0xff, 0x00, 0x00, 0x00, 0xff, 0x01, 0x02, 0x00, 0xfa, 0x07, 0x05, 0x00, 0xf7, 0x09, 0x06, 0x00,
    0xe8, 0x10, 0x0b, 0x00, 0xde, 0x26, 0x27, 0x00, 0xd4, 0x36, 0x32, 0x00, 0xe8, 0x31, 0x2c, 0x00,
    0x7f, 0x20, 0x53, 0x00, 0x2d, 0x46, 0xc0, 0x00, 0xb2, 0x33, 0x6c, 0x00, 0xfd, 0x01, 0x01, 0x00,
    0xfe, 0x02, 0x05, 0x00, 0xff, 0x00, 0x00, 0x00, 0xff, 0x00, 0x00, 0x00, 0xff, 0x00, 0x00, 0x00,
    0xff, 0x00, 0x00, 0x00, 0xff, 0x00, 0x00, 0x00, 0xff, 0x00, 0x00, 0x00, 0xff, 0x04, 0x03, 0x00,
    0xfe, 0x02, 0x02, 0x00, 0xff, 0x00, 0x00, 0x00, 0xff, 0x00, 0x00, 0x00, 0xff, 0x00, 0x00, 0x00,
    0xfa, 0x01, 0x00, 0x00, 0xfe, 0x06, 0x05, 0x00, 0xff, 0x02, 0x01, 0x00, 0xfd, 0x00, 0x00, 0x00,
    0xfe, 0x01, 0x01, 0x00, 0xff, 0x01, 0x00, 0x00, 0xfd, 0x00, 0x00, 0x00, 0xff, 0x00, 0x00, 0x00,
    0xfe, 0x00, 0x00, 0x00, 0xfe, 0x01, 0x01, 0x00, 0xff, 0x00, 0x00, 0x00, 0xfe, 0x00, 0x00, 0x00,
    0xfb, 0x01, 0x00, 0x00, 0xfe, 0x00, 0x00, 0x00, 0xff, 0x00, 0x00, 0x00, 0xfc, 0x00, 0x00, 0x00,
    0xfb, 0x00, 0x00, 0x00, 0xff, 0x00, 0x00, 0x00, 0xff, 0x00, 0x00, 0x00, 0xfb, 0x00, 0x00, 0x00,
    0xfe, 0x00, 0x00, 0x00, 0xfe, 0x00, 0x00, 0x00, 0xfe, 0x00, 0x00, 0x00, 0xfe, 0x00, 0x00, 0x00,
    0xfe, 0x00, 0x00, 0x00, 0xfe, 0x00, 0x00, 0x00, 0xfe, 0x00, 0x00, 0x00, 0xfe, 0x00, 0x00, 0x00,
    0xfe, 0x00, 0x00, 0x00, 0xfe, 0x00, 0x00, 0x00, 0xfe, 0x00, 0x00, 0x00, 0xfe, 0x00, 0x00, 0x00,
    0xff, 0x00, 0x00, 0x00, 0xfe, 0x00, 0x00, 0x00, 0xfe, 0x00, 0x00, 0x00, 0xfe, 0x00, 0x00, 0x00,
    0xfe, 0x00, 0x00, 0x00, 0xfe, 0x00, 0x00, 0x00, 0xfe, 0x00, 0x00, 0x00, 0xfe, 0x00, 0x00, 0x00,
    0xfe, 0x00, 0x00, 0x00, 0xfe, 0x00, 0x00, 0x00, 0xfe, 0x00, 0x00, 0x00, 0xfe, 0x00, 0x00, 0x00,
    0xfe, 0x00, 0x00, 0x00, 0xfe, 0x00, 0x00, 0x00, 0xfe, 0x00, 0x00, 0x00, 0xfe, 0x00, 0x00, 0x00,
    0xfe, 0x00, 0x00, 0x00, 0xfe, 0x00, 0x00, 0x00, 0xfe, 0x00, 0x00, 0x00, 0xfe, 0x00, 0x00, 0x00,
    0xfe, 0x00, 0x00, 0x00, 0xfe, 0x00, 0x00, 0x00, 0xfe, 0x00, 0x00, 0x00, 0xfe, 0x00, 0x00, 0x00,
    0xfe, 0x00, 0x00, 0x00, 0xfe, 0x00, 0x00, 0x00, 0xfe, 0x00, 0x00, 0x00, 0xfe, 0x00, 0x00, 0x00,
    0xfe, 0x00, 0x00, 0x00, 0xfe, 0x00, 0x00, 0x00, 0xfe, 0x00, 0x00, 0x00, 0xfe, 0x00, 0x00, 0x00,
    0xfe, 0x00, 0x00, 0x00, 0xfe, 0x00, 0x00, 0x00, 0xfe, 0x00, 0x00, 0x00, 0xfe, 0x00, 0x00, 0x00,
    0xfe, 0x00, 0x00, 0x00, 0xfe, 0x00, 0x00, 0x00, 0xfe, 0x00, 0x00, 0x00, 0xfe, 0x00, 0x00, 0x00,
    0xfe, 0x00, 0x00, 0x00, 0xfe, 0x00, 0x00, 0x00, 0xfe, 0x00, 0x00, 0x00, 0xfe, 0x00, 0x00, 0x00,
    0xfe, 0x00, 0x00, 0x00, 0xfe, 0x00, 0x00, 0x00, 0xfe, 0x00, 0x00, 0x00, 0xfe, 0x00, 0x00, 0x00,
    0xfe, 0x00, 0x00, 0x00, 0xfe, 0x00, 0x00, 0x00, 0xfe, 0x00, 0x00, 0x00, 0xfe, 0x00, 0x00, 0x00,
    0xfe, 0x00, 0x00, 0x00, 0xfe, 0x00, 0x00, 0x00, 0xfe, 0x00, 0x00, 0x00, 0xfe, 0x00, 0x00, 0x00,
    0xfe, 0x00, 0x00, 0x00, 0xfe, 0x00, 0x00, 0x00, 0xfe, 0x00, 0x00, 0x00, 0xfe, 0x00, 0x00, 0x00,
    0xff, 0x00, 0x00, 0x00, 0xfe, 0x00, 0x00, 0x00, 0xfe, 0x00, 0x00, 0x00, 0xfe, 0x01, 0x00, 0x00,
    0xfe, 0x01, 0x00, 0x00, 0xfc, 0x01, 0x00, 0x00, 0xfe, 0x00, 0x00, 0x00, 0xff, 0x01, 0x01, 0x00,
    0xfe, 0x02, 0x01, 0x00, 0xfd, 0x00, 0x03, 0x00, 0xf1, 0x00, 0x04, 0x00, 0xff, 0x04, 0x01, 0x00,
    0x8c, 0x09, 0x40, 0x00, 0x1b, 0x3f, 0xd1, 0x00, 0xa7, 0x40, 0x86, 0x00, 0xfd, 0x02, 0x01, 0x00,
    0xfb, 0x04, 0x02, 0x00, 0xfe, 0x01, 0x01, 0x00, 0xfe, 0x00, 0x00, 0x00, 0xfe, 0x00, 0x00, 0x00,
    0xfd, 0x01, 0x00, 0x00, 0xfd, 0x01, 0x01, 0x00, 0xfd, 0x01, 0x00, 0x00, 0xfe, 0x00, 0x00, 0x00,
    0xfe, 0x00, 0x00, 0x00, 0xfe, 0x00, 0x00, 0x00, 0xfd, 0x01, 0x01, 0x00, 0xfd, 0x01, 0x01, 0x00,
    0xfd, 0x02, 0x01, 0x00, 0xfe, 0x02, 0x01, 0x00, 0xfe, 0x04, 0x03, 0x00, 0xfe, 0x00, 0x00, 0x00,
    0xfe, 0x00, 0x00, 0x00, 0xfe, 0x00, 0x00, 0x00, 0xfe, 0x00, 0x00, 0x00, 0xfe, 0x01, 0x01, 0x00,
    0xfe, 0x00, 0x00, 0x00, 0xfe, 0x00, 0x00, 0x00, 0xfd, 0x01, 0x01, 0x00, 0xfe, 0x01, 0x00, 0x00,
    0xff, 0x00, 0x00, 0x00, 0xfe, 0x00, 0x00, 0x00, 0xfe, 0x00, 0x00, 0x00, 0xfe, 0x00, 0x00, 0x00,
    0xff, 0x00, 0x00, 0x00, 0xfe, 0x00, 0x00, 0x00, 0xfe, 0x00, 0x00, 0x00, 0xff, 0x00, 0x00, 0x00,
    0xfe, 0x00, 0x00, 0x00, 0xfe, 0x00, 0x00, 0x00, 0xfe, 0x00, 0x00, 0x00, 0xfe, 0x00, 0x00, 0x00,
    0xfe, 0x00, 0x00, 0x00, 0xfe, 0x00, 0x00, 0x00, 0xfe, 0x00, 0x00, 0x00, 0xfe, 0x00, 0x00, 0x00,
    0xfe, 0x00, 0x00, 0x00, 0xfe, 0x00, 0x00, 0x00, 0xfe, 0x00, 0x00, 0x00, 0xfe, 0x00, 0x00, 0x00,
    0xfe, 0x00, 0x00, 0x00, 0xfe, 0x00, 0x00, 0x00, 0xfe, 0x00, 0x00, 0x00, 0xfe, 0x00, 0x00, 0x00,
    0xfe, 0x00, 0x00, 0x00, 0xfe, 0x00, 0x00, 0x00, 0xfe, 0x00, 0x00, 0x00, 0xfe, 0x00, 0x00, 0x00,
    0xfe, 0x00, 0x00, 0x00, 0xfe, 0x00, 0x00, 0x00, 0xfe, 0x00, 0x00, 0x00, 0xfe, 0x00, 0x00, 0x00,
    0xfe, 0x00, 0x00, 0x00, 0xfe, 0x00, 0x00, 0x00, 0xfe, 0x00, 0x00, 0x00, 0xfe, 0x00, 0x00, 0x00,
    0xfe, 0x00, 0x00, 0x00, 0xfe, 0x00, 0x00, 0x00, 0xfe, 0x00, 0x00, 0x00, 0xfe, 0x00, 0x00, 0x00,
    0xfe, 0x00, 0x00, 0x00, 0xfe, 0x00, 0x00, 0x00, 0xfe, 0x00, 0x00, 0x00, 0xfe, 0x00, 0x00, 0x00,
    0xfe, 0x00, 0x00, 0x00, 0xfe, 0x00, 0x00, 0x00, 0xfe, 0x00, 0x00, 0x00, 0xfe, 0x00, 0x00, 0x00,
    0xfe, 0x00, 0x00, 0x00, 0xfe, 0x00, 0x00, 0x00, 0xfe, 0x00, 0x00, 0x00, 0xfe, 0x00, 0x00, 0x00,
    0xfe, 0x00, 0x00, 0x00, 0xfe, 0x00, 0x00, 0x00, 0xfe, 0x00, 0x00, 0x00, 0xfe, 0x00, 0x00, 0x00,
    0xfe, 0x00, 0x00, 0x00, 0xfe, 0x00, 0x00, 0x00, 0xfe, 0x00, 0x00, 0x00, 0xfe, 0x00, 0x00, 0x00,
    0xfe, 0x00, 0x00, 0x00, 0xfe, 0x00, 0x00, 0x00, 0xfe, 0x00, 0x00, 0x00, 0xfe, 0x00, 0x00, 0x00,
    0xfe, 0x00, 0x00, 0x00, 0xfe, 0x00, 0x00, 0x00, 0xfe, 0x00, 0x00, 0x00, 0xfe, 0x00, 0x00, 0x00,
    0xfe, 0x00, 0x00, 0x00, 0xfe, 0x00, 0x00, 0x00, 0xfe, 0x00, 0x00, 0x00, 0xfe, 0x00, 0x00, 0x00,
    0xfe, 0x00, 0x00, 0x00, 0xfe, 0x00, 0x00, 0x00, 0xfe, 0x00, 0x00, 0x00, 0xfe, 0x00, 0x00, 0x00,
    0xfe, 0x00, 0x00, 0x00, 0xfe, 0x00, 0x00, 0x00, 0xfe, 0x00, 0x00, 0x00, 0xfe, 0x00, 0x00, 0x00,
    0xfe, 0x00, 0x00, 0x00, 0xfe, 0x00, 0x00, 0x00, 0xfe, 0x00, 0x00, 0x00, 0xfe, 0x00, 0x00, 0x00,
    0xfe, 0x00, 0x00, 0x00, 0xfd, 0x01, 0x00, 0x00, 0xfb, 0x01, 0x00, 0x00, 0xfd, 0x02, 0x01, 0x00,
    0xff, 0x03, 0x02, 0x00, 0xfc, 0x04, 0x04, 0x00, 0xf4, 0x02, 0x02, 0x00, 0xfe, 0x03, 0x00, 0x00,
    0x9d, 0x1a, 0x3e, 0x00, 0x1b, 0x31, 0xa0, 0x00, 0x90, 0x47, 0x83, 0x00, 0xfa, 0x02, 0x02, 0x00,
    0xfc, 0x03, 0x04, 0x00, 0xfe, 0x00, 0x00, 0x00, 0xfe, 0x00, 0x00, 0x00, 0xfe, 0x00, 0x00, 0x00,
    0xfe, 0x00, 0x00, 0x00, 0xfe, 0x00, 0x00, 0x00, 0xfe, 0x00, 0x00, 0x00, 0xfe, 0x00, 0x00, 0x00,
    0xfe, 0x00, 0x00, 0x00, 0xfe, 0x00, 0x00, 0x00, 0xfe, 0x00, 0x00, 0x00, 0xfe, 0x00, 0x00, 0x00,
    0xfe, 0x00, 0x00, 0x00, 0xff, 0x01, 0x01, 0x00, 0xff, 0x01, 0x01, 0x00, 0xfe, 0x00, 0x00, 0x00,
    0xfe, 0x00, 0x00, 0x00, 0xfe, 0x00, 0x00, 0x00, 0xfe, 0x00, 0x00, 0x00, 0xfe, 0x00, 0x00, 0x00,
    0xfe, 0x00, 0x00, 0x00, 0xfe, 0x00, 0x00, 0x00, 0xfe, 0x00, 0x00, 0x00, 0xfe, 0x00, 0x00, 0x00,
    0xfe, 0x00, 0x00, 0x00, 0xfe, 0x00, 0x00, 0x00, 0xfe, 0x00, 0x00, 0x00, 0xfe, 0x00, 0x00, 0x00,
    0xfe, 0x00, 0x00, 0x00, 0xfe, 0x00, 0x00, 0x00, 0xfe, 0x00, 0x00, 0x00, 0xfe, 0x00, 0x00, 0x00,
    0xfe, 0x00, 0x00, 0x00, 0xfe, 0x00, 0x00, 0x00, 0xfe, 0x00, 0x00, 0x00, 0xfe, 0x00, 0x00, 0x00,
    0xfe, 0x00, 0x00, 0x00, 0xfe, 0x00, 0x00, 0x00, 0xfe, 0x00, 0x00, 0x00, 0xfe, 0x00, 0x00, 0x00,
    0xfe, 0x00, 0x00, 0x00, 0xfe, 0x00, 0x00, 0x00, 0xfe, 0x00, 0x00, 0x00, 0xfe, 0x00, 0x00, 0x00,
    0xfe, 0x00, 0x00, 0x00, 0xfe, 0x00, 0x00, 0x00, 0xfe, 0x00, 0x00, 0x00, 0xfe, 0x00, 0x00, 0x00,
    0xfe, 0x00, 0x00, 0x00, 0xfe, 0x00, 0x00, 0x00, 0xfe, 0x00, 0x00, 0x00, 0xfe, 0x00, 0x00, 0x00,
    0xfe, 0x00, 0x00, 0x00, 0xfe, 0x00, 0x00, 0x00, 0xfe, 0x00, 0x00, 0x00, 0xfe, 0x00, 0x00, 0x00,
    0xfe, 0x00, 0x00, 0x00, 0xfe, 0x00, 0x00, 0x00, 0xfe, 0x00, 0x00, 0x00, 0xfe, 0x00, 0x00, 0x00,
    0xfe, 0x00, 0x00, 0x00, 0xfe, 0x00, 0x00, 0x00, 0xfe, 0x00, 0x00, 0x00, 0xfe, 0x00, 0x00, 0x00,
    0xfe, 0x00, 0x00, 0x00, 0xfe, 0x00, 0x00, 0x00, 0xfe, 0x00, 0x00, 0x00, 0xfe, 0x00, 0x00, 0x00,
    0xfe, 0x00, 0x00, 0x00, 0xfe, 0x00, 0x00, 0x00, 0xfe, 0x00, 0x00, 0x00, 0xfe, 0x00, 0x00, 0x00,
    0xfe, 0x00, 0x00, 0x00, 0xfe, 0x00, 0x00, 0x00, 0xfe, 0x00, 0x00, 0x00, 0xfe, 0x00, 0x00, 0x00,
    0xfe, 0x00, 0x00, 0x00, 0xfe, 0x00, 0x00, 0x00, 0xfe, 0x00, 0x00, 0x00, 0xfe, 0x00, 0x00, 0x00,
    0xfe, 0x00, 0x00, 0x00, 0xfe, 0x00, 0x00, 0x00, 0xfe, 0x00, 0x00, 0x00, 0xfe, 0x00, 0x00, 0x00,
    0xfe, 0x00, 0x00, 0x00, 0xfe, 0x00, 0x00, 0x00, 0xfe, 0x00, 0x00, 0x00, 0xfe, 0x00, 0x00, 0x00,
    0xfe, 0x00, 0x00, 0x00, 0xfe, 0x00, 0x00, 0x00, 0xfe, 0x00, 0x00, 0x00, 0xfe, 0x00, 0x00, 0x00,
    0xfe, 0x00, 0x00, 0x00, 0xfe, 0x00, 0x00, 0x00, 0xfe, 0x00, 0x00, 0x00, 0xfe, 0x00, 0x00, 0x00,
    0xfe, 0x00, 0x00, 0x00, 0xfe, 0x00, 0x00, 0x00, 0xfe, 0x00, 0x00, 0x00, 0xfe, 0x00, 0x00, 0x00,
    0xfe, 0x00, 0x00, 0x00, 0xfe, 0x00, 0x00, 0x00, 0xfe, 0x00, 0x00, 0x00, 0xfe, 0x00, 0x00, 0x00,
    0xfe, 0x00, 0x00, 0x00, 0xfe, 0x00, 0x00, 0x00, 0xfe, 0x00, 0x00, 0x00, 0xfe, 0x00, 0x00, 0x00,
    0xfe, 0x00, 0x00, 0x00, 0xfd, 0x00, 0x00, 0x00, 0xfd, 0x00, 0x00, 0x00, 0xfb, 0x01, 0x00, 0x00,
    0xfe, 0x01, 0x01, 0x00, 0xf8, 0x01, 0x02, 0x00, 0xf8, 0x02, 0x03, 0x00, 0xff, 0x03, 0x00, 0x00,
    0x90, 0x0c, 0x39, 0x00, 0x1d, 0x2f, 0xb1, 0x00, 0x8a, 0x61, 0xb6, 0x00, 0xf1, 0x03, 0x09, 0x00,
    0xfb, 0x00, 0x02, 0x00, 0xfe, 0x00, 0x00, 0x00, 0xfe, 0x00, 0x00, 0x00, 0xfe, 0x00, 0x00, 0x00,
    0xfe, 0x00, 0x00, 0x00, 0xfe, 0x00, 0x00, 0x00, 0xfe, 0x00, 0x00, 0x00, 0xfe, 0x00, 0x00, 0x00,
    0xfe, 0x00, 0x00, 0x00, 0xfe, 0x00, 0x00, 0x00, 0xfe, 0x00, 0x00, 0x00, 0xfd, 0x00, 0x00, 0x00,
    0xfe, 0x00, 0x00, 0x00, 0xfe, 0x00, 0x00, 0x00, 0xff, 0x01, 0x01, 0x00, 0xfe, 0x00, 0x00, 0x00,
    0xfe, 0x00, 0x00, 0x00, 0xfe, 0x00, 0x00, 0x00, 0xfe, 0x00, 0x00, 0x00, 0xfe, 0x00, 0x00, 0x00,
    0xfe, 0x00, 0x00, 0x00, 0xfe, 0x00, 0x00, 0x00, 0xfe, 0x00, 0x00, 0x00, 0xfe, 0x00, 0x00, 0x00,
    0xfe, 0x00, 0x00, 0x00, 0xfe, 0x00, 0x00, 0x00, 0xfe, 0x00, 0x00, 0x00, 0xfe, 0x00, 0x00, 0x00,
    0xfe, 0x00, 0x00, 0x00, 0xfe, 0x00, 0x00, 0x00, 0xfe, 0x00, 0x00, 0x00, 0xfe, 0x00, 0x00, 0x00,
    0xfe, 0x00, 0x00, 0x00, 0xfe, 0x00, 0x00, 0x00, 0xfe, 0x00, 0x00, 0x00, 0xfe, 0x00, 0x00, 0x00,
    0xfe, 0x00, 0x00, 0x00, 0xfe, 0x00, 0x00, 0x00, 0xfe, 0x00, 0x00, 0x00, 0xfe, 0x00, 0x00, 0x00,
    0xfe, 0x00, 0x00, 0x00, 0xfe, 0x00, 0x00, 0x00, 0xfe, 0x00, 0x00, 0x00, 0xfe, 0x00, 0x00, 0x00,
    0xfe, 0x00, 0x00, 0x00, 0xfe, 0x00, 0x00, 0x00, 0xfe, 0x00, 0x00, 0x00, 0xfe, 0x00, 0x00, 0x00,
    0xfe, 0x00, 0x00, 0x00, 0xfe, 0x00, 0x00, 0x00, 0xfe, 0x00, 0x00, 0x00, 0xfe, 0x00, 0x00, 0x00,
    0xfe, 0x00, 0x00, 0x00, 0xfe, 0x00, 0x00, 0x00, 0xfe, 0x00, 0x00, 0x00, 0xfe, 0x00, 0x00, 0x00,
    0xfe, 0x00, 0x00, 0x00, 0xfe, 0x00, 0x00, 0x00, 0xfe, 0x00, 0x00, 0x00, 0xfe, 0x00, 0x00, 0x00,
    0xfe, 0x00, 0x00, 0x00, 0xfe, 0x00, 0x00, 0x00, 0xfe, 0x00, 0x00, 0x00, 0xfe, 0x00, 0x00, 0x00,
    0xfe, 0x00, 0x00, 0x00, 0xfe, 0x00, 0x00, 0x00, 0xfe, 0x00, 0x00, 0x00, 0xfe, 0x00, 0x00, 0x00,
    0xfe, 0x00, 0x00, 0x00, 0xfe, 0x00, 0x00, 0x00, 0xfe, 0x00, 0x00, 0x00, 0xfe, 0x00, 0x00, 0x00,
    0xfe, 0x00, 0x00, 0x00, 0xfe, 0x00, 0x00, 0x00, 0xfe, 0x00, 0x00, 0x00, 0xfe, 0x00, 0x00, 0x00,
    0xfe, 0x00, 0x00, 0x00, 0xfe, 0x00, 0x00, 0x00, 0xfe, 0x00, 0x00, 0x00, 0xfe, 0x00, 0x00, 0x00,
    0xfe, 0x00, 0x00, 0x00, 0xfe, 0x00, 0x00, 0x00, 0xfe, 0x00, 0x00, 0x00, 0xfe, 0x00, 0x00, 0x00,
    0xfe, 0x00, 0x00, 0x00, 0xfe, 0x00, 0x00, 0x00, 0xfe, 0x00, 0x00, 0x00, 0xfe, 0x00, 0x00, 0x00,
    0xfe, 0x00, 0x00, 0x00, 0xfe, 0x00, 0x00, 0x00, 0xfe, 0x00, 0x00, 0x00, 0xfe, 0x00, 0x00, 0x00,
    0xfe, 0x00, 0x00, 0x00, 0xfe, 0x00, 0x00, 0x00, 0xfe, 0x00, 0x00, 0x00, 0xfe, 0x00, 0x00, 0x00,
    0xfe, 0x00, 0x00, 0x00, 0xfe, 0x00, 0x00, 0x00, 0xfe, 0x00, 0x00, 0x00, 0xfe, 0x00, 0x00, 0x00,
    0xfe, 0x00, 0x00, 0x00, 0xfe, 0x00, 0x00, 0x00, 0xfe, 0x00, 0x00, 0x00, 0xfe, 0x00, 0x00, 0x00,
    0xfe, 0x00, 0x00, 0x00, 0xfe, 0x00, 0x00, 0x00, 0xfe, 0x00, 0x00, 0x00, 0xfe, 0x00, 0x00, 0x00,
    0xfe, 0x00, 0x00, 0x00, 0xfe, 0x00, 0x00, 0x00, 0xfe, 0x00, 0x00, 0x00, 0xfe, 0x00, 0x00, 0x00,
    0xfd, 0x01, 0x00, 0x00, 0xfb, 0x02, 0x02, 0x00, 0xf7, 0x01, 0x02, 0x00, 0xff, 0x04, 0x00, 0x00,
    0x9b, 0x12, 0x40, 0x00, 0x0d, 0x24, 0x8d, 0x00, 0x70, 0x4e, 0xb3, 0x00, 0xf9, 0x08, 0x11, 0x00,
    0xfa, 0x01, 0x00, 0x00, 0xff, 0x00, 0x01, 0x00, 0xfe, 0x00, 0x00, 0x00, 0xfe, 0x00, 0x00, 0x00,
    0xfe, 0x00, 0x00, 0x00, 0xfe, 0x00, 0x00, 0x00, 0xfe, 0x00, 0x00, 0x00, 0xfe, 0x00, 0x00, 0x00,
    0xfe, 0x00, 0x00, 0x00, 0xfe, 0x00, 0x00, 0x00, 0xfe, 0x00, 0x00, 0x00, 0xfe, 0x00, 0x00, 0x00,
    0xfe, 0x00, 0x00, 0x00, 0xfe, 0x00, 0x00, 0x00, 0xfe, 0x00, 0x00, 0x00, 0xfe, 0x00, 0x00, 0x00,
    0xfe, 0x00, 0x00, 0x00, 0xfe, 0x00, 0x00, 0x00, 0xfe, 0x00, 0x00, 0x00, 0xfe, 0x00, 0x00, 0x00,
    0xfe, 0x00, 0x00, 0x00, 0xfe, 0x00, 0x00, 0x00, 0xfe, 0x00, 0x00, 0x00, 0xfe, 0x00, 0x00, 0x00,
    0xfe, 0x00, 0x00, 0x00, 0xfe, 0x00, 0x00, 0x00, 0xfe, 0x00, 0x00, 0x00, 0xfe, 0x00, 0x00, 0x00,
    0xfe, 0x00, 0x00, 0x00, 0xfe, 0x00, 0x00, 0x00, 0xfe, 0x00, 0x00, 0x00, 0xfe, 0x00, 0x00, 0x00,
    0xfe, 0x00, 0x00, 0x00, 0xfe, 0x00, 0x00, 0x00, 0xfe, 0x00, 0x00, 0x00, 0xfe, 0x00, 0x00, 0x00,
    0xfe, 0x00, 0x00, 0x00, 0xfe, 0x00, 0x00, 0x00, 0xfe, 0x00, 0x00, 0x00, 0xfe, 0x00, 0x00, 0x00,
    0xfe, 0x00, 0x00, 0x00, 0xfe, 0x00, 0x00, 0x00, 0xfe, 0x00, 0x00, 0x00, 0xfe, 0x00, 0x00, 0x00,
    0xfe, 0x00, 0x00, 0x00, 0xfe, 0x00, 0x00, 0x00, 0xfe, 0x00, 0x00, 0x00, 0xfe, 0x00, 0x00, 0x00,
    0xfe, 0x00, 0x00, 0x00, 0xfe, 0x00, 0x00, 0x00, 0xfe, 0x00, 0x00, 0x00, 0xfe, 0x00, 0x00, 0x00,
    0xfe, 0x00, 0x00, 0x00, 0xfe, 0x00, 0x00, 0x00, 0xfe, 0x00, 0x00, 0x00, 0xfe, 0x00, 0x00, 0x00,
    0xfe, 0x00, 0x00, 0x00, 0xfe, 0x00, 0x00, 0x00, 0xfe, 0x00, 0x00, 0x00, 0xfe, 0x00, 0x00, 0x00,
    0xfe, 0x00, 0x00, 0x00, 0xfe, 0x00, 0x00, 0x00, 0xfe, 0x00, 0x00, 0x00, 0xfe, 0x00, 0x00, 0x00,
    0xfe, 0x00, 0x00, 0x00, 0xfe, 0x00, 0x00, 0x00, 0xfe, 0x00, 0x00, 0x00, 0xfe, 0x00, 0x00, 0x00,
    0xfe, 0x00, 0x00, 0x00, 0xfe, 0x00, 0x00, 0x00, 0xfe, 0x00, 0x00, 0x00, 0xfe, 0x00, 0x00, 0x00,
    0xfe, 0x00, 0x00, 0x00, 0xfe, 0x00, 0x00, 0x00, 0xfe, 0x00, 0x00, 0x00, 0xfe, 0x00, 0x00, 0x00,
    0xfe, 0x00, 0x00, 0x00, 0xfe, 0x00, 0x00, 0x00, 0xfe, 0x00, 0x00, 0x00, 0xfe, 0x00, 0x00, 0x00,
    0xfe, 0x00, 0x00, 0x00, 0xfe, 0x00, 0x00, 0x00, 0xfe, 0x00, 0x00, 0x00, 0xfe, 0x00, 0x00, 0x00,
    0xfe, 0x00, 0x00, 0x00, 0xfe, 0x00, 0x00, 0x00, 0xfe, 0x00, 0x00, 0x00, 0xfe, 0x00, 0x00, 0x00,
    0xfe, 0x00, 0x00, 0x00, 0xfe, 0x00, 0x00, 0x00, 0xfe, 0x00, 0x00, 0x00, 0xfd, 0x00, 0x00, 0x00,
    0xfe, 0x00, 0x00, 0x00, 0xfe, 0x00, 0x00, 0x00, 0xfe, 0x00, 0x00, 0x00, 0xfe, 0x00, 0x00, 0x00,
    0xfe, 0x00, 0x00, 0x00, 0xfe, 0x00, 0x00, 0x00, 0xfe, 0x00, 0x00, 0x00, 0xfe, 0x00, 0x00, 0x00,
    0xfe, 0x00, 0x00, 0x00, 0xfe, 0x00, 0x00, 0x00, 0xfe, 0x00, 0x00, 0x00, 0xfe, 0x00, 0x00, 0x00,
    0xfe, 0x00, 0x00, 0x00, 0xfe, 0x00, 0x00, 0x00, 0xfe, 0x00, 0x00, 0x00, 0xfe, 0x00, 0x00, 0x00,
    0xfe, 0x00, 0x00, 0x00, 0xfe, 0x00, 0x00, 0x00, 0xfe, 0x00, 0x00, 0x00, 0xfe, 0x00, 0x00, 0x00,
    0xfd, 0x01, 0x00, 0x00, 0xfb, 0x02, 0x02, 0x00, 0xf8, 0x01, 0x03, 0x00, 0xff, 0x04, 0x00, 0x00,
    0x97, 0x0f, 0x3c, 0x00, 0x2c, 0x2e, 0xab, 0x00, 0x7c, 0x5d, 0xc2, 0x00, 0xe0, 0x00, 0x10, 0x00,
    0xff, 0x01, 0x00, 0x00, 0xfc, 0x00, 0x01, 0x00, 0xfe, 0x00, 0x00, 0x00, 0xfe, 0x00, 0x00, 0x00,
    0xfe, 0x00, 0x00, 0x00, 0xfe, 0x00, 0x00, 0x00, 0xfe, 0x00, 0x00, 0x00, 0xfe, 0x00, 0x00, 0x00,
    0xfe, 0x00, 0x00, 0x00, 0xfe, 0x00, 0x00, 0x00, 0xfe, 0x00, 0x00, 0x00, 0xfe, 0x00, 0x00, 0x00,
    0xfe, 0x00, 0x00, 0x00, 0xfe, 0x00, 0x00, 0x00, 0xfe, 0x00, 0x00, 0x00, 0xfe, 0x00, 0x00, 0x00,
    0xfe, 0x00, 0x00, 0x00, 0xfe, 0x00, 0x00, 0x00, 0xfe, 0x00, 0x00, 0x00, 0xfe, 0x00, 0x00, 0x00,
    0xfe, 0x00, 0x00, 0x00, 0xfe, 0x00, 0x00, 0x00, 0xfe, 0x00, 0x00, 0x00, 0xfe, 0x00, 0x00, 0x00,
    0xfe, 0x00, 0x00, 0x00, 0xfe, 0x00, 0x00, 0x00, 0xfe, 0x00, 0x00, 0x00, 0xfe, 0x00, 0x00, 0x00,
    0xfe, 0x00, 0x00, 0x00, 0xfe, 0x00, 0x00, 0x00, 0xfe, 0x00, 0x00, 0x00, 0xfe, 0x00, 0x00, 0x00,
    0xfe, 0x01, 0x01, 0x00, 0xfe, 0x01, 0x00, 0x00, 0xfe, 0x00, 0x00, 0x00, 0xfe, 0x00, 0x00, 0x00,
    0xfe, 0x00, 0x00, 0x00, 0xfe, 0x00, 0x00, 0x00, 0xfe, 0x00, 0x00, 0x00, 0xfe, 0x00, 0x00, 0x00,
    0xfe, 0x00, 0x00, 0x00, 0xfe, 0x00, 0x00, 0x00, 0xfe, 0x00, 0x00, 0x00, 0xff, 0x00, 0x00, 0x00,
    0xfe, 0x00, 0x00, 0x00, 0xfe, 0x00, 0x00, 0x00, 0xfe, 0x01, 0x00, 0x00, 0xfe, 0x01, 0x00, 0x00,
    0xfe, 0x01, 0x00, 0x00, 0xfe, 0x01, 0x00, 0x00, 0xfe, 0x01, 0x00, 0x00, 0xfe, 0x01, 0x00, 0x00,
    0xfe, 0x00, 0x00, 0x00, 0xfe, 0x00, 0x00, 0x00, 0xfe, 0x00, 0x00, 0x00, 0xfe, 0x00, 0x00, 0x00,
    0xfe, 0x01, 0x00, 0x00, 0xfe, 0x01, 0x00, 0x00, 0xfe, 0x00, 0x00, 0x00, 0xfe, 0x00, 0x00, 0x00,
    0xfe, 0x00, 0x00, 0x00, 0xfe, 0x00, 0x00, 0x00, 0xfe, 0x00, 0x00, 0x00, 0xfe, 0x01, 0x00, 0x00,
    0xff, 0x01, 0x00, 0x00, 0xfe, 0x01, 0x00, 0x00, 0xfd, 0x01, 0x01, 0x00, 0xfd, 0x01, 0x01, 0x00,
    0xfd, 0x01, 0x01, 0x00, 0xfe, 0x01, 0x00, 0x00, 0xfe, 0x00, 0x00, 0x00, 0xff, 0x00, 0x00, 0x00,
    0xff, 0x00, 0x00, 0x00, 0xfe, 0x00, 0x00, 0x00, 0xfe, 0x00, 0x00, 0x00, 0xff, 0x00, 0x00, 0x00,
    0xff, 0x00, 0x00, 0x00, 0xff, 0x00, 0x00, 0x00, 0xff, 0x00, 0x00, 0x00, 0xff, 0x00, 0x00, 0x00,
    0xff, 0x00, 0x00, 0x00, 0xff, 0x00, 0x00, 0x00, 0xff, 0x00, 0x00, 0x00, 0xfe, 0x00, 0x00, 0x00,
    0xfe, 0x00, 0x00, 0x00, 0xff, 0x00, 0x00, 0x00, 0xff, 0x00, 0x00, 0x00, 0xfe, 0x00, 0x00, 0x00,
    0xfe, 0x01, 0x00, 0x00, 0xfe, 0x00, 0x00, 0x00, 0xfe, 0x02, 0x02, 0x00, 0xff, 0x02, 0x03, 0x00,
    0xff, 0x01, 0x02, 0x00, 0xff, 0x00, 0x00, 0x00, 0xfe, 0x00, 0x00, 0x00, 0xfe, 0x00, 0x00, 0x00,
    0xff, 0x00, 0x00, 0x00, 0xff, 0x00, 0x00, 0x00, 0xff, 0x00, 0x00, 0x00, 0xfe, 0x00, 0x00, 0x00,
    0xff, 0x00, 0x00, 0x00, 0xff, 0x00, 0x00, 0x00, 0xfe, 0x00, 0x00, 0x00, 0xfe, 0x00, 0x00, 0x00,
    0xfe, 0x00, 0x00, 0x00, 0xfe, 0x00, 0x00, 0x00, 0xfe, 0x00, 0x00, 0x00, 0xfe, 0x00, 0x00, 0x00,
    0xfe, 0x00, 0x00, 0x00, 0xfe, 0x00, 0x00, 0x00, 0xfe, 0x00, 0x00, 0x00, 0xfe, 0x00, 0x00, 0x00,
    0xfd, 0x01, 0x00, 0x00, 0xfb, 0x02, 0x02, 0x00, 0xf8, 0x01, 0x02, 0x00, 0xff, 0x02, 0x00, 0x00,
    0x95, 0x1b, 0x3f, 0x00, 0x15, 0x21, 0xa3, 0x00, 0x4f, 0x56, 0xaa, 0x00, 0xcc, 0x17, 0x2a, 0x00,
    0xff, 0x00, 0x00, 0x00, 0xfd, 0x01, 0x02, 0x00, 0xfe, 0x00, 0x00, 0x00, 0xfe, 0x00, 0x00, 0x00,
    0xfe, 0x00, 0x00, 0x00, 0xfe, 0x00, 0x00, 0x00, 0xfe, 0x00, 0x00, 0x00, 0xfe, 0x00, 0x00, 0x00,
    0xfe, 0x00, 0x00, 0x00, 0xfe, 0x00, 0x00, 0x00, 0xfe, 0x00, 0x00, 0x00, 0xfe, 0x00, 0x00, 0x00,
    0xfe, 0x00, 0x00, 0x00, 0xfe, 0x00, 0x00, 0x00, 0xfe, 0x00, 0x00, 0x00, 0xfe, 0x00, 0x00, 0x00,
    0xfe, 0x00, 0x00, 0x00, 0xfe, 0x00, 0x00, 0x00, 0xfe, 0x00, 0x00, 0x00, 0xfe, 0x00, 0x00, 0x00,
    0xfe, 0x00, 0x00, 0x00, 0xfe, 0x00, 0x00, 0x00, 0xfe, 0x00, 0x00, 0x00, 0xfe, 0x00, 0x00, 0x00,
    0xfe, 0x00, 0x00, 0x00, 0xfe, 0x00, 0x00, 0x00, 0xfe, 0x00, 0x00, 0x00, 0xfe, 0x00, 0x00, 0x00,
    0xfe, 0x00, 0x00, 0x00, 0xfe, 0x00, 0x00, 0x00, 0xfe, 0x00, 0x00, 0x00, 0xfe, 0x00, 0x00, 0x00,
    0xff, 0x00, 0x00, 0x00, 0xff, 0x00, 0x00, 0x00, 0xfd, 0x00, 0x02, 0x00, 0xfc, 0x01, 0x02, 0x00,
    0xfc, 0x02, 0x02, 0x00, 0xfc, 0x02, 0x02, 0x00, 0xfc, 0x02, 0x02, 0x00, 0xfc, 0x03, 0x01, 0x00,
    0xfc, 0x03, 0x01, 0x00, 0xfc, 0x03, 0x01, 0x00, 0xfc, 0x03, 0x01, 0x00, 0xf8, 0x02, 0x01, 0x00,
    0xfb, 0x00, 0x01, 0x00, 0xff, 0x00, 0x00, 0x00, 0xff, 0x00, 0x00, 0x00, 0xff, 0x00, 0x00, 0x00,
    0xff, 0x00, 0x00, 0x00, 0xff, 0x00, 0x00, 0x00, 0xfc, 0x00, 0x00, 0x00, 0xfb, 0x00, 0x00, 0x00,
    0xfe, 0x00, 0x00, 0x00, 0xff, 0x01, 0x00, 0x00, 0xfe, 0x01, 0x01, 0x00, 0xfe, 0x00, 0x01, 0x00,
    0xfe, 0x00, 0x00, 0x00, 0xfd, 0x00, 0x01, 0x00, 0xff, 0x00, 0x00, 0x00, 0xff, 0x01, 0x00, 0x00,
    0xff, 0x02, 0x00, 0x00, 0xfe, 0x02, 0x00, 0x00, 0xfd, 0x00, 0x00, 0x00, 0xfb, 0x00, 0x00, 0x00,
    0xfc, 0x00, 0x00, 0x00, 0xff, 0x00, 0x00, 0x00, 0xff, 0x00, 0x00, 0x00, 0xff, 0x00, 0x00, 0x00,
    0xff, 0x00, 0x00, 0x00, 0xff, 0x00, 0x00, 0x00, 0xfb, 0x03, 0x02, 0x00, 0xf6, 0x05, 0x03, 0x00,
    0xf8, 0x05, 0x04, 0x00, 0xfc, 0x05, 0x04, 0x00, 0xfc, 0x06, 0x02, 0x00, 0xfa, 0x05, 0x01, 0x00,
    0xf9, 0x07, 0x01, 0x00, 0xf9, 0x08, 0x02, 0x00, 0xf9, 0x08, 0x02, 0x00, 0xf8, 0x07, 0x01, 0x00,
    0xf9, 0x08, 0x01, 0x00, 0xfa, 0x09, 0x03, 0x00, 0xfa, 0x07, 0x03, 0x00, 0xfd, 0x07, 0x02, 0x00,
    0xfc, 0x06, 0x00, 0x00, 0xfb, 0x04, 0x01, 0x00, 0xf9, 0x01, 0x02, 0x00, 0xff, 0x02, 0x00, 0x00,
    0xf9, 0x00, 0x02, 0x00, 0xfd, 0x00, 0x01, 0x00, 0xfd, 0x00, 0x00, 0x00, 0xeb, 0x00, 0x00, 0x00,
    0xf9, 0x00, 0x00, 0x00, 0xf9, 0x01, 0x00, 0x00, 0xfc, 0x01, 0x03, 0x00, 0xfd, 0x02, 0x03, 0x00,
    0xfa, 0x01, 0x01, 0x00, 0xf7, 0x00, 0x01, 0x00, 0xfa, 0x04, 0x03, 0x00, 0xfd, 0x02, 0x01, 0x00,
    0xfa, 0x01, 0x01, 0x00, 0xf7, 0x02, 0x00, 0x00, 0xfc, 0x01, 0x00, 0x00, 0xfd, 0x00, 0x00, 0x00,
    0xfe, 0x00, 0x00, 0x00, 0xfe, 0x00, 0x00, 0x00, 0xfe, 0x00, 0x00, 0x00, 0xfe, 0x00, 0x00, 0x00,
    0xfe, 0x00, 0x00, 0x00, 0xfe, 0x00, 0x00, 0x00, 0xfe, 0x00, 0x00, 0x00, 0xfe, 0x00, 0x00, 0x00,
    0xfe, 0x01, 0x00, 0x00, 0xfb, 0x03, 0x01, 0x00, 0xf6, 0x01, 0x03, 0x00, 0xff, 0x02, 0x00, 0x00,
    0x97, 0x18, 0x50, 0x00, 0x2b, 0x32, 0xb9, 0x00, 0x5d, 0x60, 0xcf, 0x00, 0xc4, 0x16, 0x42, 0x00,
    0xff, 0x00, 0x03, 0x00, 0xfc, 0x00, 0x01, 0x00, 0xfe, 0x00, 0x00, 0x00, 0xfe, 0x00, 0x00, 0x00,
    0xfe, 0x00, 0x00, 0x00, 0xfe, 0x00, 0x00, 0x00, 0xfe, 0x00, 0x00, 0x00, 0xfe, 0x00, 0x00, 0x00,
    0xfe, 0x00, 0x00, 0x00, 0xfe, 0x00, 0x00, 0x00, 0xfe, 0x00, 0x00, 0x00, 0xfe, 0x00, 0x00, 0x00,
    0xfe, 0x00, 0x00, 0x00, 0xfe, 0x00, 0x00, 0x00, 0xfe, 0x00, 0x00, 0x00, 0xfe, 0x00, 0x00, 0x00,
    0xfe, 0x00, 0x00, 0x00, 0xfe, 0x00, 0x00, 0x00, 0xfe, 0x00, 0x00, 0x00, 0xfe, 0x00, 0x00, 0x00,
    0xfe, 0x00, 0x00, 0x00, 0xfe, 0x00, 0x00, 0x00, 0xfe, 0x00, 0x00, 0x00, 0xfe, 0x00, 0x00, 0x00,
    0xfe, 0x00, 0x00, 0x00, 0xfe, 0x00, 0x00, 0x00, 0xfe, 0x00, 0x00, 0x00, 0xfe, 0x00, 0x00, 0x00,
    0xfe, 0x00, 0x00, 0x00, 0xfe, 0x00, 0x00, 0x00, 0xfe, 0x00, 0x00, 0x00, 0xfe, 0x00, 0x00, 0x00,
    0xec, 0x29, 0x15, 0x00, 0xf2, 0x16, 0x0a, 0x00, 0xfc, 0x02, 0x00, 0x00, 0xff, 0x00, 0x00, 0x00,
    0xff, 0x00, 0x00, 0x00, 0xff, 0x00, 0x00, 0x00, 0xff, 0x00, 0x00, 0x00, 0xff, 0x00, 0x00, 0x00,
    0xff, 0x00, 0x00, 0x00, 0xff, 0x00, 0x00, 0x00, 0xff, 0x00, 0x00, 0x00, 0xff, 0x00, 0x00, 0x00,
    0xf8, 0x05, 0x02, 0x00, 0xee, 0x13, 0x08, 0x00, 0xed, 0x1c, 0x0e, 0x00, 0xf4, 0x1a, 0x0d, 0x00,
    0xf3, 0x1a, 0x0d, 0x00, 0xf4, 0x1b, 0x0d, 0x00, 0xf6, 0x17, 0x0f, 0x00, 0xf8, 0x11, 0x0e, 0x00,
    0xf9, 0x0c, 0x08, 0x00, 0xf7, 0x06, 0x05, 0x00, 0xf7, 0x1c, 0x14, 0x00, 0xe0, 0x41, 0x23, 0x00,
    0xde, 0x28, 0x0f, 0x00, 0xf5, 0x1e, 0x11, 0x00, 0xf7, 0x14, 0x0b, 0x00, 0xf8, 0x11, 0x0a, 0x00,
    0xf5, 0x0d, 0x0a, 0x00, 0xf6, 0x06, 0x06, 0x00, 0xf7, 0x0b, 0x09, 0x00, 0xf0, 0x20, 0x10, 0x00,
    0xe7, 0x2d, 0x16, 0x00, 0xe8, 0x29, 0x15, 0x00, 0xe8, 0x2a, 0x12, 0x00, 0xe9, 0x28, 0x16, 0x00,
    0xe9, 0x28, 0x19, 0x00, 0xeb, 0x37, 0x17, 0x00, 0xe4, 0x44, 0x21, 0x00, 0xde, 0x49, 0x26, 0x00,
    0xdf, 0x48, 0x23, 0x00, 0xdc, 0x46, 0x21, 0x00, 0xd8, 0x45, 0x25, 0x00, 0xd6, 0x47, 0x2b, 0x00,
    0xda, 0x48, 0x2b, 0x00, 0xdb, 0x48, 0x2a, 0x00, 0xdb, 0x48, 0x2a, 0x00, 0xdb, 0x4a, 0x2d, 0x00,
    0xd7, 0x4c, 0x31, 0x00, 0xd6, 0x47, 0x2d, 0x00, 0xde, 0x49, 0x2c, 0x00, 0xdd, 0x44, 0x30, 0x00,
    0xdb, 0x44, 0x2d, 0x00, 0xdd, 0x4a, 0x25, 0x00, 0xde, 0x4d, 0x24, 0x00, 0xd9, 0x3b, 0x20, 0x00,
    0xdf, 0x38, 0x24, 0x00, 0xe1, 0x42, 0x20, 0x00, 0xcc, 0x4f, 0x41, 0x00, 0xa6, 0x87, 0x82, 0x00,
    0xd0, 0x42, 0x43, 0x00, 0xe9, 0x13, 0x06, 0x00, 0xf5, 0x04, 0x03, 0x00, 0xf7, 0x00, 0x00, 0x00,
    0xfc, 0x00, 0x00, 0x00, 0xfc, 0x00, 0x00, 0x00, 0xf0, 0x02, 0x01, 0x00, 0xf8, 0x03, 0x02, 0x00,
    0xfc, 0x04, 0x03, 0x00, 0xfa, 0x03, 0x02, 0x00, 0xfa, 0x01, 0x00, 0x00, 0xfd, 0x01, 0x00, 0x00,
    0xfe, 0x01, 0x02, 0x00, 0xfe, 0x02, 0x01, 0x00, 0xfe, 0x00, 0x00, 0x00, 0xfe, 0x00, 0x00, 0x00,
    0xfe, 0x00, 0x00, 0x00, 0xfe, 0x00, 0x00, 0x00, 0xfe, 0x00, 0x00, 0x00, 0xfe, 0x00, 0x00, 0x00,
    0xff, 0x01, 0x00, 0x00, 0xfb, 0x03, 0x01, 0x00, 0xf4, 0x01, 0x04, 0x00, 0xff, 0x04, 0x00, 0x00,
    0x88, 0x08, 0x51, 0x00, 0x19, 0x1a, 0xc6, 0x00, 0x5d, 0x67, 0xd7, 0x00, 0xc8, 0x21, 0x4b, 0x00,
    0xff, 0x00, 0x01, 0x00, 0xfc, 0x01, 0x02, 0x00, 0xfe, 0x00, 0x00, 0x00, 0xfe, 0x00, 0x00, 0x00,
    0xfe, 0x00, 0x00, 0x00, 0xfe, 0x00, 0x00, 0x00, 0xfe, 0x00, 0x00, 0x00, 0xfe, 0x00, 0x00, 0x00,
    0xfe, 0x00, 0x00, 0x00, 0xfe, 0x00, 0x00, 0x00, 0xfe, 0x00, 0x00, 0x00, 0xfe, 0x00, 0x00, 0x00,
    0xfe, 0x00, 0x00, 0x00, 0xfe, 0x00, 0x00, 0x00, 0xfe, 0x00, 0x00, 0x00, 0xfe, 0x00, 0x00, 0x00,
    0xfe, 0x00, 0x00, 0x00, 0xfe, 0x00, 0x00, 0x00, 0xfe, 0x00, 0x00, 0x00, 0xfe, 0x00, 0x00, 0x00,
    0xfe, 0x00, 0x00, 0x00, 0xfe, 0x00, 0x00, 0x00, 0xfe, 0x00, 0x00, 0x00, 0xfe, 0x00, 0x00, 0x00,
    0xfe, 0x00, 0x00, 0x00, 0xfe, 0x00, 0x00, 0x00, 0xfe, 0x00, 0x00, 0x00, 0xfe, 0x00, 0x00, 0x00,
    0xfe, 0x00, 0x00, 0x00, 0xfe, 0x00, 0x00, 0x00, 0xfe, 0x00, 0x00, 0x00, 0xfe, 0x00, 0x00, 0x00,
    0xd4, 0x59, 0x2e, 0x00, 0xdb, 0x50, 0x29, 0x00, 0xe0, 0x40, 0x20, 0x00, 0xe0, 0x36, 0x1b, 0x00,
    0xe1, 0x34, 0x1e, 0x00, 0xe1, 0x35, 0x1d, 0x00, 0xe1, 0x35, 0x1d, 0x00, 0xe1, 0x36, 0x1b, 0x00,
    0xe1, 0x37, 0x1a, 0x00, 0xe1, 0x36, 0x1a, 0x00, 0xe0, 0x36, 0x19, 0x00, 0xd8, 0x3c, 0x1b, 0x00,
    0xd8, 0x48, 0x23, 0x00, 0xd5, 0x53, 0x2c, 0x00, 0xd3, 0x56, 0x2d, 0x00, 0xd3, 0x58, 0x2b, 0x00,
    0xd2, 0x58, 0x2b, 0x00, 0xd3, 0x58, 0x2b, 0x00, 0xd0, 0x58, 0x2b, 0x00, 0xd1, 0x55, 0x28, 0x00,
    0xd7, 0x4f, 0x23, 0x00, 0xdd, 0x4a, 0x21, 0x00, 0xdb, 0x4c, 0x28, 0x00, 0xce, 0x54, 0x25, 0x00,
    0xda, 0x59, 0x28, 0x00, 0xd0, 0x5b, 0x2c, 0x00, 0xcc, 0x58, 0x22, 0x00, 0xd3, 0x55, 0x24, 0x00,
    0xda, 0x52, 0x26, 0x00, 0xe1, 0x4e, 0x21, 0x00, 0xe1, 0x4f, 0x1a, 0x00, 0xdb, 0x54, 0x21, 0x00,
    0xda, 0x57, 0x31, 0x00, 0xd6, 0x5a, 0x29, 0x00, 0xd5, 0x5a, 0x26, 0x00, 0xd5, 0x58, 0x2d, 0x00,
    0xd6, 0x4d, 0x38, 0x00, 0xd7, 0x3a, 0x44, 0x00, 0xd2, 0x3f, 0x4c, 0x00, 0xcd, 0x3a, 0x4e, 0x00,
    0xd0, 0x30, 0x4b, 0x00, 0xd6, 0x2d, 0x50, 0x00, 0xd6, 0x2f, 0x5a, 0x00, 0xd3, 0x2b, 0x5e, 0x00,
    0xd1, 0x2c, 0x5e, 0x00, 0xd0, 0x2d, 0x5e, 0x00, 0xd1, 0x2d, 0x5d, 0x00, 0xd1, 0x2d, 0x5e, 0x00,
    0xd6, 0x2e, 0x5b, 0x00, 0xdb, 0x2b, 0x4f, 0x00, 0xd7, 0x2a, 0x4f, 0x00, 0xd0, 0x2c, 0x52, 0x00,
    0xd2, 0x35, 0x4e, 0x00, 0xd7, 0x41, 0x42, 0x00, 0xda, 0x4e, 0x37, 0x00, 0xd4, 0x57, 0x2c, 0x00,
    0xdc, 0x59, 0x20, 0x00, 0xad, 0x5c, 0x30, 0x00, 0x4f, 0x59, 0x66, 0x00, 0x6d, 0x7c, 0x88, 0x00,
    0x61, 0x63, 0x61, 0x00, 0xbb, 0x4f, 0x23, 0x00, 0xe2, 0x44, 0x1d, 0x00, 0xe7, 0x32, 0x1e, 0x00,
    0xed, 0x28, 0x13, 0x00, 0xf0, 0x1f, 0x0b, 0x00, 0xfb, 0x0d, 0x06, 0x00, 0xf6, 0x00, 0x00, 0x00,
    0xf8, 0x00, 0x00, 0x00, 0xfd, 0x00, 0x01, 0x00, 0xfa, 0x00, 0x00, 0x00, 0xfc, 0x00, 0x00, 0x00,
    0xfc, 0x02, 0x02, 0x00, 0xfd, 0x02, 0x02, 0x00, 0xfe, 0x00, 0x00, 0x00, 0xfe, 0x00, 0x00, 0x00,
    0xfe, 0x00, 0x00, 0x00, 0xfe, 0x00, 0x00, 0x00, 0xfe, 0x00, 0x00, 0x00, 0xfe, 0x00, 0x00, 0x00,
    0xfe, 0x01, 0x00, 0x00, 0xfb, 0x03, 0x01, 0x00, 0xf6, 0x01, 0x04, 0x00, 0xff, 0x05, 0x01, 0x00,
    0x80, 0x07, 0x4b, 0x00, 0x1c, 0x20, 0xb4, 0x00, 0x5f, 0x6b, 0xd8, 0x00, 0xcd, 0x2d, 0x4d, 0x00,
    0xff, 0x00, 0x00, 0x00, 0xfd, 0x01, 0x02, 0x00, 0xfe, 0x00, 0x00, 0x00, 0xfe, 0x00, 0x00, 0x00,
    0xfe, 0x00, 0x00, 0x00, 0xfe, 0x00, 0x00, 0x00, 0xfe, 0x00, 0x00, 0x00, 0xfe, 0x00, 0x00, 0x00,
    0xfe, 0x00, 0x00, 0x00, 0xfe, 0x00, 0x00, 0x00, 0xfe, 0x00, 0x00, 0x00, 0xfe, 0x00, 0x00, 0x00,
    0xfe, 0x00, 0x00, 0x00, 0xfe, 0x00, 0x00, 0x00, 0xfe, 0x00, 0x00, 0x00, 0xfe, 0x00, 0x00, 0x00,
    0xfe, 0x00, 0x00, 0x00, 0xfe, 0x00, 0x00, 0x00, 0xfe, 0x00, 0x00, 0x00, 0xfe, 0x00, 0x00, 0x00,
    0xfe, 0x00, 0x00, 0x00, 0xfe, 0x00, 0x00, 0x00, 0xfe, 0x00, 0x00, 0x00, 0xfe, 0x00, 0x00, 0x00,
    0xfe, 0x00, 0x00, 0x00, 0xfe, 0x00, 0x00, 0x00, 0xfe, 0x00, 0x00, 0x00, 0xfe, 0x00, 0x00, 0x00,
    0xfe, 0x00, 0x00, 0x00, 0xfe, 0x00, 0x00, 0x00, 0xfe, 0x00, 0x00, 0x00, 0xfe, 0x01, 0x00, 0x00,
    0xd5, 0x57, 0x26, 0x00, 0xd2, 0x55, 0x26, 0x00, 0xd1, 0x56, 0x2a, 0x00, 0xd2, 0x59, 0x2c, 0x00,
    0xd2, 0x5a, 0x28, 0x00, 0xd2, 0x5a, 0x29, 0x00, 0xd2, 0x5a, 0x29, 0x00, 0xd1, 0x59, 0x2a, 0x00,
    0xd1, 0x58, 0x2c, 0x00, 0xd1, 0x59, 0x2c, 0x00, 0xd2, 0x5a, 0x2d, 0x00, 0xd8, 0x5b, 0x30, 0x00,
    0xd6, 0x56, 0x2b, 0x00, 0xd9, 0x54, 0x29, 0x00, 0xda, 0x52, 0x29, 0x00, 0xd5, 0x50, 0x2a, 0x00,
    0xd5, 0x51, 0x2a, 0x00, 0xd6, 0x52, 0x2c, 0x00, 0xd9, 0x54, 0x2f, 0x00, 0xda, 0x54, 0x2f, 0x00,
    0xd8, 0x53, 0x2e, 0x00, 0xd7, 0x53, 0x2e, 0x00, 0xd6, 0x59, 0x2d, 0x00, 0xd1, 0x58, 0x2c, 0x00,
    0xdb, 0x4e, 0x2f, 0x00, 0xcf, 0x46, 0x3a, 0x00, 0xd9, 0x3d, 0x48, 0x00, 0xd9, 0x3d, 0x48, 0x00,
    0xda, 0x3b, 0x4b, 0x00, 0xd6, 0x40, 0x4b, 0x00, 0xd5, 0x4d, 0x40, 0x00, 0xd6, 0x50, 0x35, 0x00,
    0xd2, 0x47, 0x39, 0x00, 0xd7, 0x35, 0x4d, 0x00, 0xd8, 0x35, 0x4b, 0x00, 0xd8, 0x36, 0x4c, 0x00,
    0xd6, 0x2e, 0x50, 0x00, 0xd3, 0x22, 0x53, 0x00, 0xd5, 0x28, 0x56, 0x00, 0xdc, 0x24, 0x51, 0x00,
    0xd9, 0x21, 0x4e, 0x00, 0xd2, 0x1d, 0x41, 0x00, 0xd2, 0x13, 0x27, 0x00, 0xd8, 0x11, 0x19, 0x00,
    0xd4, 0x13, 0x1e, 0x00, 0xd4, 0x13, 0x1f, 0x00, 0xd3, 0x13, 0x1f, 0x00, 0xd4, 0x15, 0x25, 0x00,
    0xd8, 0x17, 0x28, 0x00, 0xd7, 0x13, 0x1e, 0x00, 0xd0, 0x20, 0x3c, 0x00, 0xd3, 0x2e, 0x5d, 0x00,
    0xd3, 0x28, 0x5f, 0x00, 0xd4, 0x2b, 0x59, 0x00, 0xd1, 0x30, 0x49, 0x00, 0xd2, 0x42, 0x3c, 0x00,
    0xdf, 0x4a, 0x3c, 0x00, 0x86, 0x29, 0x25, 0x00, 0x2b, 0x23, 0x4e, 0x00, 0x49, 0x4b, 0x98, 0x00,
    0x1e, 0x21, 0x56, 0x00, 0xa3, 0x33, 0x24, 0x00, 0xe3, 0x5e, 0x2f, 0x00, 0xd2, 0x57, 0x2b, 0x00,
    0xd7, 0x57, 0x2c, 0x00, 0xd8, 0x57, 0x2c, 0x00, 0xd7, 0x4e, 0x24, 0x00, 0xde, 0x43, 0x22, 0x00,
    0xec, 0x2b, 0x18, 0x00, 0xf4, 0x11, 0x09, 0x00, 0xf3, 0x0d, 0x09, 0x00, 0xf6, 0x09, 0x06, 0x00,
    0xf7, 0x04, 0x01, 0x00, 0xfb, 0x02, 0x00, 0x00, 0xfe, 0x01, 0x01, 0x00, 0xfd, 0x01, 0x00, 0x00,
    0xfe, 0x01, 0x00, 0x00, 0xfe, 0x00, 0x00, 0x00, 0xfe, 0x00, 0x00, 0x00, 0xfe, 0x00, 0x00, 0x00,
    0xfd, 0x01, 0x00, 0x00, 0xfa, 0x03, 0x01, 0x00, 0xf8, 0x00, 0x04, 0x00, 0xff, 0x07, 0x02, 0x00,
    0x7b, 0x05, 0x47, 0x00, 0x26, 0x29, 0xa4, 0x00, 0x5f, 0x69, 0xd5, 0x00, 0xbf, 0x1d, 0x47, 0x00,
    0xff, 0x00, 0x00, 0x00, 0xfd, 0x01, 0x02, 0x00, 0xfe, 0x00, 0x00, 0x00, 0xfe, 0x00, 0x00, 0x00,
    0xfe, 0x00, 0x00, 0x00, 0xfe, 0x00, 0x00, 0x00, 0xfe, 0x00, 0x00, 0x00, 0xfe, 0x00, 0x00, 0x00,
    0xfe, 0x00, 0x00, 0x00, 0xfe, 0x00, 0x00, 0x00, 0xfe, 0x00, 0x00, 0x00, 0xfe, 0x00, 0x00, 0x00,
    0xfe, 0x00, 0x00, 0x00, 0xfe, 0x00, 0x00, 0x00, 0xfe, 0x00, 0x00, 0x00, 0xfe, 0x00, 0x00, 0x00,
    0xfe, 0x00, 0x00, 0x00, 0xfe, 0x00, 0x00, 0x00, 0xfe, 0x00, 0x00, 0x00, 0xfe, 0x00, 0x00, 0x00,
    0xfe, 0x00, 0x00, 0x00, 0xff, 0x00, 0x00, 0x00, 0xff, 0x00, 0x00, 0x00, 0xff, 0x00, 0x00, 0x00,
    0xfe, 0x01, 0x00, 0x00, 0xfe, 0x00, 0x00, 0x00, 0xfe, 0x01, 0x00, 0x00, 0xfe, 0x01, 0x00, 0x00,
    0xfe, 0x01, 0x00, 0x00, 0xfe, 0x01, 0x00, 0x00, 0xfe, 0x00, 0x00, 0x00, 0xff, 0x00, 0x00, 0x00,
    0xd7, 0x32, 0x4d, 0x00, 0xd8, 0x35, 0x50, 0x00, 0xd5, 0x33, 0x4f, 0x00, 0xd4, 0x34, 0x4c, 0x00,
    0xd6, 0x3c, 0x48, 0x00, 0xd7, 0x44, 0x40, 0x00, 0xd8, 0x4c, 0x39, 0x00, 0xd9, 0x51, 0x33, 0x00,
    0xd9, 0x4f, 0x30, 0x00, 0xd9, 0x4d, 0x30, 0x00, 0xdb, 0x4d, 0x33, 0x00, 0xd3, 0x40, 0x43, 0x00,
    0xd4, 0x38, 0x4e, 0x00, 0xd5, 0x30, 0x4e, 0x00, 0xd3, 0x2e, 0x4e, 0x00, 0xd3, 0x32, 0x56, 0x00,
    0xd5, 0x30, 0x4f, 0x00, 0xd7, 0x2f, 0x47, 0x00, 0xd5, 0x28, 0x43, 0x00, 0xd5, 0x26, 0x43, 0x00,
    0xd4, 0x28, 0x44, 0x00, 0xd5, 0x2a, 0x46, 0x00, 0xd9, 0x2f, 0x4b, 0x00, 0xd3, 0x38, 0x49, 0x00,
    0xd7, 0x35, 0x45, 0x00, 0xd9, 0x2a, 0x47, 0x00, 0xd7, 0x1f, 0x4b, 0x00, 0xd6, 0x1c, 0x45, 0x00,
    0xd4, 0x1a, 0x3e, 0x00, 0xd8, 0x19, 0x3e, 0x00, 0xd8, 0x1b, 0x3a, 0x00, 0xd4, 0x1f, 0x34, 0x00,
    0xd4, 0x22, 0x37, 0x00, 0xd2, 0x19, 0x3d, 0x00, 0xdb, 0x1d, 0x3f, 0x00, 0xd3, 0x17, 0x3a, 0x00,
    0xd4, 0x1c, 0x45, 0x00, 0xdc, 0x2f, 0x56, 0x00, 0xd0, 0x2c, 0x5b, 0x00, 0xd0, 0x2c, 0x56, 0x00,
    0xd9, 0x2d, 0x54, 0x00, 0xd9, 0x29, 0x50, 0x00, 0xd8, 0x26, 0x45, 0x00, 0xd4, 0x20, 0x3b, 0x00,
    0xd1, 0x1a, 0x31, 0x00, 0xce, 0x0c, 0x1d, 0x00, 0xd9, 0x0a, 0x12, 0x00, 0xd1, 0x03, 0x0a, 0x00,
    0xce, 0x0c, 0x16, 0x00, 0xd5, 0x0d, 0x18, 0x00, 0xd5, 0x12, 0x22, 0x00, 0xd6, 0x11, 0x24, 0x00,
    0xd5, 0x0e, 0x21, 0x00, 0xd9, 0x1d, 0x39, 0x00, 0xda, 0x2c, 0x53, 0x00, 0xcb, 0x2a, 0x58, 0x00,
    0xe8, 0x33, 0x5d, 0x00, 0x8b, 0x18, 0x25, 0x00, 0x09, 0x1f, 0x1c, 0x00, 0x2e, 0x33, 0x58, 0x00,
    0x00, 0x0d, 0x17, 0x00, 0x95, 0x3b, 0x0c, 0x00, 0xdd, 0x5d, 0x2b, 0x00, 0xd5, 0x56, 0x29, 0x00,
    0xd6, 0x56, 0x26, 0x00, 0xd3, 0x56, 0x29, 0x00, 0xd3, 0x56, 0x28, 0x00, 0xd7, 0x5a, 0x2d, 0x00,
    0xd8, 0x59, 0x2f, 0x00, 0xd8, 0x4e, 0x2a, 0x00, 0xe5, 0x3f, 0x21, 0x00, 0xef, 0x28, 0x16, 0x00,
    0xfb, 0x10, 0x0a, 0x00, 0xfd, 0x00, 0x01, 0x00, 0xfe, 0x00, 0x00, 0x00, 0xff, 0x00, 0x00, 0x00,
    0xf7, 0x00, 0x00, 0x00, 0xf9, 0x00, 0x00, 0x00, 0xfe, 0x00, 0x01, 0x00, 0xfc, 0x00, 0x00, 0x00,
    0xfa, 0x00, 0x00, 0x00, 0xfa, 0x03, 0x00, 0x00, 0xf9, 0x05, 0x01, 0x00, 0xff, 0x05, 0x02, 0x00,
    0x6a, 0x14, 0x4c, 0x00, 0x22, 0x28, 0x96, 0x00, 0x4e, 0x60, 0xa8, 0x00, 0xc6, 0x2a, 0x40, 0x00,
    0xff, 0x01, 0x00, 0x00, 0xfb, 0x04, 0x04, 0x00, 0xff, 0x04, 0x03, 0x00, 0xfe, 0x02, 0x02, 0x00,
    0xfc, 0x01, 0x00, 0x00, 0xfc, 0x01, 0x00, 0x00, 0xfc, 0x01, 0x00, 0x00, 0xfd, 0x01, 0x00, 0x00,
    0xfe, 0x00, 0x00, 0x00, 0xfe, 0x00, 0x00, 0x00, 0xfe, 0x00, 0x00, 0x00, 0xfe, 0x00, 0x00, 0x00,
    0xfe, 0x00, 0x00, 0x00, 0xfe, 0x00, 0x00, 0x00, 0xfe, 0x00, 0x00, 0x00, 0xfe, 0x00, 0x00, 0x00,
    0xfe, 0x00, 0x00, 0x00, 0xfe, 0x00, 0x00, 0x00, 0xfb, 0x00, 0x00, 0x00, 0xf7, 0x01, 0x01, 0x00,
    0xfd, 0x02, 0x03, 0x00, 0xfb, 0x00, 0x02, 0x00, 0xfa, 0x01, 0x01, 0x00, 0xfb, 0x03, 0x02, 0x00,
    0xfc, 0x01, 0x00, 0x00, 0xfd, 0x00, 0x00, 0x00, 0xf6, 0x00, 0x00, 0x00, 0xfd, 0x00, 0x00, 0x00,
    0xff, 0x00, 0x00, 0x00, 0xfb, 0x00, 0x00, 0x00, 0xfa, 0x00, 0x00, 0x00, 0xf7, 0x09, 0x05, 0x00,
    0xd3, 0x22, 0x52, 0x00, 0xd5, 0x1f, 0x4c, 0x00, 0xd8, 0x1f, 0x46, 0x00, 0xdb, 0x1b, 0x41, 0x00,
    0xda, 0x14, 0x3a, 0x00, 0xd7, 0x18, 0x33, 0x00, 0xd3, 0x19, 0x2b, 0x00, 0xd1, 0x20, 0x31, 0x00,
    0xd5, 0x2a, 0x40, 0x00, 0xd5, 0x2d, 0x4b, 0x00, 0xd0, 0x2a, 0x4e, 0x00, 0xd8, 0x2c, 0x4c, 0x00,
    0xd7, 0x26, 0x4d, 0x00, 0xd3, 0x1e, 0x48, 0x00, 0xd4, 0x20, 0x46, 0x00, 0xda, 0x23, 0x49, 0x00,
    0xd6, 0x1b, 0x3d, 0x00, 0xd4, 0x16, 0x35, 0x00, 0xda, 0x0f, 0x20, 0x00, 0xd2, 0x01, 0x09, 0x00,
    0xd8, 0x07, 0x10, 0x00, 0xd4, 0x04, 0x0d, 0x00, 0xd3, 0x02, 0x11, 0x00, 0xd4, 0x02, 0x09, 0x00,
    0xd1, 0x04, 0x05, 0x00, 0xd3, 0x05, 0x06, 0x00, 0xd2, 0x03, 0x02, 0x00, 0xd3, 0x05, 0x06, 0x00,
    0xd4, 0x09, 0x0b, 0x00, 0xd2, 0x07, 0x0c, 0x00, 0xd1, 0x03, 0x0b, 0x00, 0xd4, 0x00, 0x05, 0x00,
    0xd5, 0x00, 0x00, 0x00, 0xcd, 0x00, 0x00, 0x00, 0xd4, 0x00, 0x00, 0x00, 0xd4, 0x00, 0x00, 0x00,
    0xd3, 0x05, 0x09, 0x00, 0xd4, 0x12, 0x1e, 0x00, 0xd7, 0x1a, 0x30, 0x00, 0xda, 0x1c, 0x34, 0x00,
    0xda, 0x27, 0x46, 0x00, 0xd2, 0x29, 0x52, 0x00, 0xd4, 0x2b, 0x53, 0x00, 0xd7, 0x2d, 0x57, 0x00,
    0xe0, 0x33, 0x57, 0x00, 0xd1, 0x2c, 0x5f, 0x00, 0xd9, 0x21, 0x43, 0x00, 0xdd, 0x07, 0x06, 0x00,
    0xd3, 0x00, 0x00, 0x00, 0xd6, 0x00, 0x00, 0x00, 0xda, 0x00, 0x00, 0x00, 0xdd, 0x00, 0x00, 0x00,
    0xe0, 0x01, 0x02, 0x00, 0xcf, 0x00, 0x01, 0x00, 0xd7, 0x11, 0x24, 0x00, 0xdc, 0x1c, 0x3b, 0x00,
    0xd6, 0x1d, 0x38, 0x00, 0x74, 0x3f, 0x85, 0x00, 0x13, 0x28, 0x2f, 0x00, 0x20, 0x1d, 0x1c, 0x00,
    0x11, 0x23, 0x32, 0x00, 0x77, 0x39, 0x5e, 0x00, 0xe7, 0x3d, 0x39, 0x00, 0xd1, 0x40, 0x39, 0x00,
    0xd8, 0x4b, 0x38, 0x00, 0xd9, 0x51, 0x31, 0x00, 0xd4, 0x4f, 0x27, 0x00, 0xd3, 0x51, 0x27, 0x00,
    0xd0, 0x53, 0x28, 0x00, 0xd0, 0x54, 0x29, 0x00, 0xda, 0x49, 0x27, 0x00, 0xe2, 0x3c, 0x22, 0x00,
    0xeb, 0x2b, 0x1b, 0x00, 0xeb, 0x23, 0x14, 0x00, 0xea, 0x1e, 0x0e, 0x00, 0xf2, 0x15, 0x0d, 0x00,
    0xfc, 0x15, 0x15, 0x00, 0xfb, 0x07, 0x08, 0x00, 0xff, 0x02, 0x04, 0x00, 0xfe, 0x02, 0x04, 0x00,
    0xf6, 0x02, 0x02, 0x00, 0xf6, 0x06, 0x02, 0x00, 0xfd, 0x04, 0x01, 0x00, 0xec, 0x0e, 0x12, 0x00,
    0x51, 0x20, 0x5e, 0x00, 0x5a, 0x46, 0xc8, 0x00, 0x79, 0x83, 0xeb, 0x00, 0xd7, 0x38, 0x4b, 0x00,
    0xff, 0x00, 0x00, 0x00, 0xfc, 0x00, 0x01, 0x00, 0xf7, 0x00, 0x00, 0x00, 0xf6, 0x00, 0x00, 0x00,
    0xfc, 0x01, 0x00, 0x00, 0xfc, 0x01, 0x00, 0x00, 0xfc, 0x01, 0x00, 0x00, 0xfd, 0x01, 0x00, 0x00,
    0xfe, 0x00, 0x00, 0x00, 0xfe, 0x00, 0x00, 0x00, 0xfe, 0x00, 0x00, 0x00, 0xfe, 0x00, 0x00, 0x00,
    0xfe, 0x00, 0x00, 0x00, 0xfe, 0x00, 0x00, 0x00, 0xfd, 0x00, 0x00, 0x00, 0xfd, 0x00, 0x00, 0x00,
    0xfe, 0x00, 0x00, 0x00, 0xfe, 0x00, 0x00, 0x00, 0xfe, 0x00, 0x01, 0x00, 0xff, 0x02, 0x03, 0x00,
    0xfe, 0x04, 0x04, 0x00, 0xf7, 0x02, 0x01, 0x00, 0xef, 0x00, 0x00, 0x00, 0xf1, 0x04, 0x03, 0x00,
    0xf9, 0x0b, 0x08, 0x00, 0xf8, 0x0f, 0x08, 0x00, 0xfd, 0x12, 0x0c, 0x00, 0xf7, 0x1a, 0x11, 0x00,
    0xf4, 0x15, 0x0f, 0x00, 0xf6, 0x10, 0x09, 0x00, 0xeb, 0x32, 0x1b, 0x00, 0xd4, 0x58, 0x33, 0x00,
    0xd7, 0x05, 0x05, 0x00, 0xd9, 0x04, 0x03, 0x00, 0xdb, 0x03, 0x00, 0x00, 0xd9, 0x02, 0x00, 0x00,
    0xd3, 0x01, 0x04, 0x00, 0xd6, 0x04, 0x08, 0x00, 0xd7, 0x09, 0x0c, 0x00, 0xdb, 0x04, 0x0a, 0x00,
    0xd7, 0x00, 0x08, 0x00, 0xd4, 0x03, 0x0e, 0x00, 0xd8, 0x0b, 0x1a, 0x00, 0xd2, 0x0c, 0x1f, 0x00,
    0xd2, 0x10, 0x1d, 0x00, 0xd3, 0x15, 0x1c, 0x00, 0xd3, 0x18, 0x25, 0x00, 0xd3, 0x19, 0x34, 0x00,
    0xd8, 0x1b, 0x35, 0x00, 0xdc, 0x1e, 0x37, 0x00, 0xd9, 0x21, 0x3f, 0x00, 0xcd, 0x19, 0x3b, 0x00,
    0xdb, 0x28, 0x48, 0x00, 0xdb, 0x27, 0x48, 0x00, 0xda, 0x22, 0x45, 0x00, 0xd4, 0x1f, 0x3a, 0x00,
    0xd5, 0x1e, 0x3b, 0x00, 0xda, 0x22, 0x45, 0x00, 0xd6, 0x25, 0x48, 0x00, 0xd6, 0x27, 0x4e, 0x00,
    0xd5, 0x28, 0x55, 0x00, 0xd5, 0x2a, 0x5a, 0x00, 0xd7, 0x2a, 0x56, 0x00, 0xd7, 0x25, 0x4b, 0x00,
    0xd8, 0x23, 0x43, 0x00, 0xd7, 0x0d, 0x1b, 0x00, 0xd5, 0x01, 0x03, 0x00, 0xd6, 0x01, 0x00, 0x00,
    0xd6, 0x02, 0x00, 0x00, 0xdd, 0x03, 0x00, 0x00, 0xd0, 0x00, 0x00, 0x00, 0xd0, 0x03, 0x07, 0x00,
    0xd7, 0x1e, 0x3b, 0x00, 0xd4, 0x2b, 0x54, 0x00, 0xd6, 0x29, 0x4f, 0x00, 0xd5, 0x2a, 0x51, 0x00,
    0xcf, 0x26, 0x57, 0x00, 0xe0, 0x1e, 0x33, 0x00, 0xcd, 0x06, 0x0b, 0x00, 0xcd, 0x10, 0x22, 0x00,
    0xd1, 0x12, 0x1f, 0x00, 0xcf, 0x0e, 0x18, 0x00, 0xcd, 0x0b, 0x13, 0x00, 0xce, 0x08, 0x0a, 0x00,
    0xd1, 0x04, 0x03, 0x00, 0xd2, 0x03, 0x00, 0x00, 0xca, 0x02, 0x04, 0x00, 0xda, 0x00, 0x00, 0x00,
    0xae, 0x22, 0x1e, 0x00, 0x5c, 0x73, 0xc4, 0x00, 0x36, 0x4c, 0x6d, 0x00, 0x15, 0x1d, 0x16, 0x00,
    0x30, 0x41, 0x5c, 0x00, 0x76, 0x53, 0x9b, 0x00, 0xce, 0x0e, 0x29, 0x00, 0xdc, 0x1e, 0x4d, 0x00,
    0xd3, 0x2b, 0x56, 0x00, 0xd5, 0x32, 0x4e, 0x00, 0xdb, 0x4a, 0x38, 0x00, 0xd7, 0x50, 0x30, 0x00,
    0xd6, 0x52, 0x2e, 0x00, 0xd4, 0x56, 0x2d, 0x00, 0xd1, 0x5b, 0x2e, 0x00, 0xd2, 0x5d, 0x2c, 0x00,
    0xd5, 0x5e, 0x2a, 0x00, 0xd3, 0x5e, 0x28, 0x00, 0xd2, 0x60, 0x2d, 0x00, 0xdc, 0x5a, 0x2b, 0x00,
    0xe0, 0x3f, 0x1a, 0x00, 0xf1, 0x11, 0x06, 0x00, 0xf5, 0x04, 0x00, 0x00, 0xfa, 0x00, 0x00, 0x00,
    0xff, 0x02, 0x04, 0x00, 0xfc, 0x00, 0x00, 0x00, 0xff, 0x00, 0x00, 0x00, 0xd6, 0x09, 0x24, 0x00,
    0x33, 0x16, 0x6c, 0x00, 0x4a, 0x42, 0x9e, 0x00, 0x47, 0x4f, 0xc5, 0x00, 0xaf, 0x28, 0x51, 0x00,
    0xf5, 0x21, 0x06, 0x00, 0xe7, 0x25, 0x16, 0x00, 0xe9, 0x23, 0x17, 0x00, 0xf5, 0x1c, 0x14, 0x00,
    0xfa, 0x04, 0x03, 0x00, 0xfa, 0x04, 0x02, 0x00, 0xfa, 0x03, 0x02, 0x00, 0xfc, 0x02, 0x02, 0x00,
    0xfe, 0x01, 0x01, 0x00, 0xfe, 0x00, 0x00, 0x00, 0xfd, 0x00, 0x01, 0x00, 0xfd, 0x00, 0x01, 0x00,
    0xfb, 0x00, 0x02, 0x00, 0xfb, 0x00, 0x02, 0x00, 0xff, 0x00, 0x00, 0x00, 0xff, 0x00, 0x00, 0x00,
    0xfe, 0x00, 0x00, 0x00, 0xfe, 0x01, 0x00, 0x00, 0xfb, 0x02, 0x02, 0x00, 0xfc, 0x00, 0x01, 0x00,
    0xfe, 0x00, 0x00, 0x00, 0xfd, 0x00, 0x00, 0x00, 0xfc, 0x01, 0x00, 0x00, 0xfc, 0x0b, 0x05, 0x00,
    0xed, 0x23, 0x13, 0x00, 0xe2, 0x39, 0x1f, 0x00, 0xd5, 0x51, 0x25, 0x00, 0xcf, 0x5a, 0x2a, 0x00,
    0xd4, 0x5a, 0x2b, 0x00, 0xd9, 0x5b, 0x30, 0x00, 0xd5, 0x49, 0x26, 0x00, 0xe9, 0x29, 0x14, 0x00,
    0xd6, 0x1c, 0x34, 0x00, 0xd6, 0x20, 0x3e, 0x00, 0xd4, 0x26, 0x4b, 0x00, 0xd6, 0x28, 0x52, 0x00,
    0xd9, 0x28, 0x52, 0x00, 0xd7, 0x27, 0x50, 0x00, 0xd6, 0x2b, 0x56, 0x00, 0xd3, 0x27, 0x55, 0x00,
    0xd3, 0x26, 0x51, 0x00, 0xd5, 0x29, 0x4f, 0x00, 0xd5, 0x28, 0x4a, 0x00, 0xda, 0x27, 0x53, 0x00,
    0xd8, 0x2c, 0x50, 0x00, 0xd5, 0x2c, 0x55, 0x00, 0xd4, 0x2b, 0x5b, 0x00, 0xd4, 0x2e, 0x58, 0x00,
    0xd2, 0x2d, 0x59, 0x00, 0xd1, 0x2e, 0x5b, 0x00, 0xd3, 0x2b, 0x58, 0x00, 0xd4, 0x28, 0x54, 0x00,
    0xd3, 0x29, 0x54, 0x00, 0xd3, 0x29, 0x55, 0x00, 0xd5, 0x2b, 0x55, 0x00, 0xd9, 0x31, 0x56, 0x00,
    0xd8, 0x2e, 0x56, 0x00, 0xd3, 0x27, 0x58, 0x00, 0xd4, 0x28, 0x5d, 0x00, 0xd9, 0x2a, 0x5a, 0x00,
    0xdd, 0x2a, 0x57, 0x00, 0xd9, 0x2b, 0x56, 0x00, 0xd5, 0x2b, 0x54, 0x00, 0xd4, 0x29, 0x51, 0x00,
    0xd4, 0x29, 0x52, 0x00, 0xd3, 0x11, 0x22, 0x00, 0xca, 0x01, 0x02, 0x00, 0xd1, 0x04, 0x07, 0x00,
    0xd1, 0x06, 0x0d, 0x00, 0xd6, 0x05, 0x05, 0x00, 0xd7, 0x07, 0x09, 0x00, 0xd7, 0x11, 0x22, 0x00,
    0xd7, 0x26, 0x48, 0x00, 0xd1, 0x2a, 0x52, 0x00, 0xd5, 0x2c, 0x52, 0x00, 0xd8, 0x2d, 0x53, 0x00,
    0xd6, 0x2a, 0x57, 0x00, 0xd7, 0x28, 0x51, 0x00, 0xd9, 0x2a, 0x50, 0x00, 0xd7, 0x2c, 0x57, 0x00,
    0xd9, 0x2e, 0x5d, 0x00, 0xda, 0x2c, 0x58, 0x00, 0xdb, 0x2e, 0x5b, 0x00, 0xd8, 0x1e, 0x38, 0x00,
    0xd1, 0x08, 0x09, 0x00, 0xd4, 0x01, 0x00, 0x00, 0xdb, 0x07, 0x0b, 0x00, 0xdc, 0x03, 0x09, 0x00,
    0x99, 0x47, 0x5f, 0x00, 0x58, 0x62, 0xab, 0x00, 0x66, 0x6f, 0xc9, 0x00, 0x5a, 0x7c, 0xb8, 0x00,
    0x68, 0x4d, 0x7d, 0x00, 0x6b, 0x46, 0x82, 0x00, 0xbf, 0x1c, 0x32, 0x00, 0xde, 0x13, 0x23, 0x00,
    0xd3, 0x24, 0x4f, 0x00, 0xd6, 0x27, 0x50, 0x00, 0xd6, 0x2a, 0x4b, 0x00, 0xdb, 0x32, 0x51, 0x00,
    0xd6, 0x34, 0x4a, 0x00, 0xdd, 0x30, 0x43, 0x00, 0xe2, 0x2b, 0x40, 0x00, 0xe3, 0x2e, 0x3b, 0x00,
    0xe0, 0x30, 0x34, 0x00, 0xe2, 0x31, 0x2e, 0x00, 0xe5, 0x3b, 0x32, 0x00, 0xdd, 0x42, 0x2e, 0x00,
    0xdb, 0x3e, 0x24, 0x00, 0xe2, 0x39, 0x1c, 0x00, 0xe5, 0x3f, 0x23, 0x00, 0xe7, 0x31, 0x1f, 0x00,
    0xea, 0x14, 0x0d, 0x00, 0xec, 0x14, 0x16, 0x00, 0xed, 0x1f, 0x16, 0x00, 0xba, 0x21, 0x40, 0x00,
    0x1c, 0x15, 0x8b, 0x00, 0x5d, 0x5d, 0xea, 0x00, 0x76, 0x78, 0xdd, 0x00, 0xab, 0x54, 0x63, 0x00,
    0xcf, 0x4c, 0x1b, 0x00, 0xdd, 0x51, 0x29, 0x00, 0xf2, 0x37, 0x1e, 0x00, 0xfa, 0x16, 0x0b, 0x00,
    0xff, 0x00, 0x00, 0x00, 0xff, 0x00, 0x00, 0x00, 0xff, 0x00, 0x00, 0x00, 0xff, 0x00, 0x00, 0x00,
    0xfd, 0x00, 0x00, 0x00, 0xfc, 0x03, 0x02, 0x00, 0xff, 0x04, 0x00, 0x00, 0xff, 0x02, 0x00, 0x00,
    0xff, 0x01, 0x00, 0x00, 0xff, 0x00, 0x00, 0x00, 0xf0, 0x00, 0x05, 0x00, 0xfc, 0x01, 0x00, 0x00,
    0xfd, 0x00, 0x00, 0x00, 0xfd, 0x00, 0x00, 0x00, 0xfb, 0x00, 0x03, 0x00, 0xf6, 0x08, 0x07, 0x00,
    0xf2, 0x17, 0x0d, 0x00, 0xe0, 0x31, 0x1e, 0x00, 0xd5, 0x49, 0x23, 0x00, 0xd8, 0x52, 0x29, 0x00,
    0xd6, 0x57, 0x2b, 0x00, 0xd2, 0x54, 0x28, 0x00, 0xe6, 0x35, 0x21, 0x00, 0xf3, 0x20, 0x11, 0x00,
    0xef, 0x1b, 0x0d, 0x00, 0xec, 0x1e, 0x10, 0x00, 0xf5, 0x0d, 0x08, 0x00, 0xfa, 0x00, 0x01, 0x00,
    0xd8, 0x10, 0x22, 0x00, 0xd5, 0x0f, 0x20, 0x00, 0xd2, 0x0e, 0x1d, 0x00, 0xd0, 0x0f, 0x1d, 0x00,
    0xcf, 0x0b, 0x13, 0x00, 0xd0, 0x09, 0x0c, 0x00, 0xd0, 0x16, 0x2b, 0x00, 0xd3, 0x22, 0x45, 0x00,
    0xd6, 0x23, 0x47, 0x00, 0xd6, 0x24, 0x46, 0x00, 0xd6, 0x23, 0x45, 0x00, 0xd9, 0x27, 0x4e, 0x00,
    0xd9, 0x29, 0x51, 0x00, 0xd7, 0x2a, 0x55, 0x00, 0xd7, 0x2a, 0x57, 0x00, 0xd7, 0x2a, 0x56, 0x00,
    0xd8, 0x2c, 0x58, 0x00, 0xd9, 0x2d, 0x59, 0x00, 0xd8, 0x2d, 0x57, 0x00, 0xd9, 0x2d, 0x56, 0x00,
    0xd8, 0x2c, 0x56, 0x00, 0xd8, 0x2c, 0x56, 0x00, 0xd6, 0x2d, 0x56, 0x00, 0xd5, 0x2d, 0x55, 0x00,
    0xd5, 0x2d, 0x56, 0x00, 0xd6, 0x2d, 0x56, 0x00, 0xd3, 0x25, 0x4d, 0x00, 0xd8, 0x27, 0x46, 0x00,
    0xd4, 0x1e, 0x37, 0x00, 0xd3, 0x11, 0x24, 0x00, 0xd6, 0x0b, 0x18, 0x00, 0xd3, 0x05, 0x0b, 0x00,
    0xd6, 0x03, 0x05, 0x00, 0xd4, 0x03, 0x00, 0x00, 0xd6, 0x00, 0x00, 0x00, 0xd9, 0x03, 0x03, 0x00,
    0xd6, 0x16, 0x26, 0x00, 0xd4, 0x28, 0x50, 0x00, 0xdb, 0x2e, 0x57, 0x00, 0xd4, 0x2b, 0x58, 0x00,
    0xd5, 0x25, 0x53, 0x00, 0xd6, 0x2b, 0x52, 0x00, 0xce, 0x25, 0x42, 0x00, 0xcf, 0x10, 0x28, 0x00,
    0xd4, 0x0b, 0x15, 0x00, 0xd1, 0x0b, 0x17, 0x00, 0xcf, 0x0a, 0x16, 0x00, 0xd0, 0x09, 0x14, 0x00,
    0xd0, 0x0b, 0x1b, 0x00, 0xd5, 0x0c, 0x15, 0x00, 0xda, 0x10, 0x1e, 0x00, 0xd4, 0x03, 0x0e, 0x00,
    0xd6, 0x00, 0x00, 0x00, 0xd4, 0x00, 0x01, 0x00, 0xd1, 0x00, 0x02, 0x00, 0xd3, 0x00, 0x00, 0x00,
    0xaf, 0x32, 0x42, 0x00, 0x51, 0x53, 0x8c, 0x00, 0x6d, 0x71, 0xbc, 0x00, 0x7d, 0x7d, 0xd4, 0x00,
    0x53, 0x56, 0x90, 0x00, 0x59, 0x2a, 0x68, 0x00, 0xd5, 0x06, 0x0a, 0x00, 0xd1, 0x01, 0x00, 0x00,
    0xd3, 0x03, 0x04, 0x00, 0xd9, 0x07, 0x07, 0x00, 0xd8, 0x00, 0x00, 0x00, 0xe4, 0x03, 0x19, 0x00,
    0xcc, 0x20, 0x48, 0x00, 0xb4, 0x3f, 0x68, 0x00, 0xad, 0x53, 0x79, 0x00, 0xa5, 0x5c, 0x7f, 0x00,
    0xa2, 0x67, 0x88, 0x00, 0x8c, 0x78, 0x8f, 0x00, 0x8b, 0x92, 0x9c, 0x00, 0x88, 0x93, 0x9b, 0x00,
    0x6f, 0xb5, 0xaf, 0x00, 0x66, 0xc9, 0xbe, 0x00, 0x72, 0xc6, 0xbd, 0x00, 0x72, 0xc0, 0xb9, 0x00,
    0x77, 0xa0, 0x9e, 0x00, 0x72, 0x9a, 0x95, 0x00, 0x65, 0xa6, 0xa8, 0x00, 0x53, 0x68, 0x9a, 0x00,
    0x2f, 0x16, 0x89, 0x00, 0x55, 0x52, 0xce, 0x00, 0x56, 0x54, 0xae, 0x00, 0x68, 0x6c, 0x89, 0x00,
    0x78, 0x8c, 0x87, 0x00, 0x89, 0x7f, 0x7d, 0x00, 0x97, 0x68, 0x64, 0x00, 0xa3, 0x5f, 0x5a, 0x00,
    0xb1, 0x56, 0x53, 0x00, 0xc3, 0x4f, 0x4d, 0x00, 0xc7, 0x3c, 0x39, 0x00, 0xd4, 0x16, 0x1d, 0x00,
    0xf6, 0x05, 0x0b, 0x00, 0xff, 0x00, 0x00, 0x00, 0xf4, 0x00, 0x03, 0x00, 0xcd, 0x00, 0x0c, 0x00,
    0xa5, 0x0b, 0x2e, 0x00, 0x64, 0x09, 0x41, 0x00, 0x35, 0x06, 0x75, 0x00, 0x78, 0x03, 0x5e, 0x00,
    0xf8, 0x18, 0x0a, 0x00, 0xfd, 0x1a, 0x19, 0x00, 0xe9, 0x3c, 0x10, 0x00, 0xdf, 0x50, 0x33, 0x00,
    0xd8, 0x54, 0x2a, 0x00, 0xdd, 0x51, 0x28, 0x00, 0xda, 0x3f, 0x1b, 0x00, 0xe4, 0x3f, 0x22, 0x00,
    0xed, 0x2a, 0x18, 0x00, 0xf6, 0x08, 0x03, 0x00, 0xff, 0x00, 0x00, 0x00, 0xff, 0x00, 0x00, 0x00,
    0xfe, 0x00, 0x00, 0x00, 0xff, 0x00, 0x01, 0x00, 0xfd, 0x00, 0x02, 0x00, 0xff, 0x00, 0x01, 0x00,
    0xd1, 0x00, 0x00, 0x00, 0xd4, 0x00, 0x00, 0x00, 0xd7, 0x00, 0x00, 0x00, 0xd6, 0x01, 0x00, 0x00,
    0xd5, 0x02, 0x00, 0x00, 0xda, 0x03, 0x00, 0x00, 0xd0, 0x01, 0x03, 0x00, 0xd0, 0x01, 0x02, 0x00,
    0xd3, 0x01, 0x00, 0x00, 0xd2, 0x01, 0x00, 0x00, 0xd3, 0x01, 0x00, 0x00, 0xd4, 0x06, 0x0c, 0x00,
    0xd5, 0x09, 0x11, 0x00, 0xd5, 0x0d, 0x18, 0x00, 0xd5, 0x0e, 0x1b, 0x00, 0xd4, 0x0e, 0x19, 0x00,
    0xd4, 0x0e, 0x1a, 0x00, 0xd6, 0x0f, 0x1a, 0x00, 0xd3, 0x11, 0x23, 0x00, 0xd1, 0x12, 0x28, 0x00,
    0xd1, 0x13, 0x27, 0x00, 0xd1, 0x13, 0x27, 0x00, 0xd1, 0x17, 0x31, 0x00, 0xd1, 0x18, 0x33, 0x00,
    0xcf, 0x17, 0x32, 0x00, 0xd6, 0x19, 0x31, 0x00, 0xd8, 0x0f, 0x1d, 0x00, 0xcc, 0x05, 0x0d, 0x00,
    0xd6, 0x09, 0x0f, 0x00, 0xd6, 0x0b, 0x11, 0x00, 0xd2, 0x0c, 0x16, 0x00, 0xd3, 0x15, 0x2b, 0x00,
    0xd9, 0x23, 0x42, 0x00, 0xcf, 0x20, 0x44, 0x00, 0xd8, 0x1a, 0x39, 0x00, 0xdc, 0x17, 0x2e, 0x00,
    0xd8, 0x18, 0x2a, 0x00, 0xd9, 0x1a, 0x35, 0x00, 0xd1, 0x14, 0x32, 0x00, 0xd7, 0x1c, 0x39, 0x00,
    0xde, 0x25, 0x50, 0x00, 0xda, 0x2c, 0x5b, 0x00, 0xd7, 0x28, 0x4e, 0x00, 0xd8, 0x1b, 0x3e, 0x00,
    0xdb, 0x15, 0x2d, 0x00, 0xdc, 0x15, 0x2a, 0x00, 0xda, 0x14, 0x28, 0x00, 0xdb, 0x15, 0x2b, 0x00,
    0xd1, 0x0c, 0x18, 0x00, 0xcf, 0x00, 0x00, 0x00, 0xd5, 0x00, 0x00, 0x00, 0xd0, 0x00, 0x00, 0x00,
    0xd3, 0x05, 0x0c, 0x00, 0xdc, 0x13, 0x22, 0x00, 0xd2, 0x14, 0x28, 0x00, 0xd6, 0x11, 0x27, 0x00,
    0xc4, 0x07, 0x14, 0x00, 0x94, 0x6c, 0x82, 0x00, 0xe3, 0xe9, 0xe3, 0x00, 0xda, 0xdb, 0xc8, 0x00,
    0xd7, 0xea, 0xf3, 0x00, 0x97, 0x47, 0x55, 0x00, 0xdc, 0x00, 0x00, 0x00, 0xda, 0x04, 0x05, 0x00,
    0xd6, 0x00, 0x00, 0x00, 0xd8, 0x00, 0x00, 0x00, 0xb9, 0x3c, 0x38, 0x00, 0x6e, 0x93, 0x85, 0x00,
    0x6f, 0xbd, 0xba, 0x00, 0x52, 0xda, 0xd3, 0x00, 0x4b, 0xe6, 0xde, 0x00, 0x55, 0xeb, 0xe4, 0x00,
    0x5c, 0xf2, 0xeb, 0x00, 0x64, 0xf2, 0xee, 0x00, 0x61, 0xfd, 0xf7, 0x00, 0x65, 0xff, 0xff, 0x00,
    0x7b, 0xfc, 0xf7, 0x00, 0x74, 0xd9, 0xd6, 0x00, 0x78, 0xb2, 0xb5, 0x00, 0x6b, 0x9a, 0x9e, 0x00,
    0x72, 0x97, 0x9f, 0x00, 0x73, 0x9a, 0x99, 0x00, 0x84, 0xa0, 0xa1, 0x00, 0x37, 0x31, 0x78, 0x00,
    0x31, 0x1c, 0xae, 0x00, 0x62, 0x61, 0xe4, 0x00, 0x8a, 0x76, 0xd3, 0x00, 0x75, 0x88, 0xa4, 0x00,
    0x6e, 0xa1, 0xa2, 0x00, 0x61, 0xa1, 0xa6, 0x00, 0x5e, 0xa9, 0xa5, 0x00, 0x68, 0xa6, 0xa2, 0x00,
    0x6b, 0xa7, 0xa5, 0x00, 0x5f, 0xc8, 0xc5, 0x00, 0x6f, 0xfb, 0xf6, 0x00, 0x72, 0xe5, 0xe7, 0x00,
    0x83, 0xc9, 0xc4, 0x00, 0x8c, 0x9b, 0x8f, 0x00, 0x76, 0x75, 0x96, 0x00, 0x37, 0x4c, 0x86, 0x00,
    0x24, 0x1d, 0x8f, 0x00, 0x2c, 0x0c, 0x91, 0x00, 0x16, 0x00, 0x72, 0x00, 0x2e, 0x09, 0x59, 0x00,
    0xbf, 0x4a, 0x28, 0x00, 0xbc, 0x5b, 0x26, 0x00, 0x8c, 0x3a, 0x4e, 0x00, 0xc8, 0x51, 0x2a, 0x00,
    0xe3, 0x5b, 0x1d, 0x00, 0xec, 0x3b, 0x18, 0x00, 0xfa, 0x0a, 0x09, 0x00, 0xf4, 0x06, 0x01, 0x00,
    0xf4, 0x06, 0x03, 0x00, 0xf8, 0x0a, 0x09, 0x00, 0xf3, 0x10, 0x06, 0x00, 0xf3, 0x0d, 0x03, 0x00,
    0xf5, 0x08, 0x02, 0x00, 0xf3, 0x04, 0x00, 0x00, 0xf1, 0x1d, 0x0c, 0x00, 0xe3, 0x36, 0x1d, 0x00,
    0xd0, 0x0a, 0x0d, 0x00, 0xd2, 0x07, 0x08, 0x00, 0xd4, 0x02, 0x02, 0x00, 0xd3, 0x00, 0x00, 0x00,
    0xd1, 0x00, 0x00, 0x00, 0xd8, 0x00, 0x00, 0x00, 0xdc, 0x01, 0x00, 0x00, 0xd8, 0x00, 0x00, 0x00,
    0xd7, 0x01, 0x02, 0x00, 0xd6, 0x01, 0x02, 0x00, 0xd6, 0x01, 0x02, 0x00, 0xd8, 0x02, 0x00, 0x00,
    0xd7, 0x00, 0x00, 0x00, 0xd3, 0x00, 0x00, 0x00, 0xd2, 0x00, 0x00, 0x00, 0xd3, 0x00, 0x00, 0x00,
    0xd4, 0x00, 0x00, 0x00, 0xd5, 0x00, 0x00, 0x00, 0xd6, 0x00, 0x00, 0x00, 0xd5, 0x00, 0x00, 0x00,
    0xd5, 0x00, 0x00, 0x00, 0xd5, 0x00, 0x00, 0x00, 0xd5, 0x00, 0x00, 0x00, 0xd5, 0x00, 0x00, 0x00,
    0xd5, 0x00, 0x00, 0x00, 0xd6, 0x00, 0x00, 0x00, 0xd5, 0x00, 0x00, 0x00, 0xda, 0x04, 0x04, 0x00,
    0xda, 0x04, 0x04, 0x00, 0xd6, 0x02, 0x04, 0x00, 0xd5, 0x02, 0x08, 0x00, 0xcf, 0x03, 0x0f, 0x00,
    0xd0, 0x0a, 0x1b, 0x00, 0xd5, 0x0f, 0x1b, 0x00, 0xd8, 0x13, 0x28, 0x00, 0xd6, 0x1a, 0x38, 0x00,
    0xd3, 0x21, 0x40, 0x00, 0xd2, 0x26, 0x44, 0x00, 0xd1, 0x25, 0x47, 0x00, 0xd2, 0x29, 0x4d, 0x00,
    0xd1, 0x27, 0x4f, 0x00, 0xd1, 0x26, 0x4f, 0x00, 0xd4, 0x29, 0x4f, 0x00, 0xd8, 0x2a, 0x4e, 0x00,
    0xd7, 0x2f, 0x59, 0x00, 0xd7, 0x30, 0x5b, 0x00, 0xd5, 0x2f, 0x5b, 0x00, 0xd7, 0x2b, 0x53, 0x00,
    0xd5, 0x0e, 0x20, 0x00, 0xd3, 0x03, 0x09, 0x00, 0xd5, 0x03, 0x04, 0x00, 0xd0, 0x00, 0x03, 0x00,
    0xd4, 0x06, 0x0c, 0x00, 0xda, 0x10, 0x1b, 0x00, 0xd0, 0x10, 0x1b, 0x00, 0xda, 0x15, 0x27, 0x00,
    0xce, 0x0a, 0x1a, 0x00, 0xce, 0xa0, 0x96, 0x00, 0xda, 0xef, 0xee, 0x00, 0x97, 0x7a, 0x86, 0x00,
    0xe0, 0xe8, 0xeb, 0x00, 0xb6, 0x5c, 0x64, 0x00, 0xdf, 0x0b, 0x23, 0x00, 0xe3, 0x0f, 0x26, 0x00,
    0xbf, 0x2c, 0x3c, 0x00, 0x7a, 0x83, 0x80, 0x00, 0x34, 0xcc, 0xd3, 0x00, 0x1e, 0xe7, 0xee, 0x00,
    0x58, 0xe6, 0xe7, 0x00, 0x6c, 0xe8, 0xdd, 0x00, 0x68, 0xe0, 0xdf, 0x00, 0x6a, 0xe0, 0xde, 0x00,
    0x6f, 0xde, 0xde, 0x00, 0x6a, 0xe0, 0xde, 0x00, 0x7c, 0xf0, 0xee, 0x00, 0x81, 0xcf, 0xd0, 0x00,
    0x80, 0x9f, 0xa5, 0x00, 0x7b, 0x94, 0x92, 0x00, 0x70, 0x8b, 0x86, 0x00, 0x6f, 0xa0, 0x98, 0x00,
    0x71, 0x9a, 0x94, 0x00, 0x6d, 0x99, 0x98, 0x00, 0x74, 0x9e, 0x99, 0x00, 0x6b, 0x82, 0xa1, 0x00,
    0x5e, 0x6a, 0xb7, 0x00, 0x66, 0x83, 0xc4, 0x00, 0x79, 0x84, 0xae, 0x00, 0x73, 0x94, 0x9a, 0x00,
    0x6f, 0x9d, 0x94, 0x00, 0x79, 0x97, 0x93, 0x00, 0x79, 0x95, 0x91, 0x00, 0x76, 0x9b, 0x96, 0x00,
    0x73, 0x93, 0x8f, 0x00, 0x78, 0x8e, 0x91, 0x00, 0x87, 0xe8, 0xe9, 0x00, 0x87, 0xff, 0xff, 0x00,
    0x82, 0xff, 0xff, 0x00, 0x7a, 0xff, 0xff, 0x00, 0x79, 0xff, 0xff, 0x00, 0x82, 0xf9, 0xf9, 0x00,
    0x6e, 0xdc, 0xe6, 0x00, 0x56, 0xab, 0xc1, 0x00, 0x44, 0x59, 0x95, 0x00, 0x1c, 0x2a, 0x65, 0x00,
    0x35, 0x10, 0x85, 0x00, 0x38, 0x13, 0x5e, 0x00, 0x2f, 0x01, 0xa7, 0x00, 0x40, 0x0e, 0x66, 0x00,
    0x9a, 0x38, 0x45, 0x00, 0xb4, 0x4a, 0x2c, 0x00, 0xd1, 0x52, 0x25, 0x00, 0xda, 0x54, 0x2a, 0x00,
    0xd7, 0x54, 0x2a, 0x00, 0xd3, 0x50, 0x26, 0x00, 0xd8, 0x50, 0x2a, 0x00, 0xdb, 0x4e, 0x28, 0x00,
    0xdc, 0x49, 0x24, 0x00, 0xdf, 0x46, 0x21, 0x00, 0xdc, 0x4e, 0x24, 0x00, 0xd2, 0x5c, 0x2e, 0x00,
    0xd7, 0x2d, 0x52, 0x00, 0xd6, 0x2b, 0x4f, 0x00, 0xd0, 0x20, 0x45, 0x00, 0xd4, 0x1f, 0x43, 0x00,
    0xd3, 0x1a, 0x3b, 0x00, 0xcf, 0x11, 0x2c, 0x00, 0xd4, 0x0e, 0x1f, 0x00, 0xd8, 0x0d, 0x15, 0x00,
    0xd0, 0x02, 0x05, 0x00, 0xd7, 0x02, 0x05, 0x00, 0xd7, 0x01, 0x02, 0x00, 0xd2, 0x00, 0x02, 0x00,
    0xd1, 0x00, 0x04, 0x00, 0xd0, 0x01, 0x08, 0x00, 0xd3, 0x02, 0x08, 0x00, 0xd5, 0x02, 0x01, 0x00,
    0xd5, 0x03, 0x02, 0x00, 0xd6, 0x04, 0x02, 0x00, 0xd4, 0x02, 0x04, 0x00, 0xd2, 0x01, 0x04, 0x00,
    0xd3, 0x01, 0x04, 0x00, 0xd3, 0x01, 0x04, 0x00, 0xd4, 0x01, 0x03, 0x00, 0xd5, 0x01, 0x03, 0x00,
    0xd4, 0x01, 0x03, 0x00, 0xd6, 0x01, 0x03, 0x00, 0xd6, 0x01, 0x01, 0x00, 0xd7, 0x02, 0x03, 0x00,
    0xd5, 0x02, 0x03, 0x00, 0xd2, 0x01, 0x03, 0x00, 0xd2, 0x01, 0x03, 0x00, 0xd2, 0x00, 0x00, 0x00,
    0xd6, 0x01, 0x00, 0x00, 0xd7, 0x01, 0x00, 0x00, 0xd1, 0x00, 0x00, 0x00, 0xd2, 0x00, 0x00, 0x00,
    0xd7, 0x03, 0x00, 0x00, 0xd5, 0x05, 0x0b, 0x00, 0xd9, 0x09, 0x10, 0x00, 0xd7, 0x09, 0x11, 0x00,
    0xd2, 0x05, 0x0c, 0x00, 0xd4, 0x02, 0x07, 0x00, 0xdb, 0x04, 0x06, 0x00, 0xd8, 0x04, 0x05, 0x00,
    0xd4, 0x04, 0x09, 0x00, 0xd4, 0x03, 0x07, 0x00, 0xd7, 0x04, 0x07, 0x00, 0xd7, 0x05, 0x04, 0x00,
    0xd4, 0x00, 0x00, 0x00, 0xd5, 0x01, 0x02, 0x00, 0xd9, 0x06, 0x06, 0x00, 0xcf, 0x04, 0x04, 0x00,
    0xdc, 0x02, 0x00, 0x00, 0xcc, 0x00, 0x00, 0x00, 0xcd, 0x00, 0x00, 0x00, 0xd8, 0x04, 0x06, 0x00,
    0xe2, 0x00, 0x00, 0x00, 0x85, 0x39, 0x5a, 0x00, 0x7c, 0x4c, 0x6a, 0x00, 0xc7, 0x02, 0x05, 0x00,
    0x57, 0x54, 0x8a, 0x00, 0x8a, 0x47, 0x6e, 0x00, 0xae, 0x53, 0x7a, 0x00, 0x7e, 0x8f, 0x9e, 0x00,
    0x44, 0xcd, 0xd0, 0x00, 0x31, 0xd4, 0xd8, 0x00, 0x40, 0xc0, 0xbb, 0x00, 0x4e, 0xca, 0xc8, 0x00,
    0x30, 0xd1, 0xd0, 0x00, 0x37, 0xd7, 0xd5, 0x00, 0x4c, 0xdf, 0xdb, 0x00, 0x57, 0xe1, 0xde, 0x00,
    0x66, 0xe4, 0xe4, 0x00, 0x6a, 0xe7, 0xe4, 0x00, 0x70, 0xd4, 0xcf, 0x00, 0x6e, 0xab, 0xac, 0x00,
    0x73, 0xc0, 0xbc, 0x00, 0x75, 0xe1, 0xdd, 0x00, 0x75, 0xe7, 0xe3, 0x00, 0x7e, 0xe9, 0xe6, 0x00,
    0x6f, 0x9e, 0xa3, 0x00, 0x77, 0x95, 0x93, 0x00, 0x6c, 0xa0, 0x9b, 0x00, 0x77, 0x9d, 0x8e, 0x00,
    0x78, 0xb2, 0xaa, 0x00, 0x8d, 0xfb, 0xf5, 0x00, 0x75, 0xca, 0xc0, 0x00, 0x6f, 0x97, 0x91, 0x00,
    0x75, 0x95, 0x91, 0x00, 0x79, 0xc8, 0xc8, 0x00, 0x7e, 0xe0, 0xde, 0x00, 0x66, 0x99, 0x9d, 0x00,
    0x66, 0x9d, 0xa0, 0x00, 0x6c, 0xcd, 0xcd, 0x00, 0x79, 0xfc, 0xfa, 0x00, 0x76, 0xfa, 0xfa, 0x00,
    0x7d, 0xfa, 0xfc, 0x00, 0x80, 0xfc, 0xf5, 0x00, 0x79, 0xfc, 0xf9, 0x00, 0x75, 0xfd, 0xf9, 0x00,
    0xa5, 0xff, 0xfd, 0x00, 0xc0, 0xff, 0xfc, 0x00, 0x81, 0xff, 0xf6, 0x00, 0x68, 0xe5, 0xde, 0x00,
    0x56, 0xa4, 0xbd, 0x00, 0x2d, 0x37, 0x91, 0x00, 0x31, 0x19, 0x96, 0x00, 0x23, 0x17, 0x98, 0x00,
    0x1c, 0x01, 0x94, 0x00, 0x6c, 0x28, 0x4e, 0x00, 0xdb, 0x5a, 0x25, 0x00, 0xd3, 0x54, 0x30, 0x00,
    0xd8, 0x53, 0x2b, 0x00, 0xd8, 0x52, 0x29, 0x00, 0xd4, 0x56, 0x2a, 0x00, 0xd3, 0x57, 0x2b, 0x00,
    0xd3, 0x58, 0x2b, 0x00, 0xd3, 0x5a, 0x2e, 0x00, 0xd4, 0x57, 0x2c, 0x00, 0xda, 0x53, 0x2b, 0x00,
    0xd7, 0x28, 0x55, 0x00, 0xd2, 0x2c, 0x56, 0x00, 0xd5, 0x2b, 0x55, 0x00, 0xdc, 0x2b, 0x55, 0x00,
    0xdb, 0x26, 0x49, 0x00, 0xd9, 0x1e, 0x39, 0x00, 0xd7, 0x18, 0x2c, 0x00, 0xd9, 0x13, 0x1a, 0x00,
    0xd5, 0x03, 0x03, 0x00, 0xd9, 0x02, 0x03, 0x00, 0xd5, 0x02, 0x01, 0x00, 0xd9, 0x01, 0x00, 0x00,
    0xd7, 0x00, 0x00, 0x00, 0xd7, 0x01, 0x01, 0x00, 0xd6, 0x01, 0x02, 0x00, 0xd5, 0x01, 0x01, 0x00,
    0xd5, 0x01, 0x01, 0x00, 0xd5, 0x01, 0x01, 0x00, 0xd5, 0x01, 0x01, 0x00, 0xd5, 0x01, 0x01, 0x00,
    0xd5, 0x01, 0x01, 0x00, 0xd5, 0x01, 0x01, 0x00, 0xd5, 0x01, 0x01, 0x00, 0xd5, 0x01, 0x01, 0x00,
    0xd5, 0x01, 0x01, 0x00, 0xd5, 0x01, 0x01, 0x00, 0xd5, 0x01, 0x01, 0x00, 0xd5, 0x01, 0x01, 0x00,
    0xd5, 0x01, 0x01, 0x00, 0xd5, 0x01, 0x01, 0x00, 0xd5, 0x01, 0x01, 0x00, 0xd6, 0x01, 0x02, 0x00,
    0xd5, 0x01, 0x02, 0x00, 0xd4, 0x01, 0x02, 0x00, 0xd5, 0x01, 0x02, 0x00, 0xd5, 0x01, 0x02, 0x00,
    0xd5, 0x01, 0x01, 0x00, 0xd6, 0x00, 0x00, 0x00, 0xd5, 0x00, 0x00, 0x00, 0xd5, 0x00, 0x00, 0x00,
    0xd3, 0x00, 0x00, 0x00, 0xd8, 0x01, 0x00, 0x00, 0xd8, 0x03, 0x06, 0x00, 0xd3, 0x0b, 0x16, 0x00,
    0xd9, 0x0b, 0x14, 0x00, 0xdb, 0x0c, 0x17, 0x00, 0xd7, 0x0e, 0x1b, 0x00, 0xd1, 0x0e, 0x1c, 0x00,
    0xd4, 0x10, 0x1e, 0x00, 0xd1, 0x00, 0x00, 0x00, 0xd6, 0x00, 0x00, 0x00, 0xd6, 0x03, 0x00, 0x00,
    0xd7, 0x0c, 0x09, 0x00, 0xd8, 0x06, 0x0d, 0x00, 0xe3, 0x06, 0x1b, 0x00, 0xd8, 0x1f, 0x39, 0x00,
    0xc5, 0x3b, 0x45, 0x00, 0x72, 0x5c, 0x7d, 0x00, 0x58, 0x69, 0xa6, 0x00, 0x6d, 0xa1, 0x98, 0x00,
    0x60, 0x6c, 0xb4, 0x00, 0x4f, 0xc6, 0xd6, 0x00, 0x28, 0xe2, 0xd8, 0x00, 0x28, 0xd3, 0xcb, 0x00,
    0x3e, 0xc7, 0xc4, 0x00, 0x4e, 0xbc, 0xbd, 0x00, 0x4d, 0xbf, 0xbe, 0x00, 0x50, 0xbf, 0xbd, 0x00,
    0x4d, 0xc3, 0xc1, 0x00, 0x3c, 0xc7, 0xc3, 0x00, 0x39, 0xc9, 0xc8, 0x00, 0x3f, 0xce, 0xce, 0x00,
    0x46, 0xd4, 0xd4, 0x00, 0x4b, 0xda, 0xd9, 0x00, 0x4f, 0xe0, 0xde, 0x00, 0x5d, 0xe7, 0xe6, 0x00,
    0x67, 0xe7, 0xe8, 0x00, 0x69, 0xe4, 0xe4, 0x00, 0x7d, 0xee, 0xee, 0x00, 0x77, 0xf0, 0xef, 0x00,
    0x82, 0xe8, 0xe9, 0x00, 0x77, 0xb8, 0xb6, 0x00, 0x74, 0x8f, 0x8c, 0x00, 0x6f, 0xa3, 0x9f, 0x00,
    0x7d, 0xeb, 0xe9, 0x00, 0x7d, 0xff, 0xff, 0x00, 0x81, 0xf8, 0xf5, 0x00, 0x75, 0xc7, 0xc5, 0x00,
    0x69, 0xa4, 0xa2, 0x00, 0x76, 0xe3, 0xe4, 0x00, 0x8e, 0xff, 0xff, 0x00, 0xa9, 0xe3, 0xe0, 0x00,
    0xb8, 0xf7, 0xf6, 0x00, 0xb2, 0xff, 0xff, 0x00, 0xb3, 0xfc, 0xfc, 0x00, 0xbb, 0xfd, 0xfe, 0x00,
    0xb5, 0xfe, 0xff, 0x00, 0xb8, 0xfe, 0xff, 0x00, 0xb8, 0xfd, 0xff, 0x00, 0xcf, 0xfa, 0xff, 0x00,
    0xf4, 0xfd, 0xfc, 0x00, 0xff, 0xf9, 0xfc, 0x00, 0xbb, 0xfb, 0xff, 0x00, 0x7a, 0xff, 0xff, 0x00,
    0x6f, 0xff, 0xf4, 0x00, 0x7f, 0xed, 0xee, 0x00, 0x5d, 0x73, 0xa6, 0x00, 0x80, 0x08, 0x38, 0x00,
    0xbb, 0x38, 0x19, 0x00, 0xd5, 0x58, 0x28, 0x00, 0xdc, 0x50, 0x2e, 0x00, 0xd5, 0x53, 0x29, 0x00,
    0xd7, 0x53, 0x2b, 0x00, 0xd7, 0x53, 0x2b, 0x00, 0xd4, 0x54, 0x2b, 0x00, 0xd4, 0x53, 0x2b, 0x00,
    0xd5, 0x54, 0x2b, 0x00, 0xd5, 0x53, 0x2b, 0x00, 0xd8, 0x53, 0x2b, 0x00, 0xd7, 0x54, 0x2b, 0x00,
    0xd7, 0x2a, 0x59, 0x00, 0xd9, 0x2d, 0x54, 0x00, 0xd9, 0x26, 0x45, 0x00, 0xca, 0x07, 0x1d, 0x00,
    0xd1, 0x03, 0x08, 0x00, 0xd3, 0x00, 0x03, 0x00, 0xd4, 0x00, 0x00, 0x00, 0xd5, 0x00, 0x00, 0x00,
    0xd9, 0x01, 0x02, 0x00, 0xd5, 0x02, 0x05, 0x00, 0xc6, 0x02, 0x04, 0x00, 0xcc, 0x02, 0x07, 0x00,
    0xd3, 0x03, 0x0a, 0x00, 0xd4, 0x03, 0x06, 0x00, 0xd2, 0x01, 0x02, 0x00, 0xd6, 0x01, 0x01, 0x00,
    0xd5, 0x01, 0x01, 0x00, 0xd5, 0x01, 0x01, 0x00, 0xd5, 0x01, 0x01, 0x00, 0xd5, 0x01, 0x01, 0x00,
    0xd5, 0x01, 0x01, 0x00, 0xd5, 0x01, 0x01, 0x00, 0xd5, 0x01, 0x01, 0x00, 0xd5, 0x01, 0x01, 0x00,
    0xd5, 0x01, 0x01, 0x00, 0xd5, 0x01, 0x01, 0x00, 0xd5, 0x01, 0x01, 0x00, 0xd5, 0x01, 0x01, 0x00,
    0xd5, 0x01, 0x01, 0x00, 0xd5, 0x01, 0x01, 0x00, 0xd5, 0x01, 0x01, 0x00, 0xd5, 0x01, 0x01, 0x00,
    0xd5, 0x01, 0x01, 0x00, 0xd5, 0x01, 0x01, 0x00, 0xd5, 0x01, 0x01, 0x00, 0xd5, 0x01, 0x01, 0x00,
    0xd5, 0x01, 0x01, 0x00, 0xd5, 0x01, 0x02, 0x00, 0xd5, 0x01, 0x02, 0x00, 0xd5, 0x01, 0x01, 0x00,
    0xd6, 0x03, 0x03, 0x00, 0xcf, 0x00, 0x00, 0x00, 0xd0, 0x00, 0x01, 0x00, 0xd9, 0x06, 0x0a, 0x00,
    0xd5, 0x03, 0x09, 0x00, 0xd1, 0x0a, 0x1b, 0x00, 0xd3, 0x1d, 0x3e, 0x00, 0xd5, 0x2d, 0x59, 0x00,
    0xd5, 0x27, 0x4c, 0x00, 0xd9, 0x0e, 0x1b, 0x00, 0xda, 0x15, 0x2c, 0x00, 0xd0, 0x15, 0x2a, 0x00,
    0xd6, 0x0d, 0x11, 0x00, 0xc8, 0x20, 0x2f, 0x00, 0x80, 0x8d, 0xa1, 0x00, 0x58, 0xb8, 0xc4, 0x00,
    0x53, 0xdf, 0xda, 0x00, 0x62, 0x98, 0xca, 0x00, 0x58, 0x8e, 0xb5, 0x00, 0x5b, 0xc8, 0xc1, 0x00,
    0x5c, 0x63, 0xc8, 0x00, 0x59, 0x8c, 0xb8, 0x00, 0x4c, 0xd2, 0xc9, 0x00, 0x4c, 0xdd, 0xda, 0x00,
    0x3f, 0xd7, 0xd2, 0x00, 0x34, 0xd4, 0xce, 0x00, 0x3d, 0xca, 0xc7, 0x00, 0x43, 0xc6, 0xc5, 0x00,
    0x46, 0xc2, 0xc1, 0x00, 0x4b, 0xbf, 0xc0, 0x00, 0x4d, 0xc1, 0xc2, 0x00, 0x46, 0xc2, 0xc1, 0x00,
    0x3f, 0xc1, 0xbe, 0x00, 0x33, 0xc8, 0xc7, 0x00, 0x2b, 0xd1, 0xd3, 0x00, 0x30, 0xd3, 0xd4, 0x00,
    0x31, 0xd6, 0xd8, 0x00, 0x40, 0xd9, 0xd6, 0x00, 0x55, 0xdd, 0xda, 0x00, 0x5b, 0xe4, 0xe1, 0x00,
    0x79, 0xe9, 0xeb, 0x00, 0x71, 0xd8, 0xdb, 0x00, 0x72, 0xcb, 0xca, 0x00, 0x80, 0xec, 0xea, 0x00,
    0x7b, 0xfc, 0xfb, 0x00, 0x7b, 0xff, 0xfd, 0x00, 0x77, 0xfd, 0xf9, 0x00, 0x89, 0xff, 0xff, 0x00,
    0x81, 0xfc, 0xf6, 0x00, 0x75, 0xff, 0xfd, 0x00, 0x7d, 0xfc, 0xfb, 0x00, 0xb2, 0xff, 0xff, 0x00,
    0xe1, 0xfe, 0xfb, 0x00, 0xfd, 0xfb, 0xfc, 0x00, 0xff, 0xfb, 0xfe, 0x00, 0xfc, 0xfc, 0xfe, 0x00,
    0xfe, 0xfc, 0xfe, 0x00, 0xff, 0xfc, 0xfe, 0x00, 0xff, 0xfc, 0xfe, 0x00, 0xfa, 0xfc, 0xfd, 0x00,
    0xe0, 0xff, 0xfc, 0x00, 0xc7, 0xfe, 0xfd, 0x00, 0x96, 0xfa, 0xfd, 0x00, 0x78, 0xfb, 0xfd, 0x00,
    0x80, 0xfc, 0xfb, 0x00, 0x7b, 0xf9, 0xf9, 0x00, 0x70, 0xdd, 0xc9, 0x00, 0xd4, 0x3b, 0x2e, 0x00,
    0xd4, 0x3a, 0x3a, 0x00, 0xdb, 0x2d, 0x21, 0x00, 0xd8, 0x4f, 0x2c, 0x00, 0xd7, 0x54, 0x2b, 0x00,
    0xd7, 0x53, 0x2b, 0x00, 0xd7, 0x53, 0x2b, 0x00, 0xd4, 0x54, 0x2b, 0x00, 0xd4, 0x54, 0x2b, 0x00,
    0xd4, 0x54, 0x2b, 0x00, 0xd5, 0x53, 0x2c, 0x00, 0xd8, 0x53, 0x2c, 0x00, 0xd8, 0x54, 0x2a, 0x00,
    0xd8, 0x28, 0x54, 0x00, 0xd3, 0x2b, 0x53, 0x00, 0xd5, 0x28, 0x4f, 0x00, 0xd9, 0x27, 0x4c, 0x00,
    0xd6, 0x28, 0x49, 0x00, 0xd5, 0x24, 0x44, 0x00, 0xd3, 0x20, 0x3d, 0x00, 0xd2, 0x21, 0x44, 0x00,
    0xd8, 0x21, 0x43, 0x00, 0xd9, 0x18, 0x30, 0x00, 0xdc, 0x1d, 0x2d, 0x00, 0xd5, 0x18, 0x2c, 0x00,
    0xdd, 0x1a, 0x2d, 0x00, 0xd6, 0x0f, 0x1b, 0x00, 0xce, 0x02, 0x08, 0x00, 0xd6, 0x01, 0x00, 0x00,
    0xd5, 0x01, 0x01, 0x00, 0xd5, 0x01, 0x01, 0x00, 0xd5, 0x01, 0x01, 0x00, 0xd5, 0x01, 0x01, 0x00,
    0xd5, 0x01, 0x01, 0x00, 0xd5, 0x01, 0x01, 0x00, 0xd5, 0x01, 0x01, 0x00, 0xd5, 0x01, 0x01, 0x00,
    0xd5, 0x01, 0x01, 0x00, 0xd5, 0x01, 0x01, 0x00, 0xd5, 0x01, 0x01, 0x00, 0xd5, 0x01, 0x01, 0x00,
    0xd5, 0x01, 0x01, 0x00, 0xd5, 0x01, 0x01, 0x00, 0xd5, 0x01, 0x01, 0x00, 0xd5, 0x01, 0x01, 0x00,
    0xd5, 0x01, 0x01, 0x00, 0xd5, 0x01, 0x01, 0x00, 0xd5, 0x01, 0x01, 0x00, 0xd5, 0x01, 0x01, 0x00,
    0xd5, 0x01, 0x01, 0x00, 0xd5, 0x01, 0x01, 0x00, 0xd4, 0x01, 0x02, 0x00, 0xd5, 0x01, 0x01, 0x00,
    0xd7, 0x06, 0x0a, 0x00, 0xd9, 0x11, 0x1c, 0x00, 0xd8, 0x14, 0x21, 0x00, 0xdd, 0x11, 0x23, 0x00,
    0xdb, 0x1b, 0x34, 0x00, 0xdc, 0x24, 0x42, 0x00, 0xdc, 0x2b, 0x4d, 0x00, 0xdb, 0x2e, 0x50, 0x00,
    0xd5, 0x2a, 0x50, 0x00, 0xd3, 0x27, 0x59, 0x00, 0xd6, 0x2b, 0x5c, 0x00, 0xd1, 0x18, 0x31, 0x00,
    0xe7, 0x4b, 0x43, 0x00, 0xae, 0x3e, 0x35, 0x00, 0x37, 0xc2, 0xb6, 0x00, 0x26, 0xe3, 0xe7, 0x00,
    0x29, 0xc0, 0xb9, 0x00, 0x54, 0x5e, 0x9a, 0x00, 0x7c, 0x6c, 0x75, 0x00, 0x96, 0x80, 0x7a, 0x00,
    0x8c, 0x75, 0x82, 0x00, 0x46, 0x68, 0x85, 0x00, 0x5d, 0xbe, 0xcf, 0x00, 0x76, 0xe7, 0xe5, 0x00,
    0x6b, 0xde, 0xde, 0x00, 0x66, 0xde, 0xde, 0x00, 0x60, 0xdd, 0xdd, 0x00, 0x4f, 0xd7, 0xd6, 0x00,
    0x3d, 0xd0, 0xcd, 0x00, 0x39, 0xca, 0xc7, 0x00, 0x4a, 0xc4, 0xc2, 0x00, 0x4b, 0xc3, 0xc2, 0x00,
    0x4f, 0xc3, 0xc1, 0x00, 0x4f, 0xc1, 0xc3, 0x00, 0x46, 0xc2, 0xc4, 0x00, 0x38, 0xc9, 0xc8, 0x00,
    0x2c, 0xd0, 0xcc, 0x00, 0x25, 0xd4, 0xce, 0x00, 0x2e, 0xd2, 0xce, 0x00, 0x2e, 0xd5, 0xd1, 0x00,
    0x49, 0xd7, 0xd7, 0x00, 0x55, 0xe3, 0xe0, 0x00, 0x5e, 0xec, 0xe0, 0x00, 0x69, 0xe6, 0xe0, 0x00,
    0x6e, 0xe5, 0xe5, 0x00, 0x74, 0xee, 0xeb, 0x00, 0x7b, 0xf9, 0xf9, 0x00, 0x73, 0xf8, 0xfb, 0x00,
    0x83, 0xff, 0xff, 0x00, 0x83, 0xff, 0xfe, 0x00, 0x7d, 0xff, 0xfe, 0x00, 0x79, 0xfd, 0xfc, 0x00,
    0x7a, 0xfd, 0xfb, 0x00, 0x82, 0xfd, 0xfa, 0x00, 0x86, 0xff, 0xfe, 0x00, 0x7e, 0xfe, 0xfc, 0x00,
    0x80, 0xff, 0xfc, 0x00, 0x84, 0xfe, 0xfb, 0x00, 0x89, 0xfd, 0xfb, 0x00, 0x87, 0xff, 0xfb, 0x00,
    0x84, 0xfc, 0xfc, 0x00, 0x75, 0xfd, 0xfe, 0x00, 0x72, 0xff, 0xff, 0x00, 0x77, 0xfc, 0xfd, 0x00,
    0x81, 0xf2, 0xf4, 0x00, 0x8a, 0xe8, 0xec, 0x00, 0xbb, 0x99, 0xa5, 0x00, 0xd3, 0x5a, 0x63, 0x00,
    0xd5, 0x2a, 0x33, 0x00, 0xd6, 0x27, 0x17, 0x00, 0xd1, 0x57, 0x2a, 0x00, 0xd8, 0x52, 0x2c, 0x00,
    0xd7, 0x53, 0x2b, 0x00, 0xd7, 0x52, 0x2c, 0x00, 0xd4, 0x53, 0x2b, 0x00, 0xd4, 0x53, 0x2b, 0x00,
    0xd4, 0x53, 0x2b, 0x00, 0xd5, 0x54, 0x2a, 0x00, 0xd7, 0x56, 0x29, 0x00, 0xd7, 0x54, 0x2c, 0x00,
    0xd2, 0x2c, 0x53, 0x00, 0xd4, 0x2f, 0x58, 0x00, 0xd4, 0x29, 0x58, 0x00, 0xd6, 0x2c, 0x5b, 0x00,
    0xcf, 0x2d, 0x59, 0x00, 0xd1, 0x2e, 0x59, 0x00, 0xd2, 0x2f, 0x59, 0x00, 0xd1, 0x2f, 0x58, 0x00,
    0xd7, 0x1d, 0x37, 0x00, 0xd1, 0x02, 0x0a, 0x00, 0xd7, 0x05, 0x0a, 0x00, 0xce, 0x03, 0x06, 0x00,
    0xd4, 0x04, 0x07, 0x00, 0xd6, 0x04, 0x04, 0x00, 0xd4, 0x01, 0x01, 0x00, 0xd5, 0x01, 0x01, 0x00,
    0xd5, 0x01, 0x01, 0x00, 0xd5, 0x01, 0x01, 0x00, 0xd5, 0x01, 0x01, 0x00, 0xd5, 0x01, 0x01, 0x00,
    0xd5, 0x01, 0x01, 0x00, 0xd5, 0x01, 0x01, 0x00, 0xd5, 0x01, 0x01, 0x00, 0xd5, 0x01, 0x01, 0x00,
    0xd5, 0x01, 0x01, 0x00, 0xd5, 0x01, 0x01, 0x00, 0xd5, 0x01, 0x01, 0x00, 0xd5, 0x01, 0x01, 0x00,
    0xd5, 0x01, 0x01, 0x00, 0xd7, 0x01, 0x02, 0x00, 0xd7, 0x01, 0x03, 0x00, 0xd4, 0x00, 0x01, 0x00,
    0xd2, 0x00, 0x00, 0x00, 0xd3, 0x02, 0x01, 0x00, 0xd5, 0x01, 0x02, 0x00, 0xd8, 0x01, 0x05, 0x00,
    0xd5, 0x02, 0x06, 0x00, 0xd1, 0x02, 0x04, 0x00, 0xdb, 0x01, 0x02, 0x00, 0xd4, 0x00, 0x00, 0x00,
    0xd0, 0x01, 0x01, 0x00, 0xd3, 0x10, 0x21, 0x00, 0xd8, 0x28, 0x53, 0x00, 0xd5, 0x2a, 0x61, 0x00,
    0xd1, 0x2b, 0x5f, 0x00, 0xd1, 0x2b, 0x5b, 0x00, 0xd4, 0x2b, 0x56, 0x00, 0xd5, 0x2b, 0x54, 0x00,
    0xcf, 0x2d, 0x5a, 0x00, 0xd7, 0x30, 0x5d, 0x00, 0xdc, 0x17, 0x2c, 0x00, 0xcf, 0x37, 0x3a, 0x00,
    0xd0, 0x6a, 0x67, 0x00, 0xd4, 0x1d, 0x1e, 0x00, 0xd7, 0x0d, 0x16, 0x00, 0x94, 0x4f, 0x50, 0x00,
    0x76, 0x9c, 0x9e, 0x00, 0x42, 0xae, 0xad, 0x00, 0x50, 0xbd, 0xbb, 0x00, 0x4d, 0xc5, 0xc5, 0x00,
    0x3b, 0xd2, 0xc0, 0x00, 0x17, 0xe5, 0xd4, 0x00, 0x27, 0xe2, 0xe0, 0x00, 0x1b, 0xda, 0xd6, 0x00,
    0x2f, 0xdd, 0xe0, 0x00, 0x40, 0xe6, 0xde, 0x00, 0x49, 0xe6, 0xe5, 0x00, 0x38, 0xeb, 0xee, 0x00,
    0x29, 0xe5, 0xe0, 0x00, 0x37, 0xd1, 0xcb, 0x00, 0x44, 0xbf, 0xbb, 0x00, 0x49, 0xc2, 0xbf, 0x00,
    0x41, 0xc5, 0xc0, 0x00, 0x45, 0xc3, 0xc1, 0x00, 0x4c, 0xbd, 0xbd, 0x00, 0x4d, 0xc2, 0xbe, 0x00,
    0x4e, 0xc5, 0xbd, 0x00, 0x46, 0xc6, 0xc1, 0x00, 0x44, 0xc5, 0xc2, 0x00, 0x3b, 0xc5, 0xc1, 0x00,
    0x38, 0xc8, 0xc3, 0x00, 0x3e, 0xcb, 0xc6, 0x00, 0x4f, 0xcb, 0xc6, 0x00, 0x47, 0xd9, 0xd5, 0x00,
    0x62, 0xe4, 0xe1, 0x00, 0x62, 0xe3, 0xdb, 0x00, 0x63, 0xe3, 0xde, 0x00, 0x63, 0xe5, 0xe1, 0x00,
    0x6d, 0xe9, 0xe9, 0x00, 0x75, 0xef, 0xee, 0x00, 0x78, 0xf7, 0xf6, 0x00, 0x76, 0xf9, 0xf8, 0x00,
    0x7b, 0xf6, 0xf6, 0x00, 0x7a, 0xf8, 0xfa, 0x00, 0x8b, 0xfb, 0xfb, 0x00, 0x8a, 0xfa, 0xf9, 0x00,
    0x8d, 0xf8, 0xf5, 0x00, 0x8a, 0xfa, 0xfa, 0x00, 0x86, 0xfc, 0xfc, 0x00, 0x7c, 0xfe, 0xff, 0x00,
    0x75, 0xff, 0xff, 0x00, 0x70, 0xfb, 0xfa, 0x00, 0x7e, 0xe8, 0xe4, 0x00, 0x7e, 0xdf, 0xdd, 0x00,
    0xad, 0xce, 0xcb, 0x00, 0xd6, 0x80, 0x78, 0x00, 0xd5, 0x3f, 0x37, 0x00, 0xcd, 0x1e, 0x11, 0x00,
    0xdd, 0x34, 0x13, 0x00, 0xdb, 0x55, 0x2b, 0x00, 0xd3, 0x51, 0x2b, 0x00, 0xd7, 0x53, 0x2a, 0x00,
    0xd5, 0x55, 0x28, 0x00, 0xd5, 0x57, 0x27, 0x00, 0xd5, 0x57, 0x28, 0x00, 0xd5, 0x57, 0x28, 0x00,
    0xd5, 0x57, 0x28, 0x00, 0xd6, 0x55, 0x28, 0x00, 0xd8, 0x4a, 0x30, 0x00, 0xd7, 0x3d, 0x42, 0x00,
    0xda, 0x28, 0x4b, 0x00, 0xd7, 0x21, 0x41, 0x00, 0xd2, 0x19, 0x34, 0x00, 0xd2, 0x12, 0x27, 0x00,
    0xd8, 0x0f, 0x1c, 0x00, 0xd7, 0x0f, 0x1e, 0x00, 0xd7, 0x0f, 0x1e, 0x00, 0xd8, 0x09, 0x1a, 0x00,
    0xd9, 0x02, 0x07, 0x00, 0xda, 0x02, 0x00, 0x00, 0xd7, 0x00, 0x00, 0x00, 0xd6, 0x01, 0x00, 0x00,
    0xd5, 0x00, 0x00, 0x00, 0xd5, 0x00, 0x00, 0x00, 0xd5, 0x01, 0x01, 0x00, 0xd5, 0x01, 0x01, 0x00,
    0xd5, 0x01, 0x01, 0x00, 0xd5, 0x01, 0x01, 0x00, 0xd5, 0x01, 0x01, 0x00, 0xd5, 0x01, 0x01, 0x00,
    0xd5, 0x01, 0x01, 0x00, 0xd5, 0x01, 0x01, 0x00, 0xd5, 0x01, 0x01, 0x00, 0xd5, 0x01, 0x01, 0x00,
    0xd5, 0x01, 0x01, 0x00, 0xd5, 0x01, 0x01, 0x00, 0xd5, 0x01, 0x01, 0x00, 0xd5, 0x01, 0x01, 0x00,
    0xd5, 0x01, 0x01, 0x00, 0xd7, 0x00, 0x03, 0x00, 0xd9, 0x00, 0x04, 0x00, 0xd5, 0x00, 0x03, 0x00,
    0xd1, 0x00, 0x02, 0x00, 0xd5, 0x02, 0x00, 0x00, 0xd3, 0x01, 0x00, 0x00, 0xd0, 0x00, 0x00, 0x00,
    0xd5, 0x02, 0x00, 0x00, 0xe0, 0x02, 0x00, 0x00, 0xd1, 0x00, 0x05, 0x00, 0xd2, 0x16, 0x30, 0x00,
    0xd7, 0x2b, 0x4c, 0x00, 0xd4, 0x2e, 0x55, 0x00, 0xd2, 0x2c, 0x56, 0x00, 0xd6, 0x2c, 0x4f, 0x00,
    0xd6, 0x27, 0x4c, 0x00, 0xd6, 0x25, 0x4a, 0x00, 0xd6, 0x23, 0x45, 0x00, 0xd7, 0x22, 0x43, 0x00,
    0xdd, 0x25, 0x43, 0x00, 0xcf, 0x0e, 0x1e, 0x00, 0xd5, 0x07, 0x10, 0x00, 0xce, 0x0b, 0x0f, 0x00,
    0xd5, 0x3f, 0x3e, 0x00, 0xdf, 0x79, 0x75, 0x00, 0xdb, 0x62, 0x5f, 0x00, 0xdf, 0x61, 0x56, 0x00,
    0xcd, 0x55, 0x4c, 0x00, 0xc4, 0x54, 0x55, 0x00, 0xa0, 0x5c, 0x5e, 0x00, 0x8f, 0x49, 0x4a, 0x00,
    0xa5, 0x50, 0x45, 0x00, 0xa3, 0x84, 0x73, 0x00, 0x72, 0x93, 0x8c, 0x00, 0x66, 0xb4, 0x9d, 0x00,
    0x4b, 0xbb, 0xb0, 0x00, 0x56, 0x98, 0xaf, 0x00, 0x6d, 0x92, 0x99, 0x00, 0x8e, 0x79, 0x88, 0x00,
    0x92, 0x4c, 0x5c, 0x00, 0x9a, 0x72, 0x72, 0x00, 0x83, 0x9a, 0x9d, 0x00, 0x78, 0xac, 0xad, 0x00,
    0x60, 0xbb, 0xb7, 0x00, 0x3f, 0xc3, 0xbe, 0x00, 0x3b, 0xcd, 0xcb, 0x00, 0x44, 0xcf, 0xd0, 0x00,
    0x45, 0xcb, 0xce, 0x00, 0x42, 0xc3, 0xc4, 0x00, 0x42, 0xc1, 0xc1, 0x00, 0x49, 0xc3, 0xc4, 0x00,
    0x48, 0xc6, 0xc7, 0x00, 0x44, 0xc5, 0xc9, 0x00, 0x32, 0xcc, 0xd0, 0x00, 0x10, 0xdc, 0xdb, 0x00,
    0x4e, 0xe1, 0xe5, 0x00, 0x6f, 0xeb, 0xea, 0x00, 0x67, 0xe6, 0xe6, 0x00, 0x64, 0xe3, 0xe2, 0x00,
    0x5f, 0xe6, 0xe5, 0x00, 0x5b, 0xe4, 0xe4, 0x00, 0x61, 0xe4, 0xe5, 0x00, 0x67, 0xeb, 0xea, 0x00,
    0x53, 0xf5, 0xe6, 0x00, 0x86, 0xf0, 0xea, 0x00, 0xbb, 0xe5, 0xeb, 0x00, 0x97, 0xea, 0xe6, 0x00,
    0xb0, 0xe6, 0xe3, 0x00, 0x9c, 0xf6, 0xef, 0x00, 0x87, 0xf9, 0xf2, 0x00, 0x6f, 0xf2, 0xe9, 0x00,
    0x6d, 0xd8, 0xcb, 0x00, 0xb6, 0x7c, 0x78, 0x00, 0xce, 0x86, 0x7c, 0x00, 0xc7, 0x50, 0x4c, 0x00,
    0xe2, 0x32, 0x31, 0x00, 0xda, 0x15, 0x1c, 0x00, 0xd5, 0x27, 0x2a, 0x00, 0xdf, 0x41, 0x39, 0x00,
    0xce, 0x50, 0x3e, 0x00, 0xd2, 0x57, 0x2a, 0x00, 0xd6, 0x58, 0x27, 0x00, 0xd4, 0x51, 0x2f, 0x00,
    0xd4, 0x48, 0x36, 0x00, 0xd5, 0x40, 0x3b, 0x00, 0xd6, 0x43, 0x3c, 0x00, 0xd6, 0x44, 0x3c, 0x00,
    0xd6, 0x44, 0x3c, 0x00, 0xd6, 0x43, 0x3b, 0x00, 0xd7, 0x38, 0x44, 0x00, 0xd6, 0x2a, 0x55, 0x00,
    0xdc, 0x02, 0x0a, 0x00, 0xdc, 0x00, 0x03, 0x00, 0xdc, 0x00, 0x00, 0x00, 0xdd, 0x00, 0x00, 0x00,
    0xdc, 0x00, 0x00, 0x00, 0xdd, 0x00, 0x00, 0x00, 0xdb, 0x00, 0x00, 0x00, 0xe3, 0x00, 0x00, 0x00,
    0xda, 0x01, 0x00, 0x00, 0xcf, 0x02, 0x00, 0x00, 0xd8, 0x00, 0x02, 0x00, 0xd6, 0x01, 0x01, 0x00,
    0xd5, 0x01, 0x01, 0x00, 0xd5, 0x01, 0x01, 0x00, 0xd5, 0x01, 0x01, 0x00, 0xd5, 0x01, 0x01, 0x00,
    0xd5, 0x01, 0x01, 0x00, 0xd5, 0x01, 0x01, 0x00, 0xd5, 0x01, 0x01, 0x00, 0xd5, 0x01, 0x01, 0x00,
    0xd5, 0x01, 0x01, 0x00, 0xd5, 0x01, 0x01, 0x00, 0xd5, 0x01, 0x01, 0x00, 0xd5, 0x01, 0x01, 0x00,
    0xd5, 0x01, 0x01, 0x00, 0xd5, 0x01, 0x01, 0x00, 0xd5, 0x01, 0x01, 0x00, 0xd5, 0x01, 0x01, 0x00,
    0xd5, 0x01, 0x01, 0x00, 0xd6, 0x00, 0x01, 0x00, 0xd6, 0x00, 0x02, 0x00, 0xd6, 0x01, 0x04, 0x00,
    0xd6, 0x03, 0x06, 0x00, 0xd4, 0x03, 0x0d, 0x00, 0xd4, 0x05, 0x10, 0x00, 0xd8, 0x08, 0x12, 0x00,
    0xd6, 0x0b, 0x19, 0x00, 0xd1, 0x13, 0x31, 0x00, 0xdc, 0x24, 0x47, 0x00, 0xd8, 0x28, 0x51, 0x00,
    0xd8, 0x21, 0x45, 0x00, 0xd4, 0x11, 0x28, 0x00, 0xd4, 0x0a, 0x18, 0x00, 0xdb, 0x09, 0x0e, 0x00,
    0xd6, 0x07, 0x0b, 0x00, 0xd2, 0x02, 0x07, 0x00, 0xd0, 0x00, 0x03, 0x00, 0xce, 0x00, 0x02, 0x00,
    0xd3, 0x02, 0x04, 0x00, 0xd4, 0x00, 0x00, 0x00, 0xdf, 0x02, 0x00, 0x00, 0xe1, 0x00, 0x00, 0x00,
    0xd3, 0x0c, 0x08, 0x00, 0xd5, 0x38, 0x36, 0x00, 0xd0, 0x57, 0x54, 0x00, 0xe1, 0x53, 0x5d, 0x00,
    0xd3, 0x76, 0x74, 0x00, 0xe1, 0x7f, 0x74, 0x00, 0xe3, 0x66, 0x60, 0x00, 0xee, 0x41, 0x46, 0x00,
    0xeb, 0x41, 0x42, 0x00, 0xdb, 0x3d, 0x3d, 0x00, 0xcb, 0x44, 0x48, 0x00, 0xf2, 0x74, 0x5a, 0x00,
    0xdd, 0x29, 0x15, 0x00, 0xda, 0x00, 0x02, 0x00, 0xdf, 0x00, 0x06, 0x00, 0xe2, 0x00, 0x01, 0x00,
    0xe4, 0x00, 0x05, 0x00, 0xd4, 0x00, 0x00, 0x00, 0xe1, 0x16, 0x19, 0x00, 0xdc, 0x2d, 0x2c, 0x00,
    0xca, 0x58, 0x52, 0x00, 0xbe, 0x59, 0x57, 0x00, 0xa2, 0x68, 0x66, 0x00, 0x6b, 0x95, 0x85, 0x00,
    0x5f, 0xaa, 0x9d, 0x00, 0x66, 0xb6, 0xb3, 0x00, 0x60, 0xbf, 0xbd, 0x00, 0x56, 0xc1, 0xbb, 0x00,
    0x56, 0xb8, 0xb4, 0x00, 0x67, 0xac, 0xad, 0x00, 0x51, 0xb5, 0xb3, 0x00, 0x40, 0xbc, 0xbb, 0x00,
    0x4e, 0xc0, 0xbf, 0x00, 0x56, 0xc6, 0xc2, 0x00, 0x67, 0xcc, 0xc9, 0x00, 0x78, 0xd1, 0xd1, 0x00,
    0x78, 0xd2, 0xcf, 0x00, 0x77, 0xca, 0xc7, 0x00, 0x7a, 0xbd, 0xbd, 0x00, 0x7b, 0xad, 0xaf, 0x00,
    0x89, 0x8d, 0x97, 0x00, 0x8e, 0xaf, 0xb4, 0x00, 0x71, 0xca, 0xc7, 0x00, 0x82, 0xcd, 0xce, 0x00,
    0x8d, 0xc1, 0xc4, 0x00, 0x83, 0xaf, 0xab, 0x00, 0xa9, 0x7e, 0x84, 0x00, 0xbf, 0x6b, 0x76, 0x00,
    0xd7, 0x5b, 0x68, 0x00, 0xde, 0x2c, 0x39, 0x00, 0xd7, 0x1b, 0x25, 0x00, 0xdb, 0x12, 0x27, 0x00,
    0xd1, 0x1b, 0x3b, 0x00, 0xcf, 0x2c, 0x58, 0x00, 0xd6, 0x2d, 0x5c, 0x00, 0xd4, 0x24, 0x59, 0x00,
    0xd4, 0x26, 0x5c, 0x00, 0xde, 0x37, 0x41, 0x00, 0xd8, 0x4a, 0x34, 0x00, 0xd3, 0x45, 0x3f, 0x00,
    0xd6, 0x31, 0x4e, 0x00, 0xd7, 0x23, 0x59, 0x00, 0xd7, 0x28, 0x55, 0x00, 0xd7, 0x29, 0x55, 0x00,
    0xd7, 0x29, 0x55, 0x00, 0xd5, 0x2a, 0x54, 0x00, 0xd3, 0x2c, 0x54, 0x00, 0xd6, 0x2a, 0x56, 0x00,
    0x9d, 0x02, 0x01, 0x00, 0xa2, 0x02, 0x01, 0x00, 0xa9, 0x04, 0x04, 0x00, 0xad, 0x04, 0x05, 0x00,
    0xae, 0x01, 0x02, 0x00, 0xad, 0x01, 0x02, 0x00, 0xaf, 0x01, 0x02, 0x00, 0xa4, 0x05, 0x04, 0x00,
    0xb3, 0x02, 0x03, 0x00, 0xd1, 0x00, 0x01, 0x00, 0xd7, 0x02, 0x01, 0x00, 0xd3, 0x02, 0x01, 0x00,
    0xd3, 0x01, 0x01, 0x00, 0xd3, 0x01, 0x01, 0x00, 0xd4, 0x01, 0x01, 0x00, 0xd6, 0x01, 0x01, 0x00,
    0xd5, 0x01, 0x01, 0x00, 0xd5, 0x01, 0x01, 0x00, 0xd5, 0x01, 0x01, 0x00, 0xd5, 0x01, 0x01, 0x00,
    0xd6, 0x01, 0x01, 0x00, 0xd5, 0x01, 0x01, 0x00, 0xd5, 0x01, 0x01, 0x00, 0xd5, 0x01, 0x01, 0x00,
    0xd5, 0x01, 0x01, 0x00, 0xd5, 0x01, 0x01, 0x00, 0xd6, 0x01, 0x01, 0x00, 0xd6, 0x01, 0x01, 0x00,
    0xd5, 0x01, 0x01, 0x00, 0xd5, 0x00, 0x00, 0x00, 0xd6, 0x00, 0x01, 0x00, 0xd8, 0x03, 0x06, 0x00,
    0xda, 0x07, 0x0a, 0x00, 0xd0, 0x0e, 0x18, 0x00, 0xce, 0x10, 0x1c, 0x00, 0xcf, 0x12, 0x1b, 0x00,
    0xd1, 0x13, 0x21, 0x00, 0xd4, 0x12, 0x2d, 0x00, 0xcd, 0x0e, 0x1d, 0x00, 0xce, 0x04, 0x07, 0x00,
    0xcf, 0x00, 0x00, 0x00, 0xd6, 0x00, 0x00, 0x00, 0xd7, 0x00, 0x00, 0x00, 0xd1, 0x00, 0x00, 0x00,
    0xd3, 0x01, 0x02, 0x00, 0xd5, 0x00, 0x01, 0x00, 0xd7, 0x01, 0x01, 0x00, 0xd7, 0x01, 0x01, 0x00,
    0xd5, 0x03, 0x01, 0x00, 0xd3, 0x01, 0x01, 0x00, 0xd1, 0x02, 0x03, 0x00, 0xdc, 0x06, 0x07, 0x00,
    0xd4, 0x02, 0x02, 0x00, 0xce, 0x0c, 0x0a, 0x00, 0xd2, 0x28, 0x25, 0x00, 0xd5, 0x39, 0x3d, 0x00,
    0xd5, 0x3b, 0x3f, 0x00, 0xd2, 0x2a, 0x2a, 0x00, 0xd5, 0x2a, 0x2c, 0x00, 0xcb, 0x3e, 0x40, 0x00,
    0xcb, 0x5f, 0x5e, 0x00, 0xdd, 0x6b, 0x6b, 0x00, 0xdc, 0x37, 0x40, 0x00, 0xd5, 0x0c, 0x0f, 0x00,
    0xd3, 0x05, 0x0d, 0x00, 0xda, 0x04, 0x08, 0x00, 0xdb, 0x05, 0x02, 0x00, 0xce, 0x04, 0x03, 0x00,
    0xd2, 0x05, 0x07, 0x00, 0xd8, 0x07, 0x06, 0x00, 0xd0, 0x00, 0x00, 0x00, 0xcf, 0x00, 0x00, 0x00,
    0xdd, 0x07, 0x14, 0x00, 0xd9, 0x10, 0x1c, 0x00, 0xd7, 0x04, 0x08, 0x00, 0xdb, 0x00, 0x00, 0x00,
    0xda, 0x0d, 0x0d, 0x00, 0xce, 0x1a, 0x1c, 0x00, 0xce, 0x34, 0x34, 0x00, 0xd6, 0x4d, 0x4a, 0x00,
    0xdd, 0x4f, 0x4d, 0x00, 0xce, 0x53, 0x4d, 0x00, 0xce, 0x5e, 0x59, 0x00, 0xdf, 0x5a, 0x5b, 0x00,
    0xdc, 0x52, 0x55, 0x00, 0xd7, 0x52, 0x55, 0x00, 0xcf, 0x5a, 0x59, 0x00, 0xc4, 0x62, 0x5d, 0x00,
    0xd2, 0x5b, 0x5a, 0x00, 0xda, 0x59, 0x5a, 0x00, 0xd2, 0x56, 0x54, 0x00, 0xcc, 0x53, 0x4f, 0x00,
    0xd2, 0x3d, 0x36, 0x00, 0xd6, 0x41, 0x39, 0x00, 0xd6, 0x5c, 0x4f, 0x00, 0xdb, 0x3a, 0x31, 0x00,
    0xdf, 0x13, 0x0f, 0x00, 0xd6, 0x00, 0x00, 0x00, 0xd2, 0x00, 0x00, 0x00, 0xdd, 0x10, 0x17, 0x00,
    0xce, 0x17, 0x24, 0x00, 0xe4, 0x1a, 0x38, 0x00, 0xd1, 0x28, 0x4f, 0x00, 0xdb, 0x2d, 0x5f, 0x00,
    0xce, 0x2c, 0x5b, 0x00, 0xd4, 0x28, 0x57, 0x00, 0xd3, 0x29, 0x59, 0x00, 0xd4, 0x29, 0x5b, 0x00,
    0xd9, 0x2e, 0x5b, 0x00, 0xd4, 0x29, 0x59, 0x00, 0xd4, 0x2b, 0x56, 0x00, 0xd4, 0x2c, 0x54, 0x00,
    0xd2, 0x28, 0x55, 0x00, 0xd3, 0x29, 0x58, 0x00, 0xd5, 0x2b, 0x5b, 0x00, 0xd5, 0x2c, 0x5b, 0x00,
    0xd5, 0x2c, 0x5b, 0x00, 0xd4, 0x2a, 0x5a, 0x00, 0xd2, 0x2a, 0x58, 0x00, 0xd7, 0x2d, 0x57, 0x00,
    0x7d, 0x01, 0x03, 0x00, 0x7d, 0x01, 0x03, 0x00, 0x7d, 0x01, 0x03, 0x00, 0x7d, 0x01, 0x02, 0x00,
    0x88, 0x01, 0x00, 0x00, 0xa2, 0x00, 0x00, 0x00, 0xa4, 0x00, 0x01, 0x00, 0xb4, 0x01, 0x00, 0x00,
    0xc9, 0x01, 0x01, 0x00, 0xd3, 0x01, 0x01, 0x00, 0xd5, 0x01, 0x00, 0x00, 0xdc, 0x02, 0x02, 0x00,
    0xd8, 0x03, 0x02, 0x00, 0xdc, 0x02, 0x02, 0x00, 0xdc, 0x01, 0x02, 0x00, 0xda, 0x00, 0x00, 0x00,
    0xd5, 0x01, 0x00, 0x00, 0xcf, 0x03, 0x00, 0x00, 0xd7, 0x01, 0x01, 0x00, 0xd6, 0x01, 0x01, 0x00,
    0xd9, 0x01, 0x01, 0x00, 0xda, 0x00, 0x01, 0x00, 0xd5, 0x01, 0x01, 0x00, 0xd5, 0x01, 0x01, 0x00,
    0xd5, 0x01, 0x01, 0x00, 0xd6, 0x01, 0x01, 0x00, 0xd8, 0x00, 0x00, 0x00, 0xd6, 0x00, 0x00, 0x00,
    0xd4, 0x00, 0x00, 0x00, 0xd4, 0x00, 0x01, 0x00, 0xd6, 0x00, 0x02, 0x00, 0xd6, 0x00, 0x03, 0x00,
    0xd7, 0x01, 0x03, 0x00, 0xd2, 0x02, 0x01, 0x00, 0xda, 0x00, 0x00, 0x00, 0xd8, 0x00, 0x00, 0x00,
    0xd3, 0x00, 0x00, 0x00, 0xdd, 0x00, 0x00, 0x00, 0xda, 0x00, 0x00, 0x00, 0xda, 0x01, 0x00, 0x00,
    0xe0, 0x02, 0x03, 0x00, 0xdd, 0x02, 0x03, 0x00, 0xd8, 0x03, 0x04, 0x00, 0xdc, 0x01, 0x05, 0x00,
    0xd1, 0x01, 0x02, 0x00, 0xd7, 0x01, 0x02, 0x00, 0xd8, 0x01, 0x02, 0x00, 0xd1, 0x03, 0x01, 0x00,
    0xd3, 0x00, 0x01, 0x00, 0xd3, 0x01, 0x01, 0x00, 0xd1, 0x01, 0x01, 0x00, 0xd4, 0x01, 0x01, 0x00,
    0xd6, 0x01, 0x01, 0x00, 0xd7, 0x00, 0x00, 0x00, 0xd7, 0x00, 0x00, 0x00, 0xce, 0x00, 0x00, 0x00,
    0xd1, 0x00, 0x00, 0x00, 0xd8, 0x01, 0x02, 0x00, 0xd6, 0x05, 0x04, 0x00, 0xd7, 0x01, 0x00, 0x00,
    0xd7, 0x00, 0x00, 0x00, 0xd0, 0x00, 0x00, 0x00, 0xd4, 0x00, 0x00, 0x00, 0xd0, 0x00, 0x00, 0x00,
    0xd0, 0x01, 0x01, 0x00, 0xd8, 0x01, 0x01, 0x00, 0xd9, 0x03, 0x01, 0x00, 0xdc, 0x02, 0x02, 0x00,
    0xd9, 0x00, 0x02, 0x00, 0xd3, 0x01, 0x02, 0x00, 0xda, 0x03, 0x05, 0x00, 0xd6, 0x02, 0x03, 0x00,
    0xd7, 0x07, 0x0c, 0x00, 0xd1, 0x0d, 0x15, 0x00, 0xcb, 0x0f, 0x17, 0x00, 0xd3, 0x09, 0x0c, 0x00,
    0xce, 0x00, 0x00, 0x00, 0xd7, 0x00, 0x00, 0x00, 0xde, 0x00, 0x00, 0x00, 0xc7, 0x00, 0x00, 0x00,
    0xd6, 0x2c, 0x28, 0x00, 0xda, 0x4c, 0x4c, 0x00, 0xd8, 0x48, 0x48, 0x00, 0xde, 0x47, 0x49, 0x00,
    0xe0, 0x4c, 0x4c, 0x00, 0xdb, 0x51, 0x4b, 0x00, 0xcb, 0x37, 0x34, 0x00, 0xd4, 0x1f, 0x1d, 0x00,
    0xd0, 0x32, 0x2f, 0x00, 0xd1, 0x45, 0x40, 0x00, 0xdb, 0x3e, 0x3b, 0x00, 0xd2, 0x28, 0x23, 0x00,
    0xca, 0x24, 0x20, 0x00, 0xce, 0x0c, 0x0d, 0x00, 0xd5, 0x00, 0x00, 0x00, 0xd4, 0x00, 0x00, 0x00,
    0xd3, 0x00, 0x00, 0x00, 0xd1, 0x02, 0x04, 0x00, 0xd2, 0x02, 0x04, 0x00, 0xd1, 0x00, 0x00, 0x00,
    0xd6, 0x00, 0x00, 0x00, 0xd8, 0x01, 0x07, 0x00, 0xd3, 0x0e, 0x1c, 0x00, 0xd7, 0x1f, 0x37, 0x00,
    0xda, 0x26, 0x52, 0x00, 0xd3, 0x2e, 0x58, 0x00, 0xd5, 0x2c, 0x4d, 0x00, 0xd7, 0x26, 0x44, 0x00,
    0xd4, 0x1f, 0x37, 0x00, 0xd1, 0x18, 0x2d, 0x00, 0xd7, 0x1f, 0x42, 0x00, 0xd8, 0x2b, 0x58, 0x00,
    0xd5, 0x2e, 0x58, 0x00, 0xdb, 0x25, 0x49, 0x00, 0xd5, 0x19, 0x2f, 0x00, 0xd4, 0x17, 0x2d, 0x00,
    0xd3, 0x16, 0x2d, 0x00, 0xd3, 0x16, 0x2b, 0x00, 0xd4, 0x14, 0x28, 0x00, 0xd6, 0x15, 0x28, 0x00,
    0x84, 0x01, 0x02, 0x00, 0x84, 0x01, 0x02, 0x00, 0x85, 0x01, 0x02, 0x00, 0x80, 0x02, 0x01, 0x00,
    0x80, 0x03, 0x00, 0x00, 0x92, 0x01, 0x00, 0x00, 0x89, 0x03, 0x00, 0x00, 0xb2, 0x02, 0x00, 0x00,
    0xcc, 0x01, 0x00, 0x00, 0xc7, 0x01, 0x00, 0x00, 0xca, 0x01, 0x00, 0x00, 0xc0, 0x00, 0x00, 0x00,
    0xb3, 0x01, 0x00, 0x00, 0xb0, 0x01, 0x00, 0x00, 0xae, 0x03, 0x01, 0x00, 0xc7, 0x02, 0x02, 0x00,
    0xe4, 0x00, 0x01, 0x00, 0xd9, 0x04, 0x02, 0x00, 0xd6, 0x03, 0x01, 0x00, 0xd5, 0x01, 0x01, 0x00,
    0xd1, 0x01, 0x01, 0x00, 0xd0, 0x02, 0x01, 0x00, 0xd4, 0x01, 0x01, 0x00, 0xd5, 0x01, 0x01, 0x00,
    0xd5, 0x01, 0x01, 0x00, 0xd3, 0x01, 0x01, 0x00, 0xcc, 0x00, 0x00, 0x00, 0xd0, 0x00, 0x00, 0x00,
    0xd3, 0x00, 0x00, 0x00, 0xd4, 0x01, 0x00, 0x00, 0xd4, 0x02, 0x00, 0x00, 0xd4, 0x01, 0x00, 0x00,
    0xd4, 0x01, 0x00, 0x00, 0xd8, 0x01, 0x01, 0x00, 0xdb, 0x00, 0x01, 0x00, 0xd7, 0x00, 0x00, 0x00,
    0xce, 0x00, 0x01, 0x00, 0xc6, 0x01, 0x01, 0x00, 0xbf, 0x02, 0x01, 0x00, 0xb7, 0x02, 0x00, 0x00,
    0xb0, 0x01, 0x01, 0x00, 0xa6, 0x00, 0x02, 0x00, 0x9f, 0x00, 0x02, 0x00, 0xa0, 0x00, 0x01, 0x00,
    0xb6, 0x02, 0x01, 0x00, 0xc9, 0x01, 0x01, 0x00, 0xd8, 0x01, 0x02, 0x00, 0xdc, 0x01, 0x02, 0x00,
    0xd5, 0x01, 0x01, 0x00, 0xd5, 0x01, 0x01, 0x00, 0xd6, 0x01, 0x01, 0x00, 0xd5, 0x01, 0x01, 0x00,
    0xd5, 0x01, 0x01, 0x00, 0xd5, 0x01, 0x01, 0x00, 0xd5, 0x02, 0x02, 0x00, 0xd6, 0x02, 0x02, 0x00,
    0xd6, 0x02, 0x02, 0x00, 0xd4, 0x01, 0x01, 0x00, 0xd5, 0x00, 0x00, 0x00, 0xd5, 0x01, 0x01, 0x00,
    0xd5, 0x02, 0x03, 0x00, 0xd6, 0x03, 0x03, 0x00, 0xd5, 0x02, 0x03, 0x00, 0xd6, 0x01, 0x02, 0x00,
    0xd6, 0x01, 0x01, 0x00, 0xd5, 0x01, 0x01, 0x00, 0xcd, 0x01, 0x00, 0x00, 0xcc, 0x01, 0x00, 0x00,
    0xd1, 0x02, 0x00, 0x00, 0xd5, 0x02, 0x01, 0x00, 0xd7, 0x01, 0x02, 0x00, 0xd8, 0x01, 0x03, 0x00,
    0xd8, 0x00, 0x01, 0x00, 0xd5, 0x00, 0x00, 0x00, 0xd6, 0x00, 0x04, 0x00, 0xd7, 0x02, 0x08, 0x00,
    0xd3, 0x02, 0x07, 0x00, 0xd3, 0x05, 0x07, 0x00, 0xd8, 0x03, 0x06, 0x00, 0xd2, 0x03, 0x05, 0x00,
    0xc3, 0x04, 0x04, 0x00, 0xd1, 0x07, 0x0b, 0x00, 0xd4, 0x07, 0x0b, 0x00, 0xd6, 0x07, 0x0c, 0x00,
    0xd6, 0x07, 0x0a, 0x00, 0xd1, 0x07, 0x07, 0x00, 0xca, 0x03, 0x02, 0x00, 0xd4, 0x01, 0x00, 0x00,
    0xdb, 0x00, 0x00, 0x00, 0xd5, 0x00, 0x00, 0x00, 0xd3, 0x00, 0x00, 0x00, 0xd8, 0x00, 0x00, 0x00,
    0xd9, 0x00, 0x00, 0x00, 0xd9, 0x00, 0x00, 0x00, 0xd4, 0x02, 0x01, 0x00, 0xd7, 0x02, 0x01, 0x00,
    0xdd, 0x02, 0x01, 0x00, 0xdd, 0x01, 0x00, 0x00, 0xdc, 0x01, 0x00, 0x00, 0xdd, 0x02, 0x01, 0x00,
    0xdb, 0x00, 0x00, 0x00, 0xd9, 0x01, 0x01, 0x00, 0xd8, 0x05, 0x07, 0x00, 0xdd, 0x10, 0x1b, 0x00,
    0xdb, 0x19, 0x2e, 0x00, 0xd7, 0x13, 0x24, 0x00, 0xd3, 0x09, 0x0f, 0x00, 0xd2, 0x01, 0x04, 0x00,
    0xd5, 0x00, 0x00, 0x00, 0xd8, 0x00, 0x00, 0x00, 0xd4, 0x01, 0x01, 0x00, 0xd5, 0x0b, 0x11, 0x00,
    0xd8, 0x0e, 0x15, 0x00, 0xd7, 0x03, 0x06, 0x00, 0xd7, 0x00, 0x00, 0x00, 0xd7, 0x00, 0x00, 0x00,
    0xd5, 0x00, 0x00, 0x00, 0xd6, 0x00, 0x00, 0x00, 0xd9, 0x00, 0x00, 0x00, 0xdb, 0x00, 0x00, 0x00,
    0x83, 0x01, 0x02, 0x00, 0x83, 0x01, 0x02, 0x00, 0x83, 0x01, 0x02, 0x00, 0x83, 0x01, 0x01, 0x00,
    0x82, 0x00, 0x00, 0x00, 0x82, 0x00, 0x00, 0x00, 0x80, 0x01, 0x01, 0x00, 0x7e, 0x04, 0x00, 0x00,
    0x80, 0x04, 0x00, 0x00, 0x83, 0x04, 0x00, 0x00, 0x85, 0x03, 0x00, 0x00, 0x87, 0x01, 0x00, 0x00,
    0x7d, 0x02, 0x00, 0x00, 0x76, 0x02, 0x00, 0x00, 0x7e, 0x04, 0x00, 0x00, 0xb3, 0x02, 0x01, 0x00,
    0xda, 0x00, 0x01, 0x00, 0xda, 0x00, 0x01, 0x00, 0xdd, 0x01, 0x01, 0x00, 0xdd, 0x00, 0x01, 0x00,
    0xdc, 0x00, 0x01, 0x00, 0xdb, 0x00, 0x01, 0x00, 0xd6, 0x01, 0x01, 0x00, 0xd5, 0x01, 0x01, 0x00,
    0xd5, 0x01, 0x01, 0x00, 0xd7, 0x01, 0x01, 0x00, 0xdd, 0x00, 0x00, 0x00, 0xdc, 0x00, 0x00, 0x00,
    0xd9, 0x00, 0x00, 0x00, 0xdc, 0x01, 0x02, 0x00, 0xdf, 0x03, 0x04, 0x00, 0xde, 0x03, 0x04, 0x00,
    0xde, 0x03, 0x04, 0x00, 0xc9, 0x00, 0x01, 0x00, 0xaf, 0x01, 0x00, 0x00, 0x93, 0x04, 0x00, 0x00,
    0x88, 0x04, 0x00, 0x00, 0x8c, 0x02, 0x00, 0x00, 0x88, 0x02, 0x00, 0x00, 0x82, 0x04, 0x00, 0x00,
    0x88, 0x03, 0x00, 0x00, 0x90, 0x02, 0x00, 0x00, 0x8d, 0x02, 0x01, 0x00, 0x87, 0x03, 0x02, 0x00,
    0x90, 0x01, 0x01, 0x00, 0x99, 0x01, 0x01, 0x00, 0xa8, 0x00, 0x01, 0x00, 0xbe, 0x00, 0x01, 0x00,
    0xd6, 0x01, 0x02, 0x00, 0xd5, 0x01, 0x02, 0x00, 0xd5, 0x01, 0x02, 0x00, 0xd5, 0x01, 0x01, 0x00,
    0xd5, 0x01, 0x01, 0x00, 0xd5, 0x01, 0x01, 0x00, 0xd5, 0x01, 0x01, 0x00, 0xd5, 0x01, 0x01, 0x00,
    0xd5, 0x01, 0x01, 0x00, 0xd5, 0x01, 0x01, 0x00, 0xd5, 0x02, 0x02, 0x00, 0xd4, 0x02, 0x02, 0x00,
    0xd5, 0x01, 0x02, 0x00, 0xd5, 0x01, 0x01, 0x00, 0xd5, 0x01, 0x01, 0x00, 0xd5, 0x01, 0x01, 0x00,
    0xd5, 0x01, 0x01, 0x00, 0xd4, 0x01, 0x01, 0x00, 0xd9, 0x01, 0x00, 0x00, 0xd9, 0x00, 0x00, 0x00,
    0xd7, 0x00, 0x00, 0x00, 0xd6, 0x00, 0x00, 0x00, 0xd5, 0x00, 0x00, 0x00, 0xd5, 0x00, 0x00, 0x00,
    0xd4, 0x00, 0x00, 0x00, 0xd7, 0x00, 0x00, 0x00, 0xd8, 0x00, 0x00, 0x00, 0xd5, 0x00, 0x00, 0x00,
    0xd7, 0x00, 0x00, 0x00, 0xd0, 0x01, 0x01, 0x00, 0xd4, 0x00, 0x01, 0x00, 0xd7, 0x00, 0x00, 0x00,
    0xd8, 0x01, 0x02, 0x00, 0xd2, 0x00, 0x00, 0x00, 0xd3, 0x00, 0x00, 0x00, 0xd6, 0x00, 0x00, 0x00,
    0xd9, 0x00, 0x00, 0x00, 0xd7, 0x02, 0x00, 0x00, 0xd5, 0x03, 0x01, 0x00, 0xd7, 0x04, 0x03, 0x00,
    0xd0, 0x05, 0x03, 0x00, 0xd5, 0x04, 0x02, 0x00, 0xda, 0x04, 0x03, 0x00, 0xd9, 0x05, 0x04, 0x00,
    0xd6, 0x01, 0x04, 0x00, 0xd9, 0x00, 0x02, 0x00, 0xcc, 0x00, 0x01, 0x00, 0xbe, 0x01, 0x01, 0x00,
    0xbc, 0x01, 0x00, 0x00, 0xbc, 0x01, 0x00, 0x00, 0xbb, 0x01, 0x00, 0x00, 0xc5, 0x00, 0x02, 0x00,
    0xc6, 0x00, 0x01, 0x00, 0xcd, 0x00, 0x01, 0x00, 0xdd, 0x03, 0x05, 0x00, 0xd3, 0x01, 0x02, 0x00,
    0xce, 0x00, 0x00, 0x00, 0xd3, 0x00, 0x00, 0x00, 0xd8, 0x01, 0x00, 0x00, 0xd4, 0x01, 0x02, 0x00,
    0xd5, 0x02, 0x03, 0x00, 0xd8, 0x04, 0x06, 0x00, 0xd6, 0x04, 0x03, 0x00, 0xd1, 0x00, 0x00, 0x00,
    0xd1, 0x00, 0x00, 0x00, 0xd8, 0x00, 0x00, 0x00, 0xd5, 0x01, 0x03, 0x00, 0xd3, 0x01, 0x03, 0x00,
    0xd2, 0x01, 0x02, 0x00, 0xd2, 0x01, 0x03, 0x00, 0xd4, 0x01, 0x06, 0x00, 0xd6, 0x01, 0x06, 0x00,
    0x83, 0x01, 0x02, 0x00, 0x83, 0x01, 0x02, 0x00, 0x83, 0x01, 0x02, 0x00, 0x83, 0x01, 0x01, 0x00,
    0x82, 0x00, 0x00, 0x00, 0x80, 0x00, 0x00, 0x00, 0x7f, 0x00, 0x00, 0x00, 0x80, 0x00, 0x00, 0x00,
    0x83, 0x00, 0x00, 0x00, 0x86, 0x00, 0x00, 0x00, 0x89, 0x00, 0x00, 0x00, 0x86, 0x01, 0x02, 0x00,
    0x80, 0x01, 0x02, 0x00, 0x85, 0x00, 0x02, 0x00, 0x86, 0x01, 0x01, 0x00, 0x86, 0x02, 0x00, 0x00,
    0x97, 0x02, 0x00, 0x00, 0xa7, 0x01, 0x00, 0x00, 0xae, 0x04, 0x01, 0x00, 0xaf, 0x05, 0x01, 0x00,
    0xc4, 0x03, 0x01, 0x00, 0xd1, 0x01, 0x01, 0x00, 0xd4, 0x01, 0x01, 0x00, 0xd5, 0x01, 0x01, 0x00,
    0xd6, 0x01, 0x01, 0x00, 0xd1, 0x01, 0x01, 0x00, 0xbd, 0x01, 0x00, 0x00, 0xb6, 0x02, 0x00, 0x00,
    0xb1, 0x03, 0x00, 0x00, 0xa8, 0x01, 0x00, 0x00, 0xa2, 0x00, 0x01, 0x00, 0xa5, 0x00, 0x01, 0x00,
    0xa7, 0x00, 0x01, 0x00, 0x8d, 0x02, 0x01, 0x00, 0x7f, 0x03, 0x01, 0x00, 0x80, 0x03, 0x01, 0x00,
    0x85, 0x01, 0x01, 0x00, 0x80, 0x00, 0x00, 0x00, 0x85, 0x00, 0x00, 0x00, 0x85, 0x00, 0x00, 0x00,
    0xa0, 0x02, 0x03, 0x00, 0xc8, 0x02, 0x02, 0x00, 0xd9, 0x00, 0x00, 0x00, 0xd7, 0x00, 0x00, 0x00,
    0xd7, 0x00, 0x00, 0x00, 0xd1, 0x00, 0x00, 0x00, 0xd1, 0x00, 0x00, 0x00, 0xd7, 0x00, 0x00, 0x00,
    0xd2, 0x01, 0x00, 0x00, 0xd4, 0x01, 0x00, 0x00, 0xd5, 0x02, 0x00, 0x00, 0xd5, 0x01, 0x00, 0x00,
    0xd3, 0x01, 0x01, 0x00, 0xd3, 0x01, 0x01, 0x00, 0xd3, 0x01, 0x01, 0x00, 0xd5, 0x00, 0x00, 0x00,
    0xd5, 0x00, 0x00, 0x00, 0xd4, 0x00, 0x00, 0x00, 0xd4, 0x00, 0x00, 0x00, 0xd8, 0x00, 0x00, 0x00,
    0xd7, 0x00, 0x00, 0x00, 0xd6, 0x00, 0x01, 0x00, 0xd6, 0x00, 0x02, 0x00, 0xd6, 0x00, 0x02, 0x00,
    0xd6, 0x01, 0x02, 0x00, 0xd6, 0x00, 0x02, 0x00, 0xd6, 0x05, 0x08, 0x00, 0xd4, 0x0b, 0x12, 0x00,
    0xd2, 0x12, 0x21, 0x00, 0xd1, 0x18, 0x2e, 0x00, 0xd5, 0x1e, 0x38, 0x00, 0xd5, 0x1e, 0x38, 0x00,
    0xd5, 0x1e, 0x38, 0x00, 0xd4, 0x1c, 0x38, 0x00, 0xcf, 0x16, 0x30, 0x00, 0xcd, 0x12, 0x24, 0x00,
    0xd3, 0x12, 0x22, 0x00, 0xd5, 0x07, 0x0d, 0x00, 0xd5, 0x05, 0x09, 0x00, 0xd4, 0x05, 0x09, 0x00,
    0xd4, 0x03, 0x07, 0x00, 0xd5, 0x02, 0x03, 0x00, 0xd7, 0x01, 0x02, 0x00, 0xd9, 0x01, 0x00, 0x00,
    0xd8, 0x00, 0x00, 0x00, 0xd1, 0x00, 0x00, 0x00, 0xd6, 0x00, 0x00, 0x00, 0xd3, 0x00, 0x00, 0x00,
    0xd1, 0x00, 0x00, 0x00, 0xd7, 0x00, 0x00, 0x00, 0xd7, 0x00, 0x00, 0x00, 0xcf, 0x02, 0x02, 0x00,
    0xc2, 0x00, 0x02, 0x00, 0xc3, 0x00, 0x01, 0x00, 0xaf, 0x02, 0x01, 0x00, 0x8f, 0x03, 0x00, 0x00,
    0x7e, 0x01, 0x00, 0x00, 0x80, 0x01, 0x00, 0x00, 0x80, 0x01, 0x00, 0x00, 0x83, 0x00, 0x03, 0x00,
    0x85, 0x00, 0x01, 0x00, 0x98, 0x00, 0x00, 0x00, 0xb7, 0x00, 0x01, 0x00, 0xd5, 0x01, 0x04, 0x00,
    0xdc, 0x03, 0x03, 0x00, 0xd8, 0x02, 0x03, 0x00, 0xd2, 0x02, 0x01, 0x00, 0xd5, 0x03, 0x01, 0x00,
    0xd3, 0x03, 0x04, 0x00, 0xce, 0x02, 0x03, 0x00, 0xcf, 0x02, 0x01, 0x00, 0xd5, 0x02, 0x04, 0x00,
    0xd8, 0x02, 0x05, 0x00, 0xd4, 0x01, 0x01, 0x00, 0xd3, 0x02, 0x02, 0x00, 0xd3, 0x02, 0x01, 0x00,
    0xd4, 0x01, 0x01, 0x00, 0xd3, 0x01, 0x01, 0x00, 0xd3, 0x02, 0x01, 0x00, 0xd5, 0x02, 0x01, 0x00,
    0x83, 0x01, 0x02, 0x00, 0x83, 0x01, 0x02, 0x00, 0x83, 0x01, 0x02, 0x00, 0x82, 0x01, 0x01, 0x00,
    0x81, 0x00, 0x00, 0x00, 0x84, 0x00, 0x00, 0x00, 0x82, 0x01, 0x00, 0x00, 0x84, 0x00, 0x01, 0x00,
    0x84, 0x00, 0x01, 0x00, 0x7f, 0x02, 0x02, 0x00, 0x7b, 0x04, 0x03, 0x00, 0x79, 0x01, 0x01, 0x00,
    0x7c, 0x00, 0x01, 0x00, 0x7d, 0x01, 0x01, 0x00, 0x7c, 0x01, 0x01, 0x00, 0x7b, 0x01, 0x01, 0x00,
    0x7d, 0x01, 0x01, 0x00, 0x7e, 0x01, 0x01, 0x00, 0x8c, 0x02, 0x01, 0x00, 0xaa, 0x02, 0x01, 0x00,
    0xc8, 0x00, 0x01, 0x00, 0xd6, 0x00, 0x01, 0x00, 0xd3, 0x00, 0x00, 0x00, 0xd3, 0x00, 0x00, 0x00,
    0xd4, 0x01, 0x01, 0x00, 0xcf, 0x01, 0x02, 0x00, 0xb4, 0x01, 0x01, 0x00, 0x9b, 0x01, 0x02, 0x00,
    0x9a, 0x01, 0x02, 0x00, 0x92, 0x00, 0x01, 0x00, 0x7c, 0x01, 0x00, 0x00, 0x72, 0x03, 0x00, 0x00,
    0x74, 0x03, 0x00, 0x00, 0x7e, 0x01, 0x02, 0x00, 0x7f, 0x01, 0x02, 0x00, 0x80, 0x00, 0x02, 0x00,
    0x7d, 0x01, 0x02, 0x00, 0x78, 0x01, 0x00, 0x00, 0x7d, 0x00, 0x00, 0x00, 0x7e, 0x01, 0x00, 0x00,
    0x8f, 0x03, 0x03, 0x00, 0xb9, 0x03, 0x04, 0x00, 0xd5, 0x05, 0x0e, 0x00, 0xce, 0x0b, 0x19, 0x00,
    0xd3, 0x10, 0x1d, 0x00, 0xd5, 0x0c, 0x1b, 0x00, 0xd0, 0x07, 0x18, 0x00, 0xd1, 0x06, 0x15, 0x00,
    0xd5, 0x08, 0x10, 0x00, 0xd5, 0x05, 0x0c, 0x00, 0xd4, 0x01, 0x09, 0x00, 0xd5, 0x00, 0x03, 0x00,
    0xd6, 0x02, 0x00, 0x00, 0xd6, 0x01, 0x00, 0x00, 0xd6, 0x01, 0x00, 0x00, 0xd8, 0x03, 0x03, 0x00,
    0xd9, 0x04, 0x06, 0x00, 0xd9, 0x06, 0x09, 0x00, 0xd5, 0x07, 0x0e, 0x00, 0xcf, 0x0c, 0x1c, 0x00,
    0xdd, 0x1e, 0x35, 0x00, 0xdb, 0x23, 0x44, 0x00, 0xd3, 0x1f, 0x42, 0x00, 0xd3, 0x1f, 0x41, 0x00,
    0xd3, 0x20, 0x42, 0x00, 0xd4, 0x21, 0x42, 0x00, 0xd4, 0x26, 0x4e, 0x00, 0xd5, 0x29, 0x54, 0x00,
    0xd5, 0x2b, 0x56, 0x00, 0xd4, 0x2c, 0x57, 0x00, 0xd6, 0x2b, 0x56, 0x00, 0xd6, 0x2b, 0x56, 0x00,
    0xd6, 0x2b, 0x56, 0x00, 0xd8, 0x2d, 0x58, 0x00, 0xdb, 0x30, 0x59, 0x00, 0xd9, 0x2e, 0x56, 0x00,
    0xd8, 0x2d, 0x56, 0x00, 0xd6, 0x28, 0x50, 0x00, 0xd5, 0x26, 0x4d, 0x00, 0xd5, 0x26, 0x4d, 0x00,
    0xd2, 0x25, 0x4c, 0x00, 0xd1, 0x25, 0x4c, 0x00, 0xd2, 0x21, 0x44, 0x00, 0xd3, 0x1e, 0x39, 0x00,
    0xd4, 0x1d, 0x35, 0x00, 0xd4, 0x1e, 0x35, 0x00, 0xd4, 0x1c, 0x34, 0x00, 0xd5, 0x20, 0x36, 0x00,
    0xd5, 0x1e, 0x2e, 0x00, 0xd2, 0x16, 0x22, 0x00, 0xd0, 0x0b, 0x12, 0x00, 0xd0, 0x03, 0x06, 0x00,
    0xd7, 0x00, 0x01, 0x00, 0xc8, 0x00, 0x01, 0x00, 0xad, 0x02, 0x01, 0x00, 0x90, 0x02, 0x00, 0x00,
    0x80, 0x00, 0x00, 0x00, 0x82, 0x00, 0x00, 0x00, 0x82, 0x00, 0x00, 0x00, 0x81, 0x01, 0x01, 0x00,
    0x83, 0x01, 0x01, 0x00, 0x88, 0x00, 0x01, 0x00, 0x8a, 0x00, 0x01, 0x00, 0x91, 0x00, 0x01, 0x00,
    0xb4, 0x01, 0x01, 0x00, 0xd0, 0x02, 0x00, 0x00, 0xd9, 0x04, 0x01, 0x00, 0xdb, 0x01, 0x02, 0x00,
    0xda, 0x01, 0x01, 0x00, 0xdb, 0x01, 0x02, 0x00, 0xdd, 0x01, 0x01, 0x00, 0xdd, 0x01, 0x01, 0x00,
    0xdd, 0x01, 0x01, 0x00, 0xdd, 0x01, 0x01, 0x00, 0xda, 0x01, 0x02, 0x00, 0xda, 0x01, 0x01, 0x00,
    0xdb, 0x01, 0x02, 0x00, 0xdb, 0x01, 0x01, 0x00, 0xdc, 0x01, 0x00, 0x00, 0xdc, 0x01, 0x00, 0x00,
    0x83, 0x01, 0x02, 0x00, 0x83, 0x01, 0x02, 0x00, 0x83, 0x01, 0x02, 0x00, 0x84, 0x01, 0x01, 0x00,
    0x83, 0x00, 0x00, 0x00, 0x7e, 0x01, 0x00, 0x00, 0x80, 0x02, 0x01, 0x00, 0x7b, 0x01, 0x00, 0x00,
    0x7d, 0x00, 0x00, 0x00, 0x87, 0x01, 0x01, 0x00, 0x8d, 0x01, 0x02, 0x00, 0x9a, 0x03, 0x00, 0x00,
    0xa9, 0x00, 0x00, 0x00, 0xa0, 0x02, 0x00, 0x00, 0x92, 0x03, 0x00, 0x00, 0x9b, 0x01, 0x01, 0x00,
    0x9e, 0x00, 0x01, 0x00, 0x9b, 0x00, 0x01, 0x00, 0xc4, 0x00, 0x00, 0x00, 0xe1, 0x00, 0x00, 0x00,
    0xd9, 0x01, 0x00, 0x00, 0xd7, 0x01, 0x00, 0x00, 0xdd, 0x01, 0x00, 0x00, 0xdd, 0x01, 0x00, 0x00,
    0xdc, 0x03, 0x01, 0x00, 0xd9, 0x03, 0x02, 0x00, 0xcf, 0x03, 0x02, 0x00, 0xcc, 0x01, 0x02, 0x00,
    0xd9, 0x00, 0x03, 0x00, 0xc9, 0x00, 0x01, 0x00, 0xb2, 0x01, 0x00, 0x00, 0xaa, 0x04, 0x00, 0x00,
    0xa4, 0x05, 0x00, 0x00, 0xa1, 0x02, 0x00, 0x00, 0xa1, 0x02, 0x00, 0x00, 0xa3, 0x02, 0x00, 0x00,
    0xa3, 0x03, 0x00, 0x00, 0xa7, 0x03, 0x01, 0x00, 0xb5, 0x00, 0x01, 0x00, 0xbf, 0x00, 0x01, 0x00,
    0xd4, 0x00, 0x00, 0x00, 0xd8, 0x07, 0x06, 0x00, 0xcf, 0x16, 0x27, 0x00, 0xda, 0x20, 0x45, 0x00,
    0xd6, 0x29, 0x4f, 0x00, 0xd4, 0x29, 0x4d, 0x00, 0xd5, 0x24, 0x4a, 0x00, 0xd5, 0x24, 0x49, 0x00,
    0xd8, 0x2a, 0x4c, 0x00, 0xd7, 0x28, 0x4b, 0x00, 0xd5, 0x26, 0x49, 0x00, 0xd5, 0x26, 0x48, 0x00,
    0xd4, 0x25, 0x4a, 0x00, 0xd4, 0x25, 0x49, 0x00, 0xd4, 0x25, 0x49, 0x00, 0xd3, 0x23, 0x4b, 0x00,
    0xd2, 0x25, 0x4f, 0x00, 0xd5, 0x29, 0x55, 0x00, 0xd3, 0x2a, 0x58, 0x00, 0xd1, 0x2c, 0x5f, 0x00,
    0xd8, 0x33, 0x64, 0x00, 0xd9, 0x31, 0x61, 0x00, 0xd3, 0x2f, 0x5c, 0x00, 0xd1, 0x30, 0x5a, 0x00,
    0xd2, 0x31, 0x5b, 0x00, 0xd3, 0x32, 0x5c, 0x00, 0xd9, 0x2d, 0x5b, 0x00, 0xd9, 0x2b, 0x5b, 0x00,
    0xd7, 0x2e, 0x5b, 0x00, 0xd6, 0x2e, 0x5b, 0x00, 0xd7, 0x2c, 0x5a, 0x00, 0xd7, 0x2c, 0x5a, 0x00,
    0xd7, 0x2c, 0x5a, 0x00, 0xd7, 0x2c, 0x58, 0x00, 0xd6, 0x2c, 0x57, 0x00, 0xd6, 0x2c, 0x57, 0x00,
    0xd5, 0x2a, 0x55, 0x00, 0xd9, 0x2d, 0x5a, 0x00, 0xda, 0x2e, 0x5c, 0x00, 0xd9, 0x2d, 0x5a, 0x00,
    0xd8, 0x2c, 0x5b, 0x00, 0xd3, 0x2a, 0x5a, 0x00, 0xd4, 0x28, 0x56, 0x00, 0xd4, 0x27, 0x51, 0x00,
    0xd5, 0x25, 0x4e, 0x00, 0xd5, 0x23, 0x46, 0x00, 0xd6, 0x1c, 0x37, 0x00, 0xd5, 0x12, 0x29, 0x00,
    0xd8, 0x0d, 0x1c, 0x00, 0xdb, 0x0a, 0x14, 0x00, 0xdd, 0x05, 0x0d, 0x00, 0xdd, 0x01, 0x08, 0x00,
    0xcd, 0x00, 0x01, 0x00, 0xc5, 0x00, 0x01, 0x00, 0xb3, 0x00, 0x02, 0x00, 0x96, 0x00, 0x01, 0x00,
    0x7e, 0x00, 0x00, 0x00, 0x82, 0x00, 0x00, 0x00, 0x81, 0x00, 0x00, 0x00, 0x84, 0x01, 0x01, 0x00,
    0x86, 0x01, 0x01, 0x00, 0x88, 0x01, 0x01, 0x00, 0x87, 0x01, 0x01, 0x00, 0x77, 0x00, 0x00, 0x00,
    0x76, 0x00, 0x00, 0x00, 0x94, 0x00, 0x00, 0x00, 0xb6, 0x00, 0x01, 0x00, 0xc2, 0x01, 0x03, 0x00,
    0xc8, 0x01, 0x03, 0x00, 0xd0, 0x00, 0x03, 0x00, 0xce, 0x00, 0x02, 0x00, 0xcc, 0x00, 0x01, 0x00,
    0xcc, 0x00, 0x01, 0x00, 0xcc, 0x00, 0x01, 0x00, 0xc4, 0x00, 0x02, 0x00, 0xbe, 0x01, 0x02, 0x00,
    0xb8, 0x01, 0x02, 0x00, 0xa8, 0x02, 0x01, 0x00, 0x94, 0x02, 0x00, 0x00, 0x96, 0x02, 0x00, 0x00,
    0x83, 0x01, 0x02, 0x00, 0x83, 0x01, 0x02, 0x00, 0x82, 0x01, 0x02, 0x00, 0x86, 0x01, 0x01, 0x00,
    0x83, 0x01, 0x00, 0x00, 0x7d, 0x03, 0x01, 0x00, 0x89, 0x03, 0x02, 0x00, 0xa1, 0x02, 0x01, 0x00,
    0xb3, 0x01, 0x01, 0x00, 0xc8, 0x00, 0x02, 0x00, 0xdb, 0x00, 0x02, 0x00, 0xd1, 0x00, 0x03, 0x00,
    0xc3, 0x02, 0x03, 0x00, 0xcc, 0x01, 0x03, 0x00, 0xde, 0x00, 0x03, 0x00, 0xe3, 0x01, 0x04, 0x00,
    0xe4, 0x01, 0x04, 0x00, 0xe9, 0x01, 0x04, 0x00, 0xdc, 0x01, 0x01, 0x00, 0xc9, 0x01, 0x00, 0x00,
    0xc0, 0x00, 0x00, 0x00, 0xc1, 0x00, 0x00, 0x00, 0xbb, 0x01, 0x00, 0x00, 0xc2, 0x01, 0x01, 0x00,
    0xd0, 0x00, 0x02, 0x00, 0xd2, 0x01, 0x02, 0x00, 0xbd, 0x02, 0x00, 0x00, 0xa7, 0x01, 0x00, 0x00,
    0x8a, 0x04, 0x00, 0x00, 0x8e, 0x04, 0x00, 0x00, 0xa2, 0x01, 0x00, 0x00, 0xad, 0x00, 0x00, 0x00,
    0xb0, 0x00, 0x00, 0x00, 0xb3, 0x02, 0x02, 0x00, 0xb8, 0x01, 0x02, 0x00, 0xbc, 0x01, 0x02, 0x00,
    0xc6, 0x01, 0x02, 0x00, 0xda, 0x01, 0x02, 0x00, 0xdb, 0x00, 0x02, 0x00, 0xde, 0x00, 0x03, 0x00,
    0xdd, 0x00, 0x02, 0x00, 0xd7, 0x00, 0x00, 0x00, 0xd4, 0x01, 0x01, 0x00, 0xd8, 0x01, 0x03, 0x00,
    0xd3, 0x04, 0x07, 0x00, 0xd4, 0x05, 0x09, 0x00, 0xd9, 0x05, 0x0a, 0x00, 0xd9, 0x05, 0x0b, 0x00,
    0xd5, 0x05, 0x11, 0x00, 0xd7, 0x0a, 0x15, 0x00, 0xda, 0x10, 0x1b, 0x00, 0xd6, 0x10, 0x1d, 0x00,
    0xcf, 0x0c, 0x1c, 0x00, 0xd0, 0x0d, 0x1c, 0x00, 0xd0, 0x0d, 0x1c, 0x00, 0xda, 0x0e, 0x17, 0x00,
    0xda, 0x0e, 0x16, 0x00, 0xd5, 0x0c, 0x18, 0x00, 0xd4, 0x0d, 0x1b, 0x00, 0xd6, 0x16, 0x27, 0x00,
    0xd6, 0x18, 0x25, 0x00, 0xd6, 0x14, 0x20, 0x00, 0xd6, 0x11, 0x23, 0x00, 0xd6, 0x12, 0x2b, 0x00,
    0xd6, 0x12, 0x2a, 0x00, 0xd7, 0x13, 0x2b, 0x00, 0xd7, 0x13, 0x27, 0x00, 0xd6, 0x13, 0x26, 0x00,
    0xd3, 0x14, 0x27, 0x00, 0xd3, 0x15, 0x28, 0x00, 0xd6, 0x14, 0x28, 0x00, 0xd6, 0x14, 0x28, 0x00,
    0xd6, 0x14, 0x28, 0x00, 0xd4, 0x13, 0x27, 0x00, 0xd4, 0x11, 0x23, 0x00, 0xd4, 0x11, 0x23, 0x00,
    0xd1, 0x10, 0x23, 0x00, 0xd7, 0x0d, 0x19, 0x00, 0xd9, 0x0c, 0x16, 0x00, 0xd8, 0x0c, 0x17, 0x00,
    0xda, 0x0a, 0x14, 0x00, 0xd9, 0x06, 0x08, 0x00, 0xdc, 0x05, 0x07, 0x00, 0xde, 0x07, 0x08, 0x00,
    0xdf, 0x03, 0x05, 0x00, 0xdc, 0x00, 0x00, 0x00, 0xd5, 0x00, 0x00, 0x00, 0xd1, 0x01, 0x00, 0x00,
    0xbe, 0x00, 0x00, 0x00, 0xae, 0x00, 0x00, 0x00, 0xa0, 0x03, 0x00, 0x00, 0x91, 0x04, 0x00, 0x00,
    0x7c, 0x02, 0x00, 0x00, 0x7e, 0x01, 0x00, 0x00, 0x73, 0x00, 0x00, 0x00, 0x73, 0x00, 0x00, 0x00,
    0x82, 0x00, 0x00, 0x00, 0x81, 0x00, 0x00, 0x00, 0x81, 0x00, 0x00, 0x00, 0x85, 0x01, 0x01, 0x00,
    0x86, 0x01, 0x01, 0x00, 0x82, 0x02, 0x01, 0x00, 0x81, 0x02, 0x01, 0x00, 0x8c, 0x02, 0x00, 0x00,
    0x84, 0x00, 0x00, 0x00, 0x7e, 0x00, 0x00, 0x00, 0x7e, 0x00, 0x00, 0x00, 0x7d, 0x01, 0x00, 0x00,
    0x81, 0x00, 0x00, 0x00, 0x85, 0x00, 0x00, 0x00, 0x87, 0x01, 0x00, 0x00, 0x88, 0x02, 0x00, 0x00,
    0x88, 0x02, 0x00, 0x00, 0x88, 0x02, 0x00, 0x00, 0x7e, 0x00, 0x00, 0x00, 0x7b, 0x01, 0x00, 0x00,
    0x76, 0x02, 0x00, 0x00, 0x79, 0x02, 0x00, 0x00, 0x85, 0x02, 0x00, 0x00, 0x83, 0x02, 0x00, 0x00,
    0x83, 0x01, 0x02, 0x00, 0x83, 0x01, 0x02, 0x00, 0x84, 0x01, 0x02, 0x00, 0x82, 0x01, 0x02, 0x00,
    0x81, 0x02, 0x01, 0x00, 0x90, 0x00, 0x02, 0x00, 0xad, 0x00, 0x02, 0x00, 0xc8, 0x00, 0x02, 0x00,
    0xcc, 0x01, 0x02, 0x00, 0xc2, 0x02, 0x02, 0x00, 0xb5, 0x04, 0x03, 0x00, 0x93, 0x01, 0x00, 0x00,
    0x7b, 0x02, 0x00, 0x00, 0x89, 0x01, 0x00, 0x00, 0xab, 0x00, 0x00, 0x00, 0xb7, 0x01, 0x01, 0x00,
    0xb7, 0x01, 0x01, 0x00, 0xba, 0x00, 0x01, 0x00, 0xac, 0x01, 0x01, 0x00, 0x95, 0x02, 0x01, 0x00,
    0x82, 0x02, 0x01, 0x00, 0x7b, 0x01, 0x01, 0x00, 0x80, 0x02, 0x00, 0x00, 0x8a, 0x01, 0x00, 0x00,
    0x95, 0x00, 0x01, 0x00, 0xa4, 0x00, 0x01, 0x00, 0xb1, 0x00, 0x02, 0x00, 0x9d, 0x00, 0x02, 0x00,
    0x88, 0x01, 0x03, 0x00, 0x7c, 0x02, 0x01, 0x00, 0x7d, 0x01, 0x00, 0x00, 0x7c, 0x01, 0x00, 0x00,
    0x74, 0x01, 0x00, 0x00, 0x72, 0x03, 0x00, 0x00, 0x76, 0x02, 0x00, 0x00, 0x7b, 0x01, 0x00, 0x00,
    0x7c, 0x01, 0x00, 0x00, 0x7f, 0x03, 0x00, 0x00, 0x8b, 0x01, 0x00, 0x00, 0x98, 0x00, 0x00, 0x00,
    0xa4, 0x00, 0x01, 0x00, 0xbb, 0x01, 0x01, 0x00, 0xd4, 0x01, 0x03, 0x00, 0xdd, 0x03, 0x05, 0x00,
    0xd4, 0x01, 0x00, 0x00, 0xd5, 0x01, 0x00, 0x00, 0xd8, 0x01, 0x01, 0x00, 0xdb, 0x01, 0x01, 0x00,
    0xde, 0x00, 0x00, 0x00, 0xd7, 0x00, 0x00, 0x00, 0xce, 0x02, 0x00, 0x00, 0xd4, 0x01, 0x00, 0x00,
    0xdd, 0x00, 0x00, 0x00, 0xdc, 0x00, 0x00, 0x00, 0xdc, 0x00, 0x00, 0x00, 0xda, 0x00, 0x00, 0x00,
    0xda, 0x00, 0x00, 0x00, 0xdb, 0x00, 0x05, 0x00, 0xdc, 0x01, 0x06, 0x00, 0xdc, 0x00, 0x00, 0x00,
    0xd8, 0x00, 0x00, 0x00, 0xd7, 0x00, 0x00, 0x00, 0xd6, 0x00, 0x00, 0x00, 0xd7, 0x00, 0x00, 0x00,
    0xd9, 0x00, 0x00, 0x00, 0xdc, 0x00, 0x00, 0x00, 0xda, 0x00, 0x00, 0x00, 0xd9, 0x00, 0x00, 0x00,
    0xd8, 0x00, 0x00, 0x00, 0xd7, 0x00, 0x00, 0x00, 0xd5, 0x00, 0x00, 0x00, 0xd6, 0x00, 0x00, 0x00,
    0xd7, 0x00, 0x00, 0x00, 0xd7, 0x00, 0x00, 0x00, 0xd2, 0x00, 0x00, 0x00, 0xd0, 0x00, 0x00, 0x00,
    0xd7, 0x00, 0x00, 0x00, 0xd6, 0x00, 0x00, 0x00, 0xd6, 0x00, 0x00, 0x00, 0xd2, 0x00, 0x00, 0x00,
    0xc8, 0x00, 0x00, 0x00, 0xc1, 0x00, 0x00, 0x00, 0xb9, 0x00, 0x00, 0x00, 0xb1, 0x00, 0x01, 0x00,
    0xa8, 0x01, 0x03, 0x00, 0x9e, 0x02, 0x03, 0x00, 0x90, 0x02, 0x02, 0x00, 0x81, 0x01, 0x02, 0x00,
    0x7d, 0x01, 0x04, 0x00, 0x7d, 0x01, 0x03, 0x00, 0x7b, 0x01, 0x03, 0x00, 0x7b, 0x01, 0x02, 0x00,
    0x84, 0x03, 0x03, 0x00, 0x88, 0x01, 0x03, 0x00, 0x86, 0x00, 0x03, 0x00, 0x82, 0x00, 0x02, 0x00,
    0x81, 0x00, 0x00, 0x00, 0x81, 0x00, 0x00, 0x00, 0x81, 0x00, 0x00, 0x00, 0x84, 0x00, 0x01, 0x00,
    0x83, 0x01, 0x01, 0x00, 0x81, 0x01, 0x01, 0x00, 0x7e, 0x02, 0x01, 0x00, 0x78, 0x05, 0x00, 0x00,
    0x86, 0x02, 0x00, 0x00, 0x85, 0x00, 0x00, 0x00, 0x80, 0x00, 0x00, 0x00, 0x85, 0x01, 0x01, 0x00,
    0x83, 0x01, 0x01, 0x00, 0x82, 0x01, 0x01, 0x00, 0x81, 0x01, 0x00, 0x00, 0x80, 0x00, 0x00, 0x00,
    0x80, 0x00, 0x00, 0x00, 0x80, 0x00, 0x00, 0x00, 0x83, 0x00, 0x01, 0x00, 0x84, 0x00, 0x01, 0x00,
    0x86, 0x00, 0x01, 0x00, 0x86, 0x01, 0x00, 0x00, 0x82, 0x03, 0x00, 0x00, 0x83, 0x03, 0x00, 0x00,
    0x83, 0x01, 0x02, 0x00, 0x83, 0x01, 0x02, 0x00, 0x83, 0x01, 0x02, 0x00, 0x84, 0x01, 0x02, 0x00,
    0x87, 0x00, 0x02, 0x00, 0x85, 0x00, 0x02, 0x00, 0x81, 0x01, 0x02, 0x00, 0x85, 0x01, 0x02, 0x00,
    0x8c, 0x01, 0x02, 0x00, 0x87, 0x01, 0x02, 0x00, 0x79, 0x02, 0x02, 0x00, 0x7d, 0x00, 0x00, 0x00,
    0x82, 0x00, 0x00, 0x00, 0x7f, 0x00, 0x00, 0x00, 0x7e, 0x00, 0x00, 0x00, 0x83, 0x00, 0x01, 0x00,
    0x83, 0x00, 0x01, 0x00, 0x83, 0x00, 0x01, 0x00, 0x80, 0x01, 0x02, 0x00, 0x80, 0x01, 0x02, 0x00,
    0x82, 0x01, 0x02, 0x00, 0x83, 0x01, 0x02, 0x00, 0x81, 0x00, 0x00, 0x00, 0x80, 0x00, 0x00, 0x00,
    0x7e, 0x00, 0x00, 0x00, 0x7d, 0x00, 0x00, 0x00, 0x7b, 0x00, 0x00, 0x00, 0x7e, 0x00, 0x00, 0x00,
    0x81, 0x00, 0x00, 0x00, 0x83, 0x00, 0x00, 0x00, 0x82, 0x00, 0x00, 0x00, 0x82, 0x00, 0x00, 0x00,
    0x83, 0x00, 0x00, 0x00, 0x83, 0x00, 0x00, 0x00, 0x82, 0x00, 0x00, 0x00, 0x82, 0x00, 0x00, 0x00,
    0x81, 0x00, 0x00, 0x00, 0x81, 0x00, 0x00, 0x00, 0x7f, 0x00, 0x00, 0x00, 0x7e, 0x00, 0x00, 0x00,
    0x77, 0x00, 0x01, 0x00, 0x7f, 0x01, 0x01, 0x00, 0xa0, 0x02, 0x01, 0x00, 0xbc, 0x03, 0x01, 0x00,
    0xc8, 0x02, 0x01, 0x00, 0xc9, 0x01, 0x01, 0x00, 0xc9, 0x01, 0x01, 0x00, 0xc7, 0x01, 0x01, 0x00,
    0xbf, 0x01, 0x01, 0x00, 0xb3, 0x01, 0x01, 0x00, 0xa6, 0x03, 0x01, 0x00, 0x9b, 0x03, 0x01, 0x00,
    0x94, 0x02, 0x01, 0x00, 0x95, 0x02, 0x01, 0x00, 0x95, 0x02, 0x01, 0x00, 0x93, 0x02, 0x01, 0x00,
    0x93, 0x02, 0x01, 0x00, 0x92, 0x02, 0x01, 0x00, 0x94, 0x02, 0x01, 0x00, 0x9c, 0x00, 0x01, 0x00,
    0x9d, 0x01, 0x02, 0x00, 0x9c, 0x01, 0x01, 0x00, 0xa6, 0x02, 0x01, 0x00, 0xb3, 0x03, 0x01, 0x00,
    0xb4, 0x02, 0x01, 0x00, 0xb8, 0x02, 0x01, 0x00, 0xbd, 0x01, 0x02, 0x00, 0xbf, 0x01, 0x02, 0x00,
    0xbe, 0x01, 0x02, 0x00, 0xc0, 0x01, 0x02, 0x00, 0xc8, 0x01, 0x01, 0x00, 0xcb, 0x01, 0x01, 0x00,
    0xcd, 0x01, 0x01, 0x00, 0xcf, 0x01, 0x01, 0x00, 0xd3, 0x02, 0x01, 0x00, 0xd6, 0x01, 0x01, 0x00,
    0xd4, 0x01, 0x01, 0x00, 0xd0, 0x02, 0x02, 0x00, 0xd4, 0x01, 0x02, 0x00, 0xc7, 0x02, 0x01, 0x00,
    0xab, 0x04, 0x01, 0x00, 0x98, 0x02, 0x01, 0x00, 0x8d, 0x01, 0x01, 0x00, 0x80, 0x01, 0x01, 0x00,
    0x7a, 0x00, 0x01, 0x00, 0x7c, 0x00, 0x00, 0x00, 0x7e, 0x00, 0x00, 0x00, 0x80, 0x00, 0x00, 0x00,
    0x81, 0x00, 0x00, 0x00, 0x82, 0x00, 0x00, 0x00, 0x82, 0x00, 0x00, 0x00, 0x82, 0x00, 0x00, 0x00,
    0x83, 0x01, 0x02, 0x00, 0x83, 0x01, 0x02, 0x00, 0x83, 0x01, 0x02, 0x00, 0x82, 0x01, 0x01, 0x00,
    0x81, 0x00, 0x00, 0x00, 0x81, 0x00, 0x00, 0x00, 0x81, 0x00, 0x00, 0x00, 0x81, 0x00, 0x00, 0x00,
    0x81, 0x00, 0x00, 0x00, 0x81, 0x00, 0x00, 0x00, 0x81, 0x00, 0x00, 0x00, 0x82, 0x00, 0x00, 0x00,
    0x80, 0x00, 0x00, 0x00, 0x81, 0x00, 0x00, 0x00, 0x81, 0x00, 0x00, 0x00, 0x80, 0x00, 0x00, 0x00,
    0x81, 0x00, 0x00, 0x00, 0x81, 0x00, 0x00, 0x00, 0x81, 0x00, 0x00, 0x00, 0x82, 0x00, 0x00, 0x00,
    0x81, 0x00, 0x00, 0x00, 0x81, 0x00, 0x00, 0x00, 0x81, 0x00, 0x00, 0x00, 0x81, 0x00, 0x00, 0x00,
    0x80, 0x00, 0x00, 0x00, 0x80, 0x00, 0x00, 0x00, 0x83, 0x02, 0x01, 0x00, 0x85, 0x02, 0x01, 0x00,
    0x83, 0x01, 0x02, 0x00, 0x83, 0x01, 0x02, 0x00, 0x83, 0x01, 0x02, 0x00, 0x82, 0x01, 0x02, 0x00,
    0x80, 0x01, 0x02, 0x00, 0x80, 0x01, 0x02, 0x00, 0x82, 0x01, 0x02, 0x00, 0x7e, 0x02, 0x01, 0x00,
    0x7d, 0x02, 0x00, 0x00, 0x81, 0x02, 0x00, 0x00, 0x84, 0x02, 0x00, 0x00, 0x82, 0x00, 0x00, 0x00,
    0x81, 0x00, 0x00, 0x00, 0x82, 0x00, 0x00, 0x00, 0x82, 0x01, 0x00, 0x00, 0x81, 0x02, 0x01, 0x00,
    0x82, 0x02, 0x01, 0x00, 0x82, 0x02, 0x01, 0x00, 0x83, 0x01, 0x02, 0x00, 0x84, 0x01, 0x02, 0x00,
    0x83, 0x01, 0x02, 0x00, 0x83, 0x01, 0x02, 0x00, 0x81, 0x00, 0x00, 0x00, 0x81, 0x00, 0x00, 0x00,
    0x82, 0x00, 0x00, 0x00, 0x82, 0x00, 0x00, 0x00, 0x82, 0x00, 0x00, 0x00, 0x82, 0x00, 0x00, 0x00,
    0x81, 0x00, 0x00, 0x00, 0x81, 0x00, 0x00, 0x00, 0x81, 0x00, 0x00, 0x00, 0x81, 0x00, 0x00, 0x00,
    0x81, 0x00, 0x00, 0x00, 0x81, 0x00, 0x00, 0x00, 0x81, 0x00, 0x00, 0x00, 0x81, 0x00, 0x00, 0x00,
    0x81, 0x00, 0x00, 0x00, 0x81, 0x00, 0x00, 0x00, 0x82, 0x00, 0x00, 0x00, 0x82, 0x00, 0x00, 0x00,
    0x81, 0x00, 0x01, 0x00, 0x80, 0x00, 0x01, 0x00, 0x7f, 0x00, 0x01, 0x00, 0x7e, 0x01, 0x01, 0x00,
    0x7d, 0x02, 0x00, 0x00, 0x7d, 0x01, 0x00, 0x00, 0x7d, 0x01, 0x00, 0x00, 0x7f, 0x01, 0x00, 0x00,
    0x85, 0x00, 0x01, 0x00, 0x80, 0x00, 0x00, 0x00, 0x7b, 0x01, 0x00, 0x00, 0x7c, 0x01, 0x01, 0x00,
    0x80, 0x00, 0x01, 0x00, 0x7f, 0x00, 0x01, 0x00, 0x7f, 0x00, 0x01, 0x00, 0x7f, 0x00, 0x01, 0x00,
    0x7f, 0x00, 0x01, 0x00, 0x7f, 0x00, 0x02, 0x00, 0x7e, 0x00, 0x02, 0x00, 0x7a, 0x00, 0x01, 0x00,
    0x79, 0x00, 0x01, 0x00, 0x79, 0x00, 0x01, 0x00, 0x7a, 0x01, 0x01, 0x00, 0x7c, 0x02, 0x00, 0x00,
    0x7b, 0x02, 0x00, 0x00, 0x7b, 0x02, 0x00, 0x00, 0x80, 0x01, 0x00, 0x00, 0x82, 0x01, 0x00, 0x00,
    0x82, 0x01, 0x00, 0x00, 0x81, 0x01, 0x00, 0x00, 0x7c, 0x02, 0x00, 0x00, 0x7f, 0x02, 0x00, 0x00,
    0x80, 0x01, 0x00, 0x00, 0x83, 0x04, 0x00, 0x00, 0xa3, 0x04, 0x00, 0x00, 0xcf, 0x00, 0x00, 0x00,
    0xcd, 0x00, 0x00, 0x00, 0xd3, 0x03, 0x01, 0x00, 0xdb, 0x02, 0x01, 0x00, 0xd5, 0x01, 0x00, 0x00,
    0xcb, 0x01, 0x00, 0x00, 0xca, 0x01, 0x01, 0x00, 0xb7, 0x01, 0x01, 0x00, 0xa1, 0x03, 0x02, 0x00,
    0x8e, 0x03, 0x01, 0x00, 0x81, 0x00, 0x00, 0x00, 0x82, 0x00, 0x00, 0x00, 0x81, 0x00, 0x00, 0x00,
    0x81, 0x00, 0x00, 0x00, 0x81, 0x00, 0x00, 0x00, 0x81, 0x00, 0x00, 0x00, 0x81, 0x00, 0x00, 0x00,
    0x83, 0x01, 0x02, 0x00, 0x83, 0x01, 0x02, 0x00, 0x83, 0x01, 0x02, 0x00, 0x82, 0x01, 0x01, 0x00,
    0x81, 0x00, 0x00, 0x00, 0x81, 0x00, 0x00, 0x00, 0x81, 0x00, 0x00, 0x00, 0x81, 0x00, 0x00, 0x00,
    0x81, 0x00, 0x00, 0x00, 0x81, 0x00, 0x00, 0x00, 0x81, 0x00, 0x00, 0x00, 0x81, 0x00, 0x00, 0x00,
    0x81, 0x00, 0x00, 0x00, 0x81, 0x00, 0x00, 0x00, 0x81, 0x00, 0x00, 0x00, 0x81, 0x00, 0x00, 0x00,
    0x81, 0x00, 0x00, 0x00, 0x81, 0x00, 0x00, 0x00, 0x81, 0x00, 0x00, 0x00, 0x81, 0x00, 0x00, 0x00,
    0x81, 0x00, 0x00, 0x00, 0x81, 0x00, 0x00, 0x00, 0x81, 0x00, 0x00, 0x00, 0x81, 0x00, 0x00, 0x00,
    0x81, 0x00, 0x00, 0x00, 0x81, 0x01, 0x00, 0x00, 0x83, 0x02, 0x01, 0x00, 0x85, 0x01, 0x01, 0x00,
    0x83, 0x01, 0x02, 0x00, 0x83, 0x01, 0x02, 0x00, 0x83, 0x01, 0x02, 0x00, 0x84, 0x01, 0x02, 0x00,
    0x86, 0x00, 0x02, 0x00, 0x86, 0x00, 0x02, 0x00, 0x86, 0x00, 0x02, 0x00, 0x8a, 0x00, 0x01, 0x00,
    0x84, 0x01, 0x00, 0x00, 0x81, 0x01, 0x00, 0x00, 0x89, 0x00, 0x00, 0x00, 0x82, 0x00, 0x00, 0x00,
    0x80, 0x00, 0x00, 0x00, 0x81, 0x00, 0x00, 0x00, 0x82, 0x00, 0x00, 0x00, 0x84, 0x01, 0x01, 0x00,
    0x84, 0x01, 0x01, 0x00, 0x84, 0x01, 0x01, 0x00, 0x83, 0x01, 0x02, 0x00, 0x83, 0x01, 0x02, 0x00,
    0x83, 0x01, 0x02, 0x00, 0x83, 0x01, 0x02, 0x00, 0x81, 0x00, 0x00, 0x00, 0x81, 0x00, 0x00, 0x00,
    0x81, 0x00, 0x00, 0x00, 0x81, 0x00, 0x00, 0x00, 0x81, 0x00, 0x00, 0x00, 0x81, 0x00, 0x00, 0x00,
    0x81, 0x00, 0x00, 0x00, 0x81, 0x00, 0x00, 0x00, 0x81, 0x00, 0x00, 0x00, 0x81, 0x00, 0x00, 0x00,
    0x81, 0x00, 0x00, 0x00, 0x81, 0x00, 0x00, 0x00, 0x81, 0x00, 0x00, 0x00, 0x81, 0x00, 0x00, 0x00,
    0x81, 0x00, 0x00, 0x00, 0x81, 0x00, 0x00, 0x00, 0x81, 0x00, 0x00, 0x00, 0x80, 0x00, 0x00, 0x00,
    0x85, 0x02, 0x01, 0x00, 0x88, 0x03, 0x01, 0x00, 0x84, 0x01, 0x01, 0x00, 0x81, 0x00, 0x00, 0x00,
    0x84, 0x00, 0x00, 0x00, 0x84, 0x00, 0x00, 0x00, 0x84, 0x00, 0x00, 0x00, 0x84, 0x01, 0x00, 0x00,
    0x84, 0x01, 0x02, 0x00, 0x86, 0x00, 0x02, 0x00, 0x87, 0x00, 0x01, 0x00, 0x84, 0x01, 0x01, 0x00,
    0x81, 0x02, 0x02, 0x00, 0x81, 0x02, 0x02, 0x00, 0x81, 0x02, 0x02, 0x00, 0x84, 0x02, 0x02, 0x00,
    0x85, 0x02, 0x02, 0x00, 0x85, 0x02, 0x02, 0x00, 0x85, 0x02, 0x02, 0x00, 0x87, 0x00, 0x02, 0x00,
    0x87, 0x00, 0x02, 0x00, 0x87, 0x00, 0x02, 0x00, 0x88, 0x00, 0x01, 0x00, 0x86, 0x00, 0x01, 0x00,
    0x82, 0x01, 0x01, 0x00, 0x7f, 0x02, 0x01, 0x00, 0x7e, 0x01, 0x00, 0x00, 0x7e, 0x01, 0x00, 0x00,
    0x7e, 0x01, 0x00, 0x00, 0x7f, 0x01, 0x00, 0x00, 0x84, 0x00, 0x00, 0x00, 0x86, 0x00, 0x00, 0x00,
    0x89, 0x00, 0x00, 0x00, 0x8a, 0x00, 0x00, 0x00, 0x8b, 0x01, 0x00, 0x00, 0x8d, 0x01, 0x00, 0x00,
    0x8c, 0x04, 0x00, 0x00, 0x88, 0x02, 0x00, 0x00, 0x86, 0x00, 0x00, 0x00, 0x8a, 0x01, 0x00, 0x00,
    0x8b, 0x01, 0x00, 0x00, 0x7f, 0x04, 0x00, 0x00, 0x81, 0x01, 0x00, 0x00, 0x84, 0x00, 0x00, 0x00,
    0x84, 0x00, 0x00, 0x00, 0x80, 0x00, 0x00, 0x00, 0x81, 0x00, 0x00, 0x00, 0x81, 0x00, 0x00, 0x00,
    0x81, 0x00, 0x00, 0x00, 0x81, 0x00, 0x00, 0x00, 0x81, 0x00, 0x00, 0x00, 0x81, 0x00, 0x00, 0x00,
    0x83, 0x01, 0x02, 0x00, 0x83, 0x01, 0x02, 0x00, 0x83, 0x01, 0x02, 0x00, 0x82, 0x01, 0x01, 0x00,
    0x81, 0x00, 0x00, 0x00, 0x81, 0x00, 0x00, 0x00, 0x81, 0x00, 0x00, 0x00, 0x81, 0x00, 0x00, 0x00,
    0x81, 0x00, 0x00, 0x00, 0x81, 0x00, 0x00, 0x00, 0x81, 0x00, 0x00, 0x00, 0x81, 0x00, 0x00, 0x00,
    0x81, 0x00, 0x00, 0x00, 0x81, 0x00, 0x00, 0x00, 0x81, 0x00, 0x00, 0x00, 0x81, 0x00, 0x00, 0x00,
    0x81, 0x00, 0x00, 0x00, 0x81, 0x00, 0x00, 0x00, 0x81, 0x00, 0x00, 0x00, 0x81, 0x00, 0x00, 0x00,
    0x81, 0x00, 0x00, 0x00, 0x81, 0x00, 0x00, 0x00, 0x81, 0x00, 0x00, 0x00, 0x81, 0x00, 0x00, 0x00,
    0x81, 0x00, 0x00, 0x00, 0x81, 0x01, 0x00, 0x00, 0x82, 0x02, 0x01, 0x00, 0x85, 0x02, 0x01, 0x00,
    0x82, 0x00, 0x01, 0x00, 0x82, 0x00, 0x01, 0x00, 0x82, 0x00, 0x01, 0x00, 0x83, 0x00, 0x01, 0x00,
    0x86, 0x01, 0x02, 0x00, 0x86, 0x01, 0x02, 0x00, 0x86, 0x01, 0x02, 0x00, 0x86, 0x01, 0x02, 0x00,
    0x82, 0x01, 0x01, 0x00, 0x80, 0x01, 0x01, 0x00, 0x82, 0x01, 0x01, 0x00, 0x83, 0x01, 0x01, 0x00,
    0x82, 0x01, 0x01, 0x00, 0x82, 0x01, 0x01, 0x00, 0x83, 0x01, 0x01, 0x00, 0x85, 0x01, 0x02, 0x00,
    0x85, 0x01, 0x02, 0x00, 0x85, 0x01, 0x02, 0x00, 0x84, 0x01, 0x02, 0x00, 0x83, 0x01, 0x02, 0x00,
    0x83, 0x01, 0x02, 0x00, 0x83, 0x01, 0x02, 0x00, 0x81, 0x00, 0x00, 0x00, 0x81, 0x00, 0x00, 0x00,
    0x81, 0x00, 0x00, 0x00, 0x81, 0x00, 0x00, 0x00, 0x81, 0x00, 0x00, 0x00, 0x81, 0x00, 0x00, 0x00,
    0x81, 0x00, 0x00, 0x00, 0x82, 0x01, 0x01, 0x00, 0x82, 0x01, 0x01, 0x00, 0x82, 0x01, 0x01, 0x00,
    0x82, 0x01, 0x01, 0x00, 0x82, 0x01, 0x01, 0x00, 0x82, 0x01, 0x01, 0x00, 0x82, 0x01, 0x01, 0x00,
    0x82, 0x01, 0x01, 0x00, 0x82, 0x01, 0x01, 0x00, 0x82, 0x01, 0x01, 0x00, 0x82, 0x01, 0x01, 0x00,
    0x82, 0x02, 0x02, 0x00, 0x82, 0x04, 0x02, 0x00, 0x83, 0x02, 0x01, 0x00, 0x83, 0x01, 0x02, 0x00,
    0x83, 0x01, 0x02, 0x00, 0x82, 0x01, 0x02, 0x00, 0x82, 0x01, 0x02, 0x00, 0x83, 0x01, 0x02, 0x00,
    0x83, 0x02, 0x02, 0x00, 0x84, 0x01, 0x02, 0x00, 0x86, 0x01, 0x02, 0x00, 0x84, 0x00, 0x01, 0x00,
    0x83, 0x00, 0x00, 0x00, 0x83, 0x00, 0x00, 0x00, 0x83, 0x00, 0x00, 0x00, 0x85, 0x01, 0x01, 0x00,
    0x86, 0x01, 0x01, 0x00, 0x86, 0x01, 0x01, 0x00, 0x85, 0x01, 0x01, 0x00, 0x80, 0x01, 0x01, 0x00,
    0x80, 0x01, 0x01, 0x00, 0x7f, 0x01, 0x01, 0x00, 0x84, 0x01, 0x02, 0x00, 0x88, 0x01, 0x02, 0x00,
    0x86, 0x01, 0x02, 0x00, 0x85, 0x01, 0x02, 0x00, 0x87, 0x01, 0x02, 0x00, 0x87, 0x01, 0x02, 0x00,
    0x88, 0x01, 0x02, 0x00, 0x86, 0x01, 0x02, 0x00, 0x81, 0x01, 0x02, 0x00, 0x82, 0x01, 0x02, 0x00,
    0x83, 0x01, 0x02, 0x00, 0x83, 0x01, 0x02, 0x00, 0x7e, 0x02, 0x01, 0x00, 0x7d, 0x02, 0x01, 0x00,
    0x84, 0x01, 0x01, 0x00, 0x83, 0x01, 0x02, 0x00, 0x80, 0x01, 0x02, 0x00, 0x80, 0x01, 0x02, 0x00,
    0x82, 0x01, 0x02, 0x00, 0x86, 0x01, 0x01, 0x00, 0x84, 0x01, 0x02, 0x00, 0x81, 0x01, 0x02, 0x00,
    0x81, 0x01, 0x02, 0x00, 0x82, 0x01, 0x01, 0x00, 0x82, 0x01, 0x01, 0x00, 0x82, 0x01, 0x01, 0x00,
    0x82, 0x00, 0x01, 0x00, 0x81, 0x00, 0x00, 0x00, 0x81, 0x00, 0x00, 0x00, 0x81, 0x00, 0x00, 0x00,
    0x82, 0x00, 0x01, 0x00, 0x82, 0x00, 0x01, 0x00, 0x82, 0x00, 0x01, 0x00, 0x82, 0x00, 0x01, 0x00,
    0x82, 0x01, 0x01, 0x00, 0x82, 0x01, 0x01, 0x00, 0x82, 0x01, 0x01, 0x00, 0x82, 0x01, 0x01, 0x00,
    0x82, 0x01, 0x01, 0x00, 0x82, 0x01, 0x01, 0x00, 0x82, 0x01, 0x01, 0x00, 0x82, 0x01, 0x01, 0x00,
    0x82, 0x01, 0x01, 0x00, 0x82, 0x01, 0x01, 0x00, 0x82, 0x01, 0x01, 0x00, 0x82, 0x01, 0x01, 0x00,
    0x82, 0x01, 0x01, 0x00, 0x82, 0x01, 0x01, 0x00, 0x82, 0x01, 0x01, 0x00, 0x82, 0x01, 0x01, 0x00,
    0x82, 0x01, 0x01, 0x00, 0x82, 0x01, 0x01, 0x00, 0x81, 0x00, 0x00, 0x00, 0x81, 0x00, 0x00, 0x00,
    0x81, 0x00, 0x00, 0x00, 0x81, 0x00, 0x00, 0x00, 0x82, 0x00, 0x00, 0x00, 0x86, 0x00, 0x00, 0x00,
    0x81, 0x00, 0x00, 0x00, 0x81, 0x00, 0x00, 0x00, 0x81, 0x00, 0x00, 0x00, 0x82, 0x00, 0x01, 0x00,
    0x82, 0x01, 0x02, 0x00, 0x82, 0x01, 0x02, 0x00, 0x82, 0x01, 0x02, 0x00, 0x82, 0x01, 0x02, 0x00,
    0x83, 0x01, 0x02, 0x00, 0x84, 0x01, 0x02, 0x00, 0x83, 0x01, 0x02, 0x00, 0x83, 0x01, 0x02, 0x00,
    0x83, 0x01, 0x02, 0x00, 0x83, 0x01, 0x02, 0x00, 0x83, 0x01, 0x02, 0x00, 0x83, 0x01, 0x02, 0x00,
    0x83, 0x01, 0x02, 0x00, 0x83, 0x01, 0x02, 0x00, 0x83, 0x01, 0x02, 0x00, 0x83, 0x01, 0x02, 0x00,
    0x83, 0x01, 0x02, 0x00, 0x83, 0x01, 0x02, 0x00, 0x81, 0x00, 0x00, 0x00, 0x81, 0x00, 0x00, 0x00,
    0x81, 0x00, 0x00, 0x00, 0x81, 0x00, 0x00, 0x00, 0x81, 0x00, 0x00, 0x00, 0x81, 0x00, 0x00, 0x00,
    0x81, 0x00, 0x00, 0x00, 0x82, 0x01, 0x01, 0x00, 0x83, 0x01, 0x02, 0x00, 0x83, 0x01, 0x02, 0x00,
    0x83, 0x01, 0x02, 0x00, 0x83, 0x01, 0x02, 0x00, 0x83, 0x01, 0x02, 0x00, 0x83, 0x01, 0x02, 0x00,
    0x83, 0x01, 0x02, 0x00, 0x83, 0x01, 0x02, 0x00, 0x83, 0x01, 0x02, 0x00, 0x83, 0x01, 0x02, 0x00,
    0x83, 0x01, 0x02, 0x00, 0x83, 0x00, 0x02, 0x00, 0x83, 0x01, 0x02, 0x00, 0x83, 0x01, 0x02, 0x00,
    0x83, 0x01, 0x02, 0x00, 0x83, 0x01, 0x02, 0x00, 0x83, 0x01, 0x02, 0x00, 0x83, 0x01, 0x02, 0x00,
    0x83, 0x01, 0x02, 0x00, 0x83, 0x01, 0x02, 0x00, 0x82, 0x01, 0x02, 0x00, 0x82, 0x00, 0x01, 0x00,
    0x81, 0x00, 0x00, 0x00, 0x81, 0x00, 0x00, 0x00, 0x81, 0x00, 0x00, 0x00, 0x83, 0x01, 0x02, 0x00,
    0x82, 0x01, 0x02, 0x00, 0x82, 0x01, 0x02, 0x00, 0x83, 0x01, 0x02, 0x00, 0x84, 0x01, 0x02, 0x00,
    0x84, 0x01, 0x02, 0x00, 0x84, 0x01, 0x02, 0x00, 0x83, 0x01, 0x02, 0x00, 0x82, 0x01, 0x02, 0x00,
    0x82, 0x01, 0x02, 0x00, 0x83, 0x01, 0x02, 0x00, 0x82, 0x01, 0x02, 0x00, 0x82, 0x01, 0x02, 0x00,
    0x82, 0x01, 0x02, 0x00, 0x82, 0x01, 0x02, 0x00, 0x83, 0x01, 0x02, 0x00, 0x83, 0x01, 0x02, 0x00,
    0x83, 0x01, 0x02, 0x00, 0x83, 0x01, 0x02, 0x00, 0x84, 0x01, 0x02, 0x00, 0x84, 0x01, 0x02, 0x00,
    0x83, 0x01, 0x02, 0x00, 0x83, 0x01, 0x02, 0x00, 0x84, 0x01, 0x02, 0x00, 0x84, 0x01, 0x02, 0x00,
    0x83, 0x01, 0x02, 0x00, 0x83, 0x01, 0x02, 0x00, 0x83, 0x01, 0x02, 0x00, 0x83, 0x01, 0x02, 0x00,
    0x83, 0x01, 0x02, 0x00, 0x83, 0x01, 0x02, 0x00, 0x83, 0x01, 0x02, 0x00, 0x83, 0x01, 0x02, 0x00,
    0x82, 0x00, 0x01, 0x00, 0x81, 0x00, 0x00, 0x00, 0x81, 0x00, 0x00, 0x00, 0x81, 0x00, 0x00, 0x00,
    0x81, 0x00, 0x00, 0x00, 0x81, 0x00, 0x00, 0x00, 0x81, 0x00, 0x00, 0x00, 0x82, 0x00, 0x01, 0x00,
    0x83, 0x01, 0x02, 0x00, 0x83, 0x01, 0x02, 0x00, 0x83, 0x01, 0x02, 0x00, 0x83, 0x01, 0x02, 0x00,
    0x83, 0x01, 0x02, 0x00, 0x83, 0x01, 0x02, 0x00, 0x83, 0x01, 0x02, 0x00, 0x83, 0x01, 0x02, 0x00,
    0x83, 0x01, 0x02, 0x00, 0x83, 0x01, 0x02, 0x00, 0x83, 0x01, 0x02, 0x00, 0x83, 0x01, 0x02, 0x00,
    0x83, 0x01, 0x02, 0x00, 0x83, 0x01, 0x02, 0x00, 0x83, 0x01, 0x02, 0x00, 0x83, 0x01, 0x02, 0x00,
    0x83, 0x01, 0x02, 0x00, 0x83, 0x01, 0x02, 0x00, 0x81, 0x00, 0x00, 0x00, 0x81, 0x00, 0x00, 0x00,
    0x81, 0x00, 0x00, 0x00, 0x81, 0x00, 0x00, 0x00, 0x82, 0x00, 0x00, 0x00, 0x85, 0x00, 0x00, 0x00,
    0x81, 0x00, 0x00, 0x00, 0x81, 0x00, 0x00, 0x00, 0x81, 0x00, 0x00, 0x00, 0x82, 0x00, 0x01, 0x00,
    0x83, 0x01, 0x02, 0x00, 0x83, 0x01, 0x02, 0x00, 0x83, 0x01, 0x02, 0x00, 0x83, 0x01, 0x02, 0x00,
    0x83, 0x01, 0x02, 0x00, 0x83, 0x01, 0x02, 0x00, 0x83, 0x01, 0x02, 0x00, 0x83, 0x01, 0x02, 0x00,
    0x83, 0x01, 0x02, 0x00, 0x83, 0x01, 0x02, 0x00, 0x83, 0x01, 0x02, 0x00, 0x83, 0x01, 0x02, 0x00,
    0x83, 0x01, 0x02, 0x00, 0x83, 0x01, 0x02, 0x00, 0x83, 0x01, 0x02, 0x00, 0x83, 0x01, 0x02, 0x00,
    0x83, 0x01, 0x02, 0x00, 0x83, 0x01, 0x02, 0x00, 0x81, 0x00, 0x00, 0x00, 0x81, 0x00, 0x00, 0x00,
    0x81, 0x00, 0x00, 0x00, 0x81, 0x00, 0x00, 0x00, 0x81, 0x00, 0x00, 0x00, 0x81, 0x00, 0x00, 0x00,
    0x81, 0x00, 0x00, 0x00, 0x82, 0x01, 0x01, 0x00, 0x83, 0x01, 0x02, 0x00, 0x83, 0x01, 0x02, 0x00,
    0x83, 0x01, 0x02, 0x00, 0x83, 0x01, 0x02, 0x00, 0x83, 0x01, 0x02, 0x00, 0x83, 0x01, 0x02, 0x00,
    0x83, 0x01, 0x02, 0x00, 0x83, 0x01, 0x02, 0x00, 0x83, 0x01, 0x02, 0x00, 0x83, 0x01, 0x02, 0x00,
    0x83, 0x01, 0x02, 0x00, 0x83, 0x01, 0x02, 0x00, 0x83, 0x01, 0x02, 0x00, 0x83, 0x01, 0x02, 0x00,
    0x83, 0x01, 0x02, 0x00, 0x83, 0x01, 0x02, 0x00, 0x83, 0x01, 0x02, 0x00, 0x83, 0x01, 0x02, 0x00,
    0x83, 0x01, 0x02, 0x00, 0x83, 0x01, 0x02, 0x00, 0x83, 0x01, 0x02, 0x00, 0x82, 0x00, 0x01, 0x00,
    0x81, 0x00, 0x00, 0x00, 0x81, 0x00, 0x00, 0x00, 0x81, 0x00, 0x00, 0x00, 0x83, 0x01, 0x02, 0x00,
    0x83, 0x01, 0x02, 0x00, 0x83, 0x01, 0x02, 0x00, 0x83, 0x01, 0x02, 0x00, 0x83, 0x01, 0x02, 0x00,
    0x83, 0x01, 0x02, 0x00, 0x83, 0x01, 0x02, 0x00, 0x83, 0x01, 0x02, 0x00, 0x83, 0x01, 0x02, 0x00,
    0x83, 0x01, 0x02, 0x00, 0x83, 0x01, 0x02, 0x00, 0x83, 0x01, 0x02, 0x00, 0x83, 0x01, 0x02, 0x00,
    0x83, 0x01, 0x02, 0x00, 0x83, 0x01, 0x02, 0x00, 0x83, 0x01, 0x02, 0x00, 0x83, 0x01, 0x02, 0x00,
    0x83, 0x01, 0x02, 0x00, 0x83, 0x01, 0x02, 0x00, 0x83, 0x01, 0x02, 0x00, 0x83, 0x01, 0x02, 0x00,
    0x83, 0x01, 0x02, 0x00, 0x83, 0x01, 0x02, 0x00, 0x83, 0x01, 0x02, 0x00, 0x83, 0x01, 0x02, 0x00,
    0x83, 0x01, 0x02, 0x00, 0x83, 0x01, 0x02, 0x00, 0x83, 0x01, 0x02, 0x00, 0x83, 0x01, 0x02, 0x00,
    0x83, 0x01, 0x02, 0x00, 0x83, 0x01, 0x02, 0x00, 0x83, 0x01, 0x02, 0x00, 0x83, 0x01, 0x02, 0x00,
    0x82, 0x00, 0x01, 0x00, 0x81, 0x00, 0x00, 0x00, 0x81, 0x00, 0x00, 0x00, 0x81, 0x00, 0x00, 0x00,
    0x81, 0x00, 0x00, 0x00, 0x81, 0x00, 0x00, 0x00, 0x81, 0x00, 0x00, 0x00, 0x82, 0x00, 0x01, 0x00,
    0x83, 0x01, 0x02, 0x00, 0x83, 0x01, 0x02, 0x00, 0x83, 0x01, 0x02, 0x00, 0x83, 0x01, 0x02, 0x00,
    0x83, 0x01, 0x02, 0x00, 0x83, 0x01, 0x02, 0x00, 0x83, 0x01, 0x02, 0x00, 0x83, 0x01, 0x02, 0x00,
    0x83, 0x01, 0x02, 0x00, 0x83, 0x01, 0x02, 0x00, 0x83, 0x01, 0x02, 0x00, 0x83, 0x01, 0x02, 0x00,
    0x83, 0x01, 0x02, 0x00, 0x83, 0x01, 0x02, 0x00, 0x83, 0x01, 0x02, 0x00, 0x83, 0x01, 0x02, 0x00,
    0x83, 0x01, 0x02, 0x00, 0x83, 0x01, 0x02, 0x00, 0x81, 0x00, 0x00, 0x00, 0x81, 0x00, 0x00, 0x00,
    0x81, 0x00, 0x00, 0x00, 0x81, 0x00, 0x00, 0x00, 0x82, 0x00, 0x00, 0x00, 0x85, 0x00, 0x00, 0x00,
    0x81, 0x00, 0x00, 0x00, 0x81, 0x00, 0x00, 0x00, 0x81, 0x00, 0x00, 0x00, 0x82, 0x00, 0x01, 0x00,
    0x83, 0x01, 0x02, 0x00, 0x83, 0x01, 0x02, 0x00, 0x83, 0x01, 0x02, 0x00, 0x83, 0x01, 0x02, 0x00,
    0x83, 0x01, 0x02, 0x00, 0x83, 0x01, 0x02, 0x00, 0x83, 0x01, 0x02, 0x00, 0x83, 0x01, 0x02, 0x00,
    0x83, 0x01, 0x02, 0x00, 0x83, 0x01, 0x02, 0x00, 0x83, 0x01, 0x02, 0x00, 0x83, 0x01, 0x02, 0x00,
    0x83, 0x01, 0x02, 0x00, 0x83, 0x01, 0x02, 0x00, 0x83, 0x01, 0x02, 0x00, 0x83, 0x01, 0x02, 0x00,
    0x83, 0x01, 0x02, 0x00, 0x83, 0x01, 0x02, 0x00, 0x81, 0x00, 0x00, 0x00, 0x81, 0x00, 0x00, 0x00,
    0x81, 0x00, 0x00, 0x00, 0x81, 0x00, 0x00, 0x00, 0x81, 0x00, 0x00, 0x00, 0x81, 0x00, 0x00, 0x00,
    0x81, 0x00, 0x00, 0x00, 0x82, 0x01, 0x01, 0x00, 0x83, 0x01, 0x02, 0x00, 0x83, 0x01, 0x02, 0x00,
    0x83, 0x01, 0x02, 0x00, 0x83, 0x01, 0x02, 0x00, 0x83, 0x01, 0x02, 0x00, 0x83, 0x01, 0x02, 0x00,
    0x83, 0x01, 0x02, 0x00, 0x83, 0x01, 0x02, 0x00, 0x83, 0x01, 0x02, 0x00, 0x83, 0x01, 0x02, 0x00,
    0x83, 0x01, 0x02, 0x00, 0x83, 0x01, 0x02, 0x00, 0x83, 0x01, 0x02, 0x00, 0x83, 0x01, 0x02, 0x00,
    0x83, 0x01, 0x02, 0x00, 0x83, 0x01, 0x02, 0x00, 0x83, 0x01, 0x02, 0x00, 0x83, 0x01, 0x02, 0x00,
    0x83, 0x01, 0x02, 0x00, 0x83, 0x01, 0x02, 0x00, 0x83, 0x01, 0x02, 0x00, 0x82, 0x00, 0x01, 0x00,
    0x81, 0x00, 0x00, 0x00, 0x81, 0x00, 0x00, 0x00, 0x81, 0x00, 0x00, 0x00, 0x83, 0x01, 0x02, 0x00,
    0x83, 0x01, 0x02, 0x00, 0x83, 0x01, 0x02, 0x00, 0x83, 0x01, 0x02, 0x00, 0x83, 0x01, 0x02, 0x00,
    0x83, 0x01, 0x02, 0x00, 0x83, 0x01, 0x02, 0x00, 0x83, 0x01, 0x02, 0x00, 0x83, 0x01, 0x02, 0x00,
    0x83, 0x01, 0x02, 0x00, 0x83, 0x01, 0x02, 0x00, 0x83, 0x01, 0x02, 0x00, 0x83, 0x01, 0x02, 0x00,
    0x83, 0x01, 0x02, 0x00, 0x83, 0x01, 0x02, 0x00, 0x83, 0x01, 0x02, 0x00, 0x83, 0x01, 0x02, 0x00,
    0x83, 0x01, 0x02, 0x00, 0x83, 0x01, 0x02, 0x00, 0x83, 0x01, 0x02, 0x00, 0x83, 0x01, 0x02, 0x00,
    0x83, 0x01, 0x02, 0x00, 0x83, 0x01, 0x02, 0x00, 0x83, 0x01, 0x02, 0x00, 0x83, 0x01, 0x02, 0x00,
    0x83, 0x01, 0x02, 0x00, 0x83, 0x01, 0x02, 0x00, 0x83, 0x01, 0x02, 0x00, 0x83, 0x01, 0x02, 0x00,
    0x83, 0x01, 0x02, 0x00, 0x83, 0x01, 0x02, 0x00, 0x83, 0x01, 0x02, 0x00, 0x83, 0x01, 0x02, 0x00,
    0x82, 0x00, 0x01, 0x00, 0x81, 0x00, 0x00, 0x00, 0x81, 0x00, 0x00, 0x00, 0x81, 0x00, 0x00, 0x00,
    0x81, 0x00, 0x00, 0x00, 0x81, 0x00, 0x00, 0x00, 0x81, 0x00, 0x00, 0x00, 0x82, 0x00, 0x01, 0x00,
    0x83, 0x01, 0x02, 0x00, 0x83, 0x01, 0x02, 0x00, 0x83, 0x01, 0x02, 0x00, 0x83, 0x01, 0x02, 0x00,
    0x83, 0x01, 0x02, 0x00, 0x83, 0x01, 0x02, 0x00, 0x83, 0x01, 0x02, 0x00, 0x83, 0x01, 0x02, 0x00,
    0x83, 0x01, 0x02, 0x00, 0x83, 0x01, 0x02, 0x00, 0x83, 0x01, 0x02, 0x00, 0x83, 0x01, 0x02, 0x00,
    0x83, 0x01, 0x02, 0x00, 0x83, 0x01, 0x02, 0x00, 0x83, 0x01, 0x02, 0x00, 0x83, 0x01, 0x02, 0x00,
    0x83, 0x01, 0x02, 0x00, 0x83, 0x01, 0x02, 0x00, 0x81, 0x00, 0x00, 0x00, 0x81, 0x00, 0x00, 0x00,
    0x81, 0x00, 0x00, 0x00, 0x81, 0x00, 0x00, 0x00, 0x82, 0x00, 0x00, 0x00, 0x85, 0x00, 0x00, 0x00,
    0x83, 0x01, 0x02, 0x00, 0x83, 0x01, 0x02, 0x00, 0x83, 0x01, 0x02, 0x00, 0x83, 0x01, 0x02, 0x00,
    0x83, 0x01, 0x02, 0x00, 0x83, 0x01, 0x02, 0x00, 0x83, 0x01, 0x02, 0x00, 0x83, 0x01, 0x02, 0x00,
    0x83, 0x01, 0x02, 0x00, 0x83, 0x01, 0x02, 0x00, 0x83, 0x01, 0x02, 0x00, 0x81, 0x00, 0x00, 0x00,
    0x81, 0x00, 0x00, 0x00, 0x81, 0x00, 0x00, 0x00, 0x81, 0x00, 0x00, 0x00, 0x81, 0x00, 0x00, 0x00,
    0x81, 0x00, 0x00, 0x00, 0x81, 0x00, 0x00, 0x00, 0x82, 0x01, 0x01, 0x00, 0x83, 0x01, 0x02, 0x00,
    0x83, 0x01, 0x02, 0x00, 0x83, 0x01, 0x02, 0x00, 0x83, 0x01, 0x02, 0x00, 0x83, 0x01, 0x02, 0x00,
    0x83, 0x01, 0x02, 0x00, 0x82, 0x01, 0x01, 0x00, 0x81, 0x00, 0x00, 0x00, 0x81, 0x00, 0x00, 0x00,
    0x81, 0x00, 0x00, 0x00, 0x82, 0x01, 0x01, 0x00, 0x83, 0x01, 0x02, 0x00, 0x83, 0x01, 0x02, 0x00,
    0x83, 0x01, 0x02, 0x00, 0x83, 0x01, 0x02, 0x00, 0x83, 0x01, 0x02, 0x00, 0x83, 0x01, 0x02, 0x00,
    0x83, 0x01, 0x02, 0x00, 0x81, 0x00, 0x00, 0x00, 0x81, 0x00, 0x00, 0x00, 0x81, 0x00, 0x00, 0x00,
    0x82, 0x01, 0x01, 0x00, 0x83, 0x01, 0x02, 0x00, 0x83, 0x01, 0x02, 0x00, 0x83, 0x01, 0x02, 0x00,
    0x83, 0x01, 0x02, 0x00, 0x83, 0x01, 0x02, 0x00, 0x83, 0x01, 0x02, 0x00, 0x83, 0x01, 0x02, 0x00,
    0x83, 0x01, 0x02, 0x00, 0x83, 0x01, 0x02, 0x00, 0x83, 0x01, 0x02, 0x00, 0x82, 0x00, 0x01, 0x00,
    0x81, 0x00, 0x00, 0x00, 0x81, 0x00, 0x00, 0x00, 0x81, 0x00, 0x00, 0x00, 0x83, 0x01, 0x02, 0x00,
    0x83, 0x01, 0x02, 0x00, 0x83, 0x01, 0x02, 0x00, 0x83, 0x01, 0x02, 0x00, 0x83, 0x01, 0x02, 0x00,
    0x83, 0x01, 0x02, 0x00, 0x83, 0x01, 0x02, 0x00, 0x82, 0x01, 0x01, 0x00, 0x81, 0x00, 0x00, 0x00,
    0x81, 0x00, 0x00, 0x00, 0x81, 0x00, 0x00, 0x00, 0x83, 0x01, 0x02, 0x00, 0x83, 0x01, 0x02, 0x00,
    0x83, 0x01, 0x02, 0x00, 0x83, 0x01, 0x02, 0x00, 0x83, 0x01, 0x02, 0x00, 0x83, 0x01, 0x02, 0x00,
    0x83, 0x01, 0x02, 0x00, 0x83, 0x01, 0x02, 0x00, 0x83, 0x01, 0x02, 0x00, 0x83, 0x01, 0x02, 0x00,
    0x83, 0x01, 0x02, 0x00, 0x81, 0x00, 0x00, 0x00, 0x81, 0x00, 0x00, 0x00, 0x81, 0x00, 0x00, 0x00,
    0x81, 0x00, 0x00, 0x00, 0x81, 0x00, 0x00, 0x00, 0x81, 0x00, 0x00, 0x00, 0x81, 0x00, 0x00, 0x00,
    0x82, 0x00, 0x01, 0x00, 0x83, 0x01, 0x02, 0x00, 0x83, 0x01, 0x02, 0x00, 0x83, 0x01, 0x02, 0x00,
    0x83, 0x01, 0x02, 0x00, 0x83, 0x01, 0x02, 0x00, 0x83, 0x01, 0x02, 0x00, 0x83, 0x01, 0x02, 0x00,
    0x81, 0x00, 0x00, 0x00, 0x81, 0x00, 0x00, 0x00, 0x81, 0x00, 0x00, 0x00, 0x82, 0x00, 0x01, 0x00,
    0x83, 0x01, 0x02, 0x00, 0x83, 0x01, 0x02, 0x00, 0x83, 0x01, 0x02, 0x00, 0x83, 0x01, 0x02, 0x00,
    0x83, 0x01, 0x02, 0x00, 0x83, 0x01, 0x02, 0x00, 0x83, 0x01, 0x02, 0x00, 0x81, 0x00, 0x00, 0x00,
    0x81, 0x00, 0x00, 0x00, 0x81, 0x00, 0x00, 0x00, 0x81, 0x00, 0x00, 0x00, 0x81, 0x00, 0x00, 0x00,
    0x81, 0x00, 0x00, 0x00, 0x81, 0x00, 0x00, 0x00, 0x82, 0x01, 0x01, 0x00, 0x83, 0x01, 0x02, 0x00,
    0x83, 0x01, 0x02, 0x00, 0x83, 0x01, 0x02, 0x00, 0x83, 0x01, 0x02, 0x00, 0x83, 0x01, 0x02, 0x00,
    0x83, 0x01, 0x02, 0x00, 0x83, 0x01, 0x02, 0x00, 0x83, 0x01, 0x01, 0x00, 0x86, 0x01, 0x01, 0x00,
    0x83, 0x01, 0x02, 0x00, 0x83, 0x01, 0x02, 0x00, 0x83, 0x01, 0x02, 0x00, 0x83, 0x01, 0x02, 0x00,
    0x83, 0x01, 0x02, 0x00, 0x83, 0x01, 0x02, 0x00, 0x83, 0x01, 0x02, 0x00, 0x83, 0x01, 0x02, 0x00,
    0x83, 0x01, 0x02, 0x00, 0x83, 0x01, 0x02, 0x00, 0x83, 0x01, 0x02, 0x00, 0x81, 0x00, 0x00, 0x00,
    0x81, 0x00, 0x00, 0x00, 0x81, 0x00, 0x00, 0x00, 0x81, 0x00, 0x00, 0x00, 0x81, 0x00, 0x00, 0x00,
    0x81, 0x00, 0x00, 0x00, 0x81, 0x00, 0x00, 0x00, 0x82, 0x01, 0x01, 0x00, 0x83, 0x01, 0x02, 0x00,
    0x83, 0x01, 0x02, 0x00, 0x83, 0x01, 0x02, 0x00, 0x83, 0x01, 0x02, 0x00, 0x83, 0x01, 0x02, 0x00,
    0x83, 0x01, 0x02, 0x00, 0x82, 0x01, 0x01, 0x00, 0x81, 0x00, 0x00, 0x00, 0x81, 0x00, 0x00, 0x00,
    0x81, 0x00, 0x00, 0x00, 0x82, 0x01, 0x01, 0x00, 0x83, 0x01, 0x02, 0x00, 0x83, 0x01, 0x02, 0x00,
    0x83, 0x01, 0x02, 0x00, 0x83, 0x01, 0x02, 0x00, 0x83, 0x01, 0x02, 0x00, 0x83, 0x01, 0x02, 0x00,
    0x83, 0x01, 0x02, 0x00, 0x81, 0x00, 0x00, 0x00, 0x81, 0x00, 0x00, 0x00, 0x81, 0x00, 0x00, 0x00,
    0x82, 0x01, 0x01, 0x00, 0x83, 0x01, 0x02, 0x00, 0x83, 0x01, 0x02, 0x00, 0x83, 0x01, 0x02, 0x00,
    0x83, 0x01, 0x02, 0x00, 0x83, 0x01, 0x02, 0x00, 0x83, 0x01, 0x02, 0x00, 0x83, 0x01, 0x02, 0x00,
    0x83, 0x01, 0x02, 0x00, 0x83, 0x01, 0x02, 0x00, 0x83, 0x01, 0x02, 0x00, 0x82, 0x00, 0x01, 0x00,
    0x81, 0x00, 0x00, 0x00, 0x81, 0x00, 0x00, 0x00, 0x81, 0x00, 0x00, 0x00, 0x83, 0x01, 0x02, 0x00,
    0x83, 0x01, 0x02, 0x00, 0x83, 0x01, 0x02, 0x00, 0x83, 0x01, 0x02, 0x00, 0x83, 0x01, 0x02, 0x00,
    0x83, 0x01, 0x02, 0x00, 0x83, 0x01, 0x02, 0x00, 0x82, 0x01, 0x01, 0x00, 0x81, 0x00, 0x00, 0x00,
    0x81, 0x00, 0x00, 0x00, 0x81, 0x00, 0x00, 0x00, 0x83, 0x01, 0x02, 0x00, 0x83, 0x01, 0x02, 0x00,
    0x83, 0x01, 0x02, 0x00, 0x83, 0x01, 0x02, 0x00, 0x83, 0x01, 0x02, 0x00, 0x83, 0x01, 0x02, 0x00,
    0x83, 0x01, 0x02, 0x00, 0x83, 0x01, 0x02, 0x00, 0x83, 0x01, 0x02, 0x00, 0x83, 0x01, 0x02, 0x00,
    0x83, 0x01, 0x02, 0x00, 0x81, 0x00, 0x00, 0x00, 0x81, 0x00, 0x00, 0x00, 0x81, 0x00, 0x00, 0x00,
    0x81, 0x00, 0x00, 0x00, 0x81, 0x00, 0x00, 0x00, 0x81, 0x00, 0x00, 0x00, 0x81, 0x00, 0x00, 0x00,
    0x82, 0x00, 0x01, 0x00, 0x83, 0x01, 0x02, 0x00, 0x83, 0x01, 0x02, 0x00, 0x83, 0x01, 0x02, 0x00,
    0x83, 0x01, 0x02, 0x00, 0x83, 0x01, 0x02, 0x00, 0x83, 0x01, 0x02, 0x00, 0x83, 0x01, 0x02, 0x00,
    0x81, 0x00, 0x00, 0x00, 0x81, 0x00, 0x00, 0x00, 0x81, 0x00, 0x00, 0x00, 0x82, 0x00, 0x01, 0x00,
    0x83, 0x01, 0x02, 0x00, 0x83, 0x01, 0x02, 0x00, 0x83, 0x01, 0x02, 0x00, 0x83, 0x01, 0x02, 0x00,
    0x83, 0x01, 0x02, 0x00, 0x83, 0x01, 0x02, 0x00, 0x83, 0x01, 0x02, 0x00, 0x81, 0x00, 0x00, 0x00,
    0x81, 0x00, 0x00, 0x00, 0x81, 0x00, 0x00, 0x00, 0x81, 0x00, 0x00, 0x00, 0x81, 0x00, 0x00, 0x00,
    0x81, 0x00, 0x00, 0x00, 0x81, 0x00, 0x00, 0x00, 0x82, 0x01, 0x01, 0x00, 0x83, 0x01, 0x02, 0x00,
    0x83, 0x01, 0x02, 0x00, 0x83, 0x01, 0x02, 0x00, 0x83, 0x01, 0x02, 0x00, 0x83, 0x01, 0x02, 0x00,
    0x83, 0x01, 0x02, 0x00, 0x83, 0x01, 0x02, 0x00, 0x83, 0x01, 0x01, 0x00, 0x86, 0x01, 0x01, 0x00,
    0x83, 0x01, 0x02, 0x00, 0x83, 0x01, 0x02, 0x00, 0x83, 0x01, 0x02, 0x00, 0x83, 0x01, 0x02, 0x00,
    0x83, 0x01, 0x02, 0x00, 0x83, 0x01, 0x02, 0x00, 0x83, 0x01, 0x02, 0x00, 0x83, 0x01, 0x02, 0x00,
    0x83, 0x01, 0x02, 0x00, 0x83, 0x01, 0x02, 0x00, 0x83, 0x01, 0x02, 0x00, 0x81, 0x00, 0x00, 0x00,
    0x81, 0x00, 0x00, 0x00, 0x81, 0x00, 0x00, 0x00, 0x81, 0x00, 0x00, 0x00, 0x81, 0x00, 0x00, 0x00,
    0x81, 0x00, 0x00, 0x00, 0x81, 0x00, 0x00, 0x00, 0x82, 0x01, 0x01, 0x00, 0x83, 0x01, 0x02, 0x00,
    0x83, 0x01, 0x02, 0x00, 0x83, 0x01, 0x02, 0x00, 0x83, 0x01, 0x02, 0x00, 0x83, 0x01, 0x02, 0x00,
    0x83, 0x01, 0x02, 0x00, 0x82, 0x01, 0x01, 0x00, 0x81, 0x00, 0x00, 0x00, 0x81, 0x00, 0x00, 0x00,
    0x81, 0x00, 0x00, 0x00, 0x82, 0x01, 0x01, 0x00, 0x83, 0x01, 0x02, 0x00, 0x83, 0x01, 0x02, 0x00,
    0x83, 0x01, 0x02, 0x00, 0x83, 0x01, 0x02, 0x00, 0x83, 0x01, 0x02, 0x00, 0x83, 0x01, 0x02, 0x00,
    0x83, 0x01, 0x02, 0x00, 0x81, 0x00, 0x00, 0x00, 0x81, 0x00, 0x00, 0x00, 0x81, 0x00, 0x00, 0x00,
    0x82, 0x01, 0x01, 0x00, 0x83, 0x01, 0x02, 0x00, 0x83, 0x01, 0x02, 0x00, 0x83, 0x01, 0x02, 0x00,
    0x83, 0x01, 0x02, 0x00, 0x83, 0x01, 0x02, 0x00, 0x83, 0x01, 0x02, 0x00, 0x83, 0x01, 0x02, 0x00,
    0x83, 0x01, 0x02, 0x00, 0x83, 0x01, 0x02, 0x00, 0x83, 0x01, 0x02, 0x00, 0x82, 0x00, 0x01, 0x00,
    0x81, 0x00, 0x00, 0x00, 0x81, 0x00, 0x00, 0x00, 0x81, 0x00, 0x00, 0x00, 0x83, 0x01, 0x02, 0x00,
    0x83, 0x01, 0x02, 0x00, 0x83, 0x01, 0x02, 0x00, 0x83, 0x01, 0x02, 0x00, 0x83, 0x01, 0x02, 0x00,
    0x83, 0x01, 0x02, 0x00, 0x83, 0x01, 0x02, 0x00, 0x82, 0x01, 0x01, 0x00, 0x81, 0x00, 0x00, 0x00,
    0x81, 0x00, 0x00, 0x00, 0x81, 0x00, 0x00, 0x00, 0x83, 0x01, 0x02, 0x00, 0x83, 0x01, 0x02, 0x00,
    0x83, 0x01, 0x02, 0x00, 0x83, 0x01, 0x02, 0x00, 0x83, 0x01, 0x02, 0x00, 0x83, 0x01, 0x02, 0x00,
    0x83, 0x01, 0x02, 0x00, 0x83, 0x01, 0x02, 0x00, 0x83, 0x01, 0x02, 0x00, 0x83, 0x01, 0x02, 0x00,
    0x83, 0x01, 0x02, 0x00, 0x81, 0x00, 0x00, 0x00, 0x81, 0x00, 0x00, 0x00, 0x81, 0x00, 0x00, 0x00,
    0x81, 0x00, 0x00, 0x00, 0x81, 0x00, 0x00, 0x00, 0x81, 0x00, 0x00, 0x00, 0x81, 0x00, 0x00, 0x00,
    0x82, 0x00, 0x01, 0x00, 0x83, 0x01, 0x02, 0x00, 0x83, 0x01, 0x02, 0x00, 0x83, 0x01, 0x02, 0x00,
    0x83, 0x01, 0x02, 0x00, 0x83, 0x01, 0x02, 0x00, 0x83, 0x01, 0x02, 0x00, 0x83, 0x01, 0x02, 0x00,
    0x81, 0x00, 0x00, 0x00, 0x81, 0x00, 0x00, 0x00, 0x81, 0x00, 0x00, 0x00, 0x82, 0x00, 0x01, 0x00,
    0x83, 0x01, 0x02, 0x00, 0x83, 0x01, 0x02, 0x00, 0x83, 0x01, 0x02, 0x00, 0x83, 0x01, 0x02, 0x00,
    0x83, 0x01, 0x02, 0x00, 0x83, 0x01, 0x02, 0x00, 0x83, 0x01, 0x02, 0x00, 0x81, 0x00, 0x00, 0x00,
    0x81, 0x00, 0x00, 0x00, 0x81, 0x00, 0x00, 0x00, 0x81, 0x00, 0x00, 0x00, 0x81, 0x00, 0x00, 0x00,
    0x81, 0x00, 0x00, 0x00, 0x81, 0x00, 0x00, 0x00, 0x82, 0x01, 0x01, 0x00, 0x83, 0x01, 0x02, 0x00,
    0x83, 0x01, 0x02, 0x00, 0x83, 0x01, 0x02, 0x00, 0x83, 0x01, 0x02, 0x00, 0x83, 0x01, 0x02, 0x00,
    0x83, 0x01, 0x02, 0x00, 0x83, 0x01, 0x02, 0x00, 0x83, 0x01, 0x01, 0x00, 0x86, 0x01, 0x01, 0x00,
    0x83, 0x01, 0x02, 0x00, 0x83, 0x01, 0x02, 0x00, 0x83, 0x01, 0x02, 0x00, 0x83, 0x01, 0x02, 0x00,
    0x83, 0x01, 0x02, 0x00, 0x83, 0x01, 0x02, 0x00, 0x83, 0x01, 0x02, 0x00, 0x83, 0x01, 0x02, 0x00,
    0x83, 0x01, 0x02, 0x00, 0x83, 0x01, 0x02, 0x00, 0x83, 0x01, 0x02, 0x00, 0x81, 0x00, 0x00, 0x00,
    0x81, 0x00, 0x00, 0x00, 0x81, 0x00, 0x00, 0x00, 0x81, 0x00, 0x00, 0x00, 0x81, 0x00, 0x00, 0x00,
    0x81, 0x00, 0x00, 0x00, 0x81, 0x00, 0x00, 0x00, 0x82, 0x01, 0x01, 0x00, 0x83, 0x01, 0x02, 0x00,
    0x83, 0x01, 0x02, 0x00, 0x83, 0x01, 0x02, 0x00, 0x83, 0x01, 0x02, 0x00, 0x83, 0x01, 0x02, 0x00,
    0x83, 0x01, 0x02, 0x00, 0x82, 0x01, 0x01, 0x00, 0x81, 0x00, 0x00, 0x00, 0x81, 0x00, 0x00, 0x00,
    0x81, 0x00, 0x00, 0x00, 0x82, 0x01, 0x01, 0x00, 0x83, 0x01, 0x02, 0x00, 0x83, 0x01, 0x02, 0x00,
    0x83, 0x01, 0x02, 0x00, 0x83, 0x01, 0x02, 0x00, 0x83, 0x01, 0x02, 0x00, 0x83, 0x01, 0x02, 0x00,
    0x83, 0x01, 0x02, 0x00, 0x81, 0x00, 0x00, 0x00, 0x81, 0x00, 0x00, 0x00, 0x81, 0x00, 0x00, 0x00,
    0x82, 0x01, 0x01, 0x00, 0x83, 0x01, 0x02, 0x00, 0x83, 0x01, 0x02, 0x00, 0x83, 0x01, 0x02, 0x00,
    0x83, 0x01, 0x02, 0x00, 0x83, 0x01, 0x02, 0x00, 0x83, 0x01, 0x02, 0x00, 0x83, 0x01, 0x02, 0x00,
    0x83, 0x01, 0x02, 0x00, 0x83, 0x01, 0x02, 0x00, 0x83, 0x01, 0x02, 0x00, 0x82, 0x00, 0x01, 0x00,
    0x81, 0x00, 0x00, 0x00, 0x81, 0x00, 0x00, 0x00, 0x81, 0x00, 0x00, 0x00, 0x83, 0x01, 0x02, 0x00,
    0x83, 0x01, 0x02, 0x00, 0x83, 0x01, 0x02, 0x00, 0x83, 0x01, 0x02, 0x00, 0x83, 0x01, 0x02, 0x00,
    0x83, 0x01, 0x02, 0x00, 0x83, 0x01, 0x02, 0x00, 0x82, 0x01, 0x01, 0x00, 0x81, 0x00, 0x00, 0x00,
    0x81, 0x00, 0x00, 0x00, 0x81, 0x00, 0x00, 0x00, 0x83, 0x01, 0x02, 0x00, 0x83, 0x01, 0x02, 0x00,
    0x83, 0x01, 0x02, 0x00, 0x83, 0x01, 0x02, 0x00, 0x83, 0x01, 0x02, 0x00, 0x83, 0x01, 0x02, 0x00,
    0x83, 0x01, 0x02, 0x00, 0x83, 0x01, 0x02, 0x00, 0x83, 0x01, 0x02, 0x00, 0x83, 0x01, 0x02, 0x00,
    0x83, 0x01, 0x02, 0x00, 0x81, 0x00, 0x00, 0x00, 0x81, 0x00, 0x00, 0x00, 0x81, 0x00, 0x00, 0x00,
    0x81, 0x00, 0x00, 0x00, 0x81, 0x00, 0x00, 0x00, 0x81, 0x00, 0x00, 0x00, 0x81, 0x00, 0x00, 0x00,
    0x82, 0x00, 0x01, 0x00, 0x83, 0x01, 0x02, 0x00, 0x83, 0x01, 0x02, 0x00, 0x83, 0x01, 0x02, 0x00,
    0x83, 0x01, 0x02, 0x00, 0x83, 0x01, 0x02, 0x00, 0x83, 0x01, 0x02, 0x00, 0x83, 0x01, 0x02, 0x00,
    0x81, 0x00, 0x00, 0x00, 0x81, 0x00, 0x00, 0x00, 0x81, 0x00, 0x00, 0x00, 0x82, 0x00, 0x01, 0x00,
    0x83, 0x01, 0x02, 0x00, 0x83, 0x01, 0x02, 0x00, 0x83, 0x01, 0x02, 0x00, 0x83, 0x01, 0x02, 0x00,
    0x83, 0x01, 0x02, 0x00, 0x83, 0x01, 0x02, 0x00, 0x83, 0x01, 0x02, 0x00, 0x81, 0x00, 0x00, 0x00,
    0x81, 0x00, 0x00, 0x00, 0x81, 0x00, 0x00, 0x00, 0x81, 0x00, 0x00, 0x00, 0x81, 0x00, 0x00, 0x00,
    0x81, 0x00, 0x00, 0x00, 0x81, 0x00, 0x00, 0x00, 0x82, 0x01, 0x01, 0x00, 0x83, 0x01, 0x02, 0x00,
    0x83, 0x01, 0x02, 0x00, 0x83, 0x01, 0x02, 0x00, 0x83, 0x01, 0x02, 0x00, 0x83, 0x01, 0x02, 0x00,
    0x83, 0x01, 0x02, 0x00, 0x83, 0x01, 0x02, 0x00, 0x83, 0x01, 0x01, 0x00, 0x86, 0x01, 0x01, 0x00,
    0x83, 0x01, 0x02, 0x00, 0x83, 0x01, 0x02, 0x00, 0x83, 0x01, 0x02, 0x00, 0x82, 0x01, 0x01, 0x00,
    0x81, 0x00, 0x00, 0x00, 0x81, 0x00, 0x00, 0x00, 0x81, 0x00, 0x00, 0x00, 0x81, 0x00, 0x00, 0x00,
    0x81, 0x00, 0x00, 0x00, 0x81, 0x00, 0x00, 0x00, 0x81, 0x00, 0x00, 0x00, 0x81, 0x00, 0x00, 0x00,
    0x81, 0x00, 0x00, 0x00, 0x81, 0x00, 0x00, 0x00, 0x81, 0x00, 0x00, 0x00, 0x81, 0x00, 0x00, 0x00,
    0x81, 0x00, 0x00, 0x00, 0x81, 0x00, 0x00, 0x00, 0x81, 0x00, 0x00, 0x00, 0x81, 0x00, 0x00, 0x00,
    0x81, 0x00, 0x00, 0x00, 0x81, 0x00, 0x00, 0x00, 0x81, 0x00, 0x00, 0x00, 0x81, 0x00, 0x00, 0x00,
    0x81, 0x00, 0x00, 0x00, 0x81, 0x00, 0x00, 0x00, 0x81, 0x00, 0x00, 0x00, 0x81, 0x00, 0x00, 0x00,
    0x81, 0x00, 0x00, 0x00, 0x81, 0x00, 0x00, 0x00, 0x81, 0x00, 0x00, 0x00, 0x81, 0x00, 0x00, 0x00,
    0x81, 0x00, 0x00, 0x00, 0x81, 0x00, 0x00, 0x00, 0x81, 0x00, 0x00, 0x00, 0x81, 0x00, 0x00, 0x00,
    0x81, 0x00, 0x00, 0x00, 0x81, 0x00, 0x00, 0x00, 0x81, 0x00, 0x00, 0x00, 0x81, 0x00, 0x00, 0x00,
    0x81, 0x00, 0x00, 0x00, 0x81, 0x00, 0x00, 0x00, 0x81, 0x00, 0x00, 0x00, 0x81, 0x00, 0x00, 0x00,
    0x81, 0x00, 0x00, 0x00, 0x81, 0x00, 0x00, 0x00, 0x81, 0x00, 0x00, 0x00, 0x81, 0x00, 0x00, 0x00,
    0x83, 0x01, 0x02, 0x00, 0x83, 0x01, 0x02, 0x00, 0x83, 0x01, 0x02, 0x00, 0x82, 0x00, 0x01, 0x00,
    0x81, 0x00, 0x00, 0x00, 0x81, 0x00, 0x00, 0x00, 0x81, 0x00, 0x00, 0x00, 0x81, 0x00, 0x00, 0x00,
    0x81, 0x00, 0x00, 0x00, 0x81, 0x00, 0x00, 0x00, 0x81, 0x00, 0x00, 0x00, 0x81, 0x00, 0x00, 0x00,
    0x81, 0x00, 0x00, 0x00, 0x81, 0x00, 0x00, 0x00, 0x81, 0x00, 0x00, 0x00, 0x81, 0x00, 0x00, 0x00,
    0x81, 0x00, 0x00, 0x00, 0x81, 0x00, 0x00, 0x00, 0x83, 0x01, 0x02, 0x00, 0x83, 0x01, 0x02, 0x00,
    0x83, 0x01, 0x02, 0x00, 0x83, 0x01, 0x02, 0x00, 0x83, 0x01, 0x02, 0x00, 0x83, 0x01, 0x02, 0x00,
    0x83, 0x01, 0x02, 0x00, 0x82, 0x01, 0x01, 0x00, 0x81, 0x00, 0x00, 0x00, 0x81, 0x00, 0x00, 0x00,
    0x81, 0x00, 0x00, 0x00, 0x81, 0x00, 0x00, 0x00, 0x81, 0x00, 0x00, 0x00, 0x81, 0x00, 0x00, 0x00,
    0x81, 0x00, 0x00, 0x00, 0x81, 0x00, 0x00, 0x00, 0x81, 0x00, 0x00, 0x00, 0x81, 0x00, 0x00, 0x00,
    0x81, 0x00, 0x00, 0x00, 0x81, 0x00, 0x00, 0x00, 0x81, 0x00, 0x00, 0x00, 0x81, 0x00, 0x00, 0x00,
    0x81, 0x00, 0x00, 0x00, 0x81, 0x00, 0x00, 0x00, 0x81, 0x00, 0x00, 0x00, 0x81, 0x00, 0x00, 0x00,
    0x81, 0x00, 0x00, 0x00, 0x81, 0x00, 0x00, 0x00, 0x81, 0x00, 0x00, 0x00, 0x81, 0x00, 0x00, 0x00,
    0x81, 0x00, 0x00, 0x00, 0x81, 0x00, 0x00, 0x00, 0x81, 0x00, 0x00, 0x00, 0x81, 0x00, 0x00, 0x00,
    0x81, 0x00, 0x00, 0x00, 0x81, 0x00, 0x00, 0x00, 0x81, 0x00, 0x00, 0x00, 0x81, 0x00, 0x00, 0x00,
    0x81, 0x00, 0x00, 0x00, 0x81, 0x00, 0x00, 0x00, 0x81, 0x00, 0x00, 0x00, 0x81, 0x00, 0x00, 0x00,
    0x81, 0x00, 0x00, 0x00, 0x81, 0x00, 0x00, 0x00, 0x81, 0x00, 0x00, 0x00, 0x81, 0x00, 0x00, 0x00,
    0x81, 0x00, 0x00, 0x00, 0x81, 0x00, 0x00, 0x00, 0x81, 0x00, 0x00, 0x00, 0x81, 0x00, 0x00, 0x00,
    0x81, 0x00, 0x00, 0x00, 0x82, 0x00, 0x01, 0x00, 0x83, 0x01, 0x02, 0x00, 0x86, 0x00, 0x02, 0x00,
    0x83, 0x01, 0x02, 0x00, 0x83, 0x01, 0x02, 0x00, 0x83, 0x01, 0x02, 0x00, 0x82, 0x01, 0x01, 0x00,
    0x81, 0x00, 0x00, 0x00, 0x81, 0x00, 0x00, 0x00, 0x81, 0x00, 0x00, 0x00, 0x81, 0x00, 0x00, 0x00,
    0x81, 0x00, 0x00, 0x00, 0x81, 0x00, 0x00, 0x00, 0x81, 0x00, 0x00, 0x00, 0x81, 0x00, 0x00, 0x00,
    0x81, 0x00, 0x00, 0x00, 0x81, 0x00, 0x00, 0x00, 0x81, 0x00, 0x00, 0x00, 0x81, 0x00, 0x00, 0x00,
    0x81, 0x00, 0x00, 0x00, 0x81, 0x00, 0x00, 0x00, 0x81, 0x00, 0x00, 0x00, 0x81, 0x00, 0x00, 0x00,
    0x81, 0x00, 0x00, 0x00, 0x81, 0x00, 0x00, 0x00, 0x81, 0x00, 0x00, 0x00, 0x81, 0x00, 0x00, 0x00,
    0x81, 0x00, 0x00, 0x00, 0x81, 0x00, 0x00, 0x00, 0x81, 0x00, 0x00, 0x00, 0x81, 0x00, 0x00, 0x00,
    0x81, 0x00, 0x00, 0x00, 0x81, 0x00, 0x00, 0x00, 0x81, 0x00, 0x00, 0x00, 0x81, 0x00, 0x00, 0x00,
    0x81, 0x00, 0x00, 0x00, 0x81, 0x00, 0x00, 0x00, 0x81, 0x00, 0x00, 0x00, 0x81, 0x00, 0x00, 0x00,
    0x81, 0x00, 0x00, 0x00, 0x81, 0x00, 0x00, 0x00, 0x81, 0x00, 0x00, 0x00, 0x81, 0x00, 0x00, 0x00,
    0x81, 0x00, 0x00, 0x00, 0x81, 0x00, 0x00, 0x00, 0x81, 0x00, 0x00, 0x00, 0x81, 0x00, 0x00, 0x00,
    0x81, 0x00, 0x00, 0x00, 0x81, 0x00, 0x00, 0x00, 0x81, 0x00, 0x00, 0x00, 0x81, 0x00, 0x00, 0x00,
    0x83, 0x01, 0x02, 0x00, 0x83, 0x01, 0x02, 0x00, 0x83, 0x01, 0x02, 0x00, 0x82, 0x00, 0x01, 0x00,
    0x81, 0x00, 0x00, 0x00, 0x81, 0x00, 0x00, 0x00, 0x81, 0x00, 0x00, 0x00, 0x81, 0x00, 0x00, 0x00,
    0x81, 0x00, 0x00, 0x00, 0x81, 0x00, 0x00, 0x00, 0x81, 0x00, 0x00, 0x00, 0x81, 0x00, 0x00, 0x00,
    0x81, 0x00, 0x00, 0x00, 0x81, 0x00, 0x00, 0x00, 0x81, 0x00, 0x00, 0x00, 0x81, 0x00, 0x00, 0x00,
    0x81, 0x00, 0x00, 0x00, 0x81, 0x00, 0x00, 0x00, 0x83, 0x01, 0x02, 0x00, 0x83, 0x01, 0x02, 0x00,
    0x83, 0x01, 0x02, 0x00, 0x83, 0x01, 0x02, 0x00, 0x83, 0x01, 0x02, 0x00, 0x83, 0x01, 0x02, 0x00,
    0x83, 0x01, 0x02, 0x00, 0x82, 0x01, 0x01, 0x00, 0x81, 0x00, 0x00, 0x00, 0x81, 0x00, 0x00, 0x00,
    0x81, 0x00, 0x00, 0x00, 0x81, 0x00, 0x00, 0x00, 0x81, 0x00, 0x00, 0x00, 0x81, 0x00, 0x00, 0x00,
    0x81, 0x00, 0x00, 0x00, 0x81, 0x00, 0x00, 0x00, 0x81, 0x00, 0x00, 0x00, 0x81, 0x00, 0x00, 0x00,
    0x81, 0x00, 0x00, 0x00, 0x81, 0x00, 0x00, 0x00, 0x81, 0x00, 0x00, 0x00, 0x81, 0x00, 0x00, 0x00,
    0x81, 0x00, 0x00, 0x00, 0x81, 0x00, 0x00, 0x00, 0x81, 0x00, 0x00, 0x00, 0x81, 0x00, 0x00, 0x00,
    0x81, 0x00, 0x00, 0x00, 0x81, 0x00, 0x00, 0x00, 0x81, 0x00, 0x00, 0x00, 0x81, 0x00, 0x00, 0x00,
    0x81, 0x00, 0x00, 0x00, 0x81, 0x00, 0x00, 0x00, 0x81, 0x00, 0x00, 0x00, 0x81, 0x00, 0x00, 0x00,
    0x81, 0x00, 0x00, 0x00, 0x81, 0x00, 0x00, 0x00, 0x81, 0x00, 0x00, 0x00, 0x81, 0x00, 0x00, 0x00,
    0x81, 0x00, 0x00, 0x00, 0x81, 0x00, 0x00, 0x00, 0x81, 0x00, 0x00, 0x00, 0x81, 0x00, 0x00, 0x00,
    0x81, 0x00, 0x00, 0x00, 0x81, 0x00, 0x00, 0x00, 0x81, 0x00, 0x00, 0x00, 0x81, 0x00, 0x00, 0x00,
    0x81, 0x00, 0x00, 0x00, 0x81, 0x00, 0x00, 0x00, 0x81, 0x00, 0x00, 0x00, 0x81, 0x00, 0x00, 0x00,
    0x81, 0x00, 0x00, 0x00, 0x82, 0x00, 0x01, 0x00, 0x83, 0x01, 0x02, 0x00, 0x86, 0x00, 0x02, 0x00,
    0x83, 0x01, 0x02, 0x00, 0x83, 0x01, 0x02, 0x00, 0x83, 0x01, 0x02, 0x00, 0x82, 0x01, 0x01, 0x00,
    0x81, 0x00, 0x00, 0x00, 0x81, 0x00, 0x00, 0x00, 0x81, 0x00, 0x00, 0x00, 0x81, 0x00, 0x00, 0x00,
    0x81, 0x00, 0x00, 0x00, 0x81, 0x00, 0x00, 0x00, 0x81, 0x00, 0x00, 0x00, 0x81, 0x00, 0x00, 0x00,
    0x81, 0x00, 0x00, 0x00, 0x81, 0x00, 0x00, 0x00, 0x81, 0x00, 0x00, 0x00, 0x81, 0x00, 0x00, 0x00,
    0x81, 0x00, 0x00, 0x00, 0x81, 0x00, 0x00, 0x00, 0x81, 0x00, 0x00, 0x00, 0x81, 0x00, 0x00, 0x00,
    0x81, 0x00, 0x00, 0x00, 0x81, 0x00, 0x00, 0x00, 0x81, 0x00, 0x00, 0x00, 0x81, 0x00, 0x00, 0x00,
    0x81, 0x00, 0x00, 0x00, 0x81, 0x00, 0x00, 0x00, 0x81, 0x00, 0x00, 0x00, 0x81, 0x00, 0x00, 0x00,
    0x81, 0x00, 0x00, 0x00, 0x81, 0x00, 0x00, 0x00, 0x81, 0x00, 0x00, 0x00, 0x81, 0x00, 0x00, 0x00,
    0x81, 0x00, 0x00, 0x00, 0x81, 0x00, 0x00, 0x00, 0x81, 0x00, 0x00, 0x00, 0x81, 0x00, 0x00, 0x00,
    0x81, 0x00, 0x00, 0x00, 0x81, 0x00, 0x00, 0x00, 0x81, 0x00, 0x00, 0x00, 0x81, 0x00, 0x00, 0x00,
    0x81, 0x00, 0x00, 0x00, 0x81, 0x00, 0x00, 0x00, 0x81, 0x00, 0x00, 0x00, 0x81, 0x00, 0x00, 0x00,
    0x81, 0x00, 0x00, 0x00, 0x81, 0x00, 0x00, 0x00, 0x81, 0x00, 0x00, 0x00, 0x81, 0x00, 0x00, 0x00,
    0x83, 0x01, 0x02, 0x00, 0x83, 0x01, 0x02, 0x00, 0x83, 0x01, 0x02, 0x00, 0x82, 0x00, 0x01, 0x00,
    0x81, 0x00, 0x00, 0x00, 0x81, 0x00, 0x00, 0x00, 0x81, 0x00, 0x00, 0x00, 0x81, 0x00, 0x00, 0x00,
    0x81, 0x00, 0x00, 0x00, 0x81, 0x00, 0x00, 0x00, 0x81, 0x00, 0x00, 0x00, 0x81, 0x00, 0x00, 0x00,
    0x81, 0x00, 0x00, 0x00, 0x81, 0x00, 0x00, 0x00, 0x81, 0x00, 0x00, 0x00, 0x81, 0x00, 0x00, 0x00,
    0x81, 0x00, 0x00, 0x00, 0x81, 0x00, 0x00, 0x00, 0x83, 0x01, 0x02, 0x00, 0x83, 0x01, 0x02, 0x00,
    0x83, 0x01, 0x02, 0x00, 0x83, 0x01, 0x02, 0x00, 0x83, 0x01, 0x02, 0x00, 0x83, 0x01, 0x02, 0x00,
    0x83, 0x01, 0x02, 0x00, 0x82, 0x01, 0x01, 0x00, 0x81, 0x00, 0x00, 0x00, 0x81, 0x00, 0x00, 0x00,
    0x81, 0x00, 0x00, 0x00, 0x81, 0x00, 0x00, 0x00, 0x81, 0x00, 0x00, 0x00, 0x81, 0x00, 0x00, 0x00,
    0x81, 0x00, 0x00, 0x00, 0x81, 0x00, 0x00, 0x00, 0x81, 0x00, 0x00, 0x00, 0x81, 0x00, 0x00, 0x00,
    0x81, 0x00, 0x00, 0x00, 0x81, 0x00, 0x00, 0x00, 0x81, 0x00, 0x00, 0x00, 0x81, 0x00, 0x00, 0x00,
    0x81, 0x00, 0x00, 0x00, 0x81, 0x00, 0x00, 0x00, 0x81, 0x00, 0x00, 0x00, 0x81, 0x00, 0x00, 0x00,
    0x81, 0x00, 0x00, 0x00, 0x81, 0x00, 0x00, 0x00, 0x81, 0x00, 0x00, 0x00, 0x81, 0x00, 0x00, 0x00,
    0x81, 0x00, 0x00, 0x00, 0x81, 0x00, 0x00, 0x00, 0x81, 0x00, 0x00, 0x00, 0x81, 0x00, 0x00, 0x00,
    0x81, 0x00, 0x00, 0x00, 0x81, 0x00, 0x00, 0x00, 0x81, 0x00, 0x00, 0x00, 0x81, 0x00, 0x00, 0x00,
    0x81, 0x00, 0x00, 0x00, 0x81, 0x00, 0x00, 0x00, 0x81, 0x00, 0x00, 0x00, 0x81, 0x00, 0x00, 0x00,
    0x81, 0x00, 0x00, 0x00, 0x81, 0x00, 0x00, 0x00, 0x81, 0x00, 0x00, 0x00, 0x81, 0x00, 0x00, 0x00,
    0x81, 0x00, 0x00, 0x00, 0x81, 0x00, 0x00, 0x00, 0x81, 0x00, 0x00, 0x00, 0x81, 0x00, 0x00, 0x00,
    0x81, 0x00, 0x00, 0x00, 0x82, 0x00, 0x01, 0x00, 0x83, 0x01, 0x02, 0x00, 0x86, 0x00, 0x02, 0x00,
    0x81, 0x01, 0x01, 0x00, 0x81, 0x01, 0x01, 0x00, 0x81, 0x01, 0x01, 0x00, 0x81, 0x01, 0x01, 0x00,
    0x80, 0x00, 0x00, 0x00, 0x80, 0x00, 0x00, 0x00, 0x80, 0x00, 0x00, 0x00, 0x80, 0x00, 0x00, 0x00,
    0x80, 0x00, 0x00, 0x00, 0x80, 0x00, 0x00, 0x00, 0x80, 0x00, 0x00, 0x00, 0x80, 0x00, 0x00, 0x00,
    0x80, 0x00, 0x00, 0x00, 0x80, 0x00, 0x00, 0x00, 0x80, 0x00, 0x00, 0x00, 0x80, 0x00, 0x00, 0x00,
    0x80, 0x00, 0x00, 0x00, 0x80, 0x00, 0x00, 0x00, 0x80, 0x00, 0x00, 0x00, 0x80, 0x00, 0x00, 0x00,
    0x80, 0x00, 0x00, 0x00, 0x80, 0x00, 0x00, 0x00, 0x80, 0x00, 0x00, 0x00, 0x80, 0x00, 0x00, 0x00,
    0x80, 0x00, 0x00, 0x00, 0x80, 0x00, 0x00, 0x00, 0x80, 0x00, 0x00, 0x00, 0x80, 0x00, 0x00, 0x00,
    0x80, 0x00, 0x00, 0x00, 0x80, 0x00, 0x00, 0x00, 0x80, 0x00, 0x00, 0x00, 0x80, 0x00, 0x00, 0x00,
    0x80, 0x00, 0x00, 0x00, 0x80, 0x00, 0x00, 0x00, 0x80, 0x00, 0x00, 0x00, 0x80, 0x00, 0x00, 0x00,
    0x80, 0x00, 0x00, 0x00, 0x80, 0x00, 0x00, 0x00, 0x80, 0x00, 0x00, 0x00, 0x80, 0x00, 0x00, 0x00,
    0x80, 0x00, 0x00, 0x00, 0x80, 0x00, 0x00, 0x00, 0x80, 0x00, 0x00, 0x00, 0x80, 0x00, 0x00, 0x00,
    0x80, 0x00, 0x00, 0x00, 0x80, 0x00, 0x00, 0x00, 0x80, 0x00, 0x00, 0x00, 0x80, 0x00, 0x00, 0x00,
    0x81, 0x01, 0x01, 0x00, 0x81, 0x01, 0x01, 0x00, 0x81, 0x01, 0x01, 0x00, 0x81, 0x00, 0x01, 0x00,
    0x80, 0x00, 0x00, 0x00, 0x80, 0x00, 0x00, 0x00, 0x80, 0x00, 0x00, 0x00, 0x80, 0x00, 0x00, 0x00,
    0x80, 0x00, 0x00, 0x00, 0x80, 0x00, 0x00, 0x00, 0x80, 0x00, 0x00, 0x00, 0x80, 0x00, 0x00, 0x00,
    0x80, 0x00, 0x00, 0x00, 0x80, 0x00, 0x00, 0x00, 0x80, 0x00, 0x00, 0x00, 0x80, 0x00, 0x00, 0x00,
    0x80, 0x00, 0x00, 0x00, 0x80, 0x00, 0x00, 0x00, 0x81, 0x01, 0x01, 0x00, 0x81, 0x01, 0x01, 0x00,
    0x81, 0x01, 0x01, 0x00, 0x81, 0x01, 0x01, 0x00, 0x81, 0x01, 0x01, 0x00, 0x81, 0x01, 0x01, 0x00,
    0x81, 0x01, 0x01, 0x00, 0x81, 0x01, 0x01, 0x00, 0x80, 0x00, 0x00, 0x00, 0x80, 0x00, 0x00, 0x00,
    0x80, 0x00, 0x00, 0x00, 0x80, 0x00, 0x00, 0x00, 0x80, 0x00, 0x00, 0x00, 0x80, 0x00, 0x00, 0x00,
    0x80, 0x00, 0x00, 0x00, 0x80, 0x00, 0x00, 0x00, 0x80, 0x00, 0x00, 0x00, 0x80, 0x00, 0x00, 0x00,
    0x80, 0x00, 0x00, 0x00, 0x80, 0x00, 0x00, 0x00, 0x80, 0x00, 0x00, 0x00, 0x80, 0x00, 0x00, 0x00,
    0x80, 0x00, 0x00, 0x00, 0x80, 0x00, 0x00, 0x00, 0x80, 0x00, 0x00, 0x00, 0x80, 0x00, 0x00, 0x00,
    0x80, 0x00, 0x00, 0x00, 0x80, 0x00, 0x00, 0x00, 0x80, 0x00, 0x00, 0x00, 0x80, 0x00, 0x00, 0x00,
    0x80, 0x00, 0x00, 0x00, 0x80, 0x00, 0x00, 0x00, 0x80, 0x00, 0x00, 0x00, 0x80, 0x00, 0x00, 0x00,
    0x80, 0x00, 0x00, 0x00, 0x80, 0x00, 0x00, 0x00, 0x80, 0x00, 0x00, 0x00, 0x80, 0x00, 0x00, 0x00,
    0x80, 0x00, 0x00, 0x00, 0x80, 0x00, 0x00, 0x00, 0x80, 0x00, 0x00, 0x00, 0x80, 0x00, 0x00, 0x00,
    0x80, 0x00, 0x00, 0x00, 0x80, 0x00, 0x00, 0x00, 0x80, 0x00, 0x00, 0x00, 0x80, 0x00, 0x00, 0x00,
    0x80, 0x00, 0x00, 0x00, 0x80, 0x00, 0x00, 0x00, 0x80, 0x00, 0x00, 0x00, 0x80, 0x00, 0x00, 0x00,
    0x80, 0x00, 0x00, 0x00, 0x81, 0x00, 0x01, 0x00, 0x81, 0x01, 0x01, 0x00, 0x83, 0x00, 0x01, 0x00
};

#endif
